Seat,County,Region, ,Muslim,Left,Progressives,Average,Liberal,Blues,Reforms,Labour,Conservative,Reform,LibDem,Green,Oth,SNP,Plaid
Aberdeen North,Aberdeen City,Scotland,,2.8889703,10.774664007063201,10.023641830905932,34.657689195434145,16.317218472983967,2.4177336,22.920082593612754,30.3,14.0,9.0,6.1,3.0,3.0,34.6,0
Aberdeen South,Aberdeen City,Scotland,,2.8795273999999997,14.06774457634053,17.59411076037977,23.27624144381312,22.673886920658212,3.3982769,16.11021199880837,24.7,24.4,6.9,6.3,3.5,1.4,32.8,0
Aberdeenshire North and Moray East,Aberdeenshire; Moray,Scotland,,0.2274777,8.18591656613117,3.101213491586125,35.81313850471426,17.46520719464696,0.1117,35.09534654292148,10.1,32.8,14.6,7.3,0.0,0.0,35.2,0
Airdrie and Shotts,North Lanarkshire,Scotland,,1.5756833000000001,9.832236710398105,3.824389495905119,34.00523049386712,18.89761788327591,0.1300077,31.734834416553753,51.5,4.6,8.1,2.0,0.0,2.9,30.9,0
Alloa and Grangemouth,Clackmannanshire; Falkirk,Scotland,,1.1969451,8.640228467579654,4.061402889098369,38.20591694344478,16.839171750977044,0.18217560000000002,30.87415924890015,43.8,7.6,9.2,2.8,3.4,4.2,28.9,0
Angus and Perthshire Glens,Angus; Perth and Kinross,Scotland,,0.39823460000000005,7.304932680984344,5.923643442210061,35.72429951988053,22.364751674387755,0.118,28.16613808253732,14.4,30.1,6.9,6.7,0.0,1.5,40.4,0
Arbroath and Broughty Ferry,Angus; Dundee City,Scotland,,1.0915627,8.370236994500946,5.127442892425142,35.582190673979056,22.514504615908393,0.1857667,27.128295423186465,33.4,15.5,8.6,5.1,0.0,2.1,35.3,0
"Argyll, Bute and South Lochaber",Argyll and Bute; Highland,Scotland,,0.3774206,7.421072651198157,5.498359917429609,39.012215886067565,21.41860718127639,0.1777,26.094623764028277,19.1,20.8,6.8,16.4,0.0,2.1,34.7,0
"Ayr, Carrick and Cumnock",East Ayrshire; South Ayrshire,Scotland,,0.4229219,8.445271799541972,4.656839178365052,38.949437983692775,16.720849412279065,0.21810439999999998,30.586575326121135,36.5,22.6,8.7,2.6,2.2,1.2,26.3,0
Bathgate and Linlithgow,Falkirk; West Lothian,Scotland,,0.8680096,8.486099786959828,4.897188708155465,33.250416677094506,24.900949157149405,0.2953101,27.3020259706408,47.0,7.5,8.4,5.2,3.3,1.5,27.2,0
"Berwickshire, Roxburgh and Selkirk",Scottish Borders,Scotland,,0.327173,7.640959736484203,6.354263613030009,38.44976345846279,18.348371378618396,0.1533,28.726168813404595,13.6,40.5,7.2,7.9,3.3,1.2,26.4,0
"Caithness, Sutherland and Easter Ross",Highland,Scotland,,0.3615487,6.993024730500936,3.945931002986742,37.91223009670638,20.761990272759945,0.1375,29.887775197046,7.4,4.0,7.3,49.4,3.6,1.7,26.6,0
Central Ayrshire,North Ayrshire; South Ayrshire,Scotland,,0.4174937,7.868091295591848,4.7499108170563185,35.7678460150038,21.470553337696074,0.19044940000000002,29.53565543465196,43.7,14.8,8.3,2.4,2.5,1.2,27.1,0
Coatbridge and Bellshill,North Lanarkshire,Scotland,,1.3543257,10.111362584229191,3.999382145652346,32.225117681874764,20.270882368695503,0.1063,31.932629519548193,49.8,3.6,6.7,1.7,3.2,1.6,33.4,0
Cowdenbeath and Kirkcaldy,Fife,Scotland,,1.335046,8.389136184762263,5.527318428308279,37.70954241317378,18.905497625967286,0.2558395,27.877619847788395,45.7,7.8,7.7,3.9,3.8,3.1,28.0,0
Cumbernauld and Kirkintilloch,East Dunbartonshire; North Lanarkshire,Scotland,,1.1996908,9.537754180464688,4.7510595389613695,34.91737763311497,22.59927254772052,0.1839768,26.81086849973845,45.2,4.7,7.7,3.2,4.1,0.0,35.1,0
Dumfries and Galloway,Dumfries and Galloway,Scotland,,0.5056309,7.285266457680241,5.495138127456012,39.06990423340244,16.536082550780787,0.1212,30.98677773068052,25.7,29.6,9.4,4.6,2.7,0.5,27.5,0
"Dumfriesshire, Clydesdale and Tweeddale",Dumfries and Galloway; Scottish Borders; South Lanarkshire,Scotland,,0.2361046,7.252999075083859,5.191491078702533,36.672030097377586,20.83757170661202,0.11180000000000001,29.698003442224007,23.0,34.0,8.7,6.3,3.3,0.5,24.4,0
Dundee Central,Dundee City,Scotland,,5.1271639,17.237201540729842,12.034396232681992,31.87061233770973,10.851722061256707,1.0350243,21.843879627621742,38.3,4.0,6.1,6.2,0.0,5.4,40.0,0
Dunfermline and Dollar,Clackmannanshire; Fife,Scotland,,1.2295682000000001,8.406040268456367,5.720617277785215,33.322187167029114,25.76519648421613,0.4300832,25.126307402513174,45.7,7.4,6.5,7.1,4.7,1.5,27.2,0
East Kilbride and Strathaven,South Lanarkshire,Scotland,,1.0555411000000001,8.922366692450302,5.299384255831881,36.48599100529219,23.128713000742724,0.3441982,24.763805745682895,48.6,7.6,7.2,2.3,3.9,1.3,29.2,0
East Renfrewshire,East Renfrewshire,Scotland,,5.4641422,9.05837040111008,4.8217332362262635,30.03202367454321,32.4001448353303,2.8549885,15.368597152790146,43.6,16.9,4.7,2.3,3.0,2.7,26.9,0
Edinburgh East and Musselburgh,City of Edinburgh; East Lothian,Scotland,,3.7795068,18.83866615265996,14.077362172240644,32.21707299733754,14.605623063043582,2.3292892,14.152479614718283,41.2,5.7,4.7,4.3,10.2,0.8,33.1,0
Edinburgh North and Leith,City of Edinburgh,Scotland,,3.3076244999999997,11.239567365014471,20.3927616830929,24.71537924074802,24.965577695709175,2.676069,12.70302051543543,42.1,6.6,3.7,7.8,10.9,1.5,27.4,0
Edinburgh South,City of Edinburgh,Scotland,,3.5373155000000005,17.23258639146485,12.721968224060777,29.673434720740588,23.583510076916852,2.3296221,10.921562986816932,53.3,8.5,3.9,5.9,9.1,2.7,16.5,0
Edinburgh South West,City of Edinburgh,Scotland,,3.7914248999999995,16.85547023492733,15.715208149714716,22.190447314198792,23.526802499753895,3.7571452,14.163501701405272,40.9,12.2,4.6,6.6,7.6,1.0,27.3,0
Edinburgh West,City of Edinburgh,Scotland,,2.688685,8.331103272108,8.61754343267078,36.76131570762161,25.328013772744118,3.1811944,15.09214441485549,15.0,5.5,4.2,50.8,4.0,1.1,19.4,0
Falkirk,Falkirk,Scotland,,1.5015046,9.01151401018692,4.407980581654732,37.30637769269087,18.87436779065823,0.18822099999999997,28.710034324809246,43.0,8.4,7.9,2.6,4.0,2.8,31.3,0
Glasgow East,Glasgow City,Scotland,,9.1138885,12.14504874841551,13.420227045069426,25.02240182608,17.533908560888214,1.8185648,20.945960519546848,43.9,4.8,6.7,2.5,7.7,1.3,33.2,0
Glasgow North,Glasgow City,Scotland,,6.8226192,26.21949414307277,17.514687367497437,18.270049512887454,13.739860574327077,3.6912817999999996,13.742007402215274,42.2,3.9,4.8,3.3,12.2,1.6,32.0,0
Glasgow North East,Glasgow City,Scotland,,5.0594627,14.248443843031081,12.752854934627166,30.3168825148864,10.066287113838614,1.1490657,26.40700319361674,45.9,3.5,6.7,1.7,7.2,2.7,32.3,0
Glasgow South,Glasgow City,Scotland,,7.6656424,8.156646583771295,12.219069839523451,28.769224616399924,23.234979069276463,0.7840606999999999,19.17037679102887,41.8,3.8,4.1,3.1,13.1,2.2,32.0,0
Glasgow South West,Glasgow City,Scotland,,14.2618147,11.42149798618038,10.944484756274186,27.08925082326691,14.489602705859037,1.1939399,20.599409128419484,43.6,3.9,6.3,2.7,7.6,1.5,34.4,0
Glasgow West,Glasgow City,Scotland,,5.1995236,13.63610219599449,14.669755650331993,30.448864273331807,17.287791479277562,1.607119,17.150843801064152,46.7,4.3,5.3,3.3,9.2,0.8,30.5,0
Glenrothes and Mid Fife,Fife,Scotland,,0.8622271000000001,9.326851556688972,4.049901590189865,36.58391129668687,13.765293174474689,0.1586499,35.253165381959604,44.3,5.5,9.8,4.4,0.0,0.0,36.1,0
Gordon and Buchan,Aberdeenshire,Scotland,,0.4897244,7.611818921116827,4.574549942452858,34.71294348324993,26.199585206962247,1.1610851,25.25029294621814,10.7,32.8,9.1,16.6,0.0,0.0,30.8,0
Hamilton and Clyde Valley,South Lanarkshire,Scotland,,1.1802409999999999,9.149702085402174,5.139116860793576,35.92479607265531,19.878451653120692,0.3132518,28.414440528028244,49.9,10.9,7.8,3.6,0.0,0.3,27.4,0
Inverclyde and Renfrewshire West,Inverclyde; Renfrewshire,Scotland,,0.6241116,8.493999539987264,5.034127431190226,37.51310951652239,19.45814819816684,0.18882,28.687683714133286,46.9,7.1,6.1,3.1,2.9,2.7,31.1,0
"Inverness, Skye and West Ross-shire",Highland,Scotland,,0.6752124,8.494797687861261,5.607122927347028,37.79443709796571,20.001443596310143,0.2666346,27.160351690515856,13.2,5.3,4.3,38.5,4.3,0.4,33.9,0
Kilmarnock and Loudoun,East Ayrshire,Scotland,,0.6548713,8.674402071802156,4.478885165231111,39.87093645845402,16.194391091404402,0.1044,30.02211391310831,44.9,8.3,8.2,2.0,2.9,0.9,32.8,0
Livingston,West Lothian,Scotland,,2.1005853,9.3817774494149,5.423375662230968,33.35420273780079,22.53688700309292,0.6078469,26.59532494746042,40.9,7.7,8.9,4.5,3.8,1.2,33.0,0
Lothian East,East Lothian,Scotland,,0.7173675,8.662142094475996,4.461765705287541,36.131246772715905,25.540136447981467,0.2172968,24.270044679539094,49.2,11.1,6.3,5.5,5.2,1.2,21.5,0
Mid Dunbartonshire,East Dunbartonshire; North Lanarkshire,Scotland,,1.4333647999999999,7.678842338662608,4.641410506474747,34.23587153763748,34.88192275894969,0.9604822000000001,16.168105858275467,20.8,4.7,4.0,42.4,3.3,0.9,24.1,0
Midlothian,Midlothian,Scotland,,1.2048567,8.54303797468353,4.412506392713359,35.95947052720366,23.709813517610712,0.3418413,25.828473587788736,48.6,7.4,7.4,5.9,0.0,0.6,30.1,0
"Moray West, Nairn and Strathspey",Highland; Moray,Scotland,,0.3030641,8.164005366920899,5.8074818574269775,35.381651856949375,20.908956562781228,0.1611456,29.27369465592152,17.7,30.0,7.5,8.1,3.6,0.9,32.1,0
"Motherwell, Wishaw and Carluke",North Lanarkshire; South Lanarkshire,Scotland,,1.8872956,9.637332932872791,4.9043101444704345,39.05293300323031,15.487982947762443,0.1456588,28.884486571664027,49.1,6.2,7.7,2.1,3.1,0.9,31.0,0
Na h-Eileanan an Iar,Na h-Eileanan an Iar,Scotland,,0.2218907,6.421509747759389,2.5709255160253504,40.17372759552782,18.89500594174378,0.061200000000000004,31.65574049894366,49.5,4.8,5.2,2.8,0.0,16.7,21.1,0
North Ayrshire and Arran,North Ayrshire,Scotland,,0.3955636,8.689872675380862,4.412102551101041,36.00531017938868,20.008071813652197,0.0886,30.400479180477223,39.8,14.1,8.1,2.4,3.1,1.1,31.4,0
North East Fife,Fife,Scotland,,0.656633,16.329756473687553,7.026626774761965,30.707371485914678,23.41584035395233,0.9464237,20.91734821168347,9.4,3.9,4.9,54.7,3.9,0.0,23.2,0
Orkney and Shetland,Orkney Islands; Shetland Islands,Scotland,,0.1735223,7.18450305143853,3.672951296771409,39.96199627608619,17.511560866066297,0.0867,31.408766209637573,7.2,2.8,7.7,55.1,9.9,0.0,17.3,0
Paisley and Renfrewshire North,Glasgow City; Renfrewshire,Scotland,,2.4562985,8.687465010942026,7.1844313781109985,31.175076113532697,24.84158093082454,0.593425,25.06172306658974,47.1,6.4,7.8,3.3,3.5,0.0,31.9,0
Paisley and Renfrewshire South,Renfrewshire,Scotland,,1.1582805999999999,9.839474551771348,6.837364745023431,36.47393940051122,18.09872836243383,0.2964958,27.295716540260173,47.4,5.4,7.2,3.2,4.2,1.0,31.6,0
Perth and Kinross-shire,Perth and Kinross,Scotland,,0.7679223,8.18761843083639,7.039845963601678,36.10646233419436,23.850638966754673,0.2772319,23.7702801046129,18.0,29.6,5.9,7.4,0.0,1.4,37.8,0
Rutherglen,South Lanarkshire,Scotland,,2.5765496999999997,8.776535493929973,5.289714460479497,33.94151132122049,23.298963872430786,0.427815,25.688910151939265,50.5,5.7,6.3,4.0,0.0,3.6,29.9,0
Stirling and Strathallan,Perth and Kinross; Stirling,Scotland,,0.9773742999999999,12.73290104710188,6.89713263180898,32.46471080038934,25.92228900591664,0.5235269,20.48206531478316,33.9,19.0,6.3,5.1,4.7,0.0,31.1,0
West Aberdeenshire and Kincardine,Aberdeenshire,Scotland,,0.5611868,7.343936534832666,5.982452516059817,30.962538355048963,32.51659895786736,1.3242398,21.3090470361912,13.1,35.6,7.1,13.0,2.1,0.6,28.6,0
West Dunbartonshire,Glasgow City; West Dunbartonshire,Scotland,,0.8441218,9.058173961750818,4.511532187899675,38.83548907931562,15.37149901574421,0.1552896,31.22389435528968,48.8,3.7,7.0,2.1,3.8,1.0,33.6,0
