Seat,County,Region,Superwealthy,LGBT,White,WhiteBritish,WhiteOther,Asian,Indian,Pakistani,Bangladeshi,Chinese,Black,Arab,Mixed,OtherEthnicity,Christian,NoReligion,Muslim,Hindu,Jewish,Sikh,Buddhist,Veterans,Age0to17,Age18to24,Age65plus,NoQualifications,Degrees,PublicSector,ManagerialProfessional,Intermediate,Routine,SocialRent,PrivateRent,OwnerOccupation,y2019_Turnout,y2024_Turnout,y2019_CON_share,y2024_CON_share,swing_CON,y2019_GRN_share,y2024_GRN_share,swing_GRN,y2019_LAB_share,y2024_LAB_share,swing_LAB,y2019_LD_share,y2024_LD_share,swing_LD,y2019_OTHER_share,y2024_OTHER_share,swing_OTHER,y2019_REF_share,y2024_REF_share,swing_REF,y2019_SNP_share,y2024_SNP_share,swing_SNP
Aberdeen North,Aberdeen City,Scotland,1.0,4.219518,87.6092044999999,76.5503011,11.05890339999991,6.0957962,2.3261214999999997,0.8789952,0.5020278,0.9933360999999999,3.3292734,0.7110571,1.5757597,1.3899559000000001,29.9036117,59.038081899999995,2.8889703,1.3712336,0.0465,0.0697,0.38680400000000004,5.58332249493692,19.1207066788913,10.774664007063201,22.52705928517705,15.403520068684271,31.8652071259927,32.0,29.925600000000003,17.7815,34.787099999999995,28.3086528,13.8737668,56.143512699999995,65.20076481835564,55.40003683338157,24.549643904482615,13.96447737094553,-10.585166533537084,1.2208989167514512,3.027496794415159,1.806597877663708,11.979571887405989,30.32958161181555,18.35000972440956,7.730364873222016,6.133352329391651,-1.597012543830365,0.0,3.0132497506767346,3.0132497506767346,1.6218804237237416,8.978012062497031,7.35613163877329,52.89763999441419,34.553830080258344,-18.343809914155848
Aberdeen South,Aberdeen City,Scotland,2.0,6.1100307,85.5167099,73.9028025,11.61390739999999,5.5959529,2.1564761000000003,0.7601645,0.3907888,1.0197981999999999,5.0775779,0.8806131,1.9860637,1.8236811,31.506152599999997,56.918628999999996,2.8795273999999997,1.3161769,0.0821,0.0776,0.5184399000000001,4.42934440669435,17.429952343934797,14.06774457634053,19.696070405239368,9.723558194973025,44.17318389025972,10.0,36.7203,16.0557,25.824399999999997,16.6687638,25.6026316,55.956211499999995,65.500026138324,59.90047822153289,34.35891296540165,24.38234976804402,-9.976563197357631,0.5347380182768666,3.471787679361312,2.9370496610844454,8.767309150405044,24.716797928579133,15.94948877817409,10.690769783311385,6.302729528535981,-4.3880402547754045,0.0,1.3982090840435861,1.3982090840435861,0.3890817670298097,6.902578487431223,6.513496720401413,45.259188315575244,32.82554752400475,-12.433640791570497
Aberdeenshire North and Moray East,Aberdeenshire; Moray,Scotland,0.0,2.1783619,98.1471043,92.170286,5.976818299999997,0.7910889000000001,0.1486006,0.0799,0.0348,0.1424516,0.2603241,0.0728,0.5349621,0.2664932,35.3533076,57.227026800000004,0.2274777,0.0676,0.0441,0.0297,0.18341670000000002,8.294655881182866,18.8914982592752,8.18591656613117,28.93009079941576,20.98275373217126,20.875503889347748,21.0,24.7858,20.5767,43.7746,22.5417173,8.1821196,67.5477954,64.20027699668444,54.500563730037534,48.31884247455928,32.76683775007856,-15.552004724480724,0.0,0.0,0.0,4.170752435117997,10.149785272860584,5.9790328377425865,4.419167156958881,7.285010998219336,2.865843841260455,0.0,0.0,0.0,0.0,14.564784749135853,14.564784749135853,43.09123793336384,35.23358122970567,-7.857656703658172
Airdrie and Shotts,North Lanarkshire,Scotland,0.0,2.6319232,96.6208544,93.22449239999999,3.3963620000000083,2.1570932000000003,0.2590256,1.4681699,0.0247,0.1966875,0.40734339999999997,0.11715269999999998,0.5341731,0.2805215,55.6390331,36.5287675,1.5756833000000001,0.1021077,0.0279,0.1021077,0.1021077,5.312576611914685,19.9343890919193,9.832236710398105,22.576641264163698,22.88132267727041,21.26198480072203,20.0,26.7967,20.055999999999997,37.7613,28.0440272,8.359277299999999,62.199397,65.80046008349663,52.2002818866474,17.264448185074883,4.625538646157203,-12.63890953891768,1.4588458716388277,0.0,-1.4588458716388277,33.111053562950495,51.46729940544373,18.356245842493237,3.5651085502179636,1.977308678339606,-1.5877998718783575,0.0,2.9427807778323243,2.9427807778323243,0.0,8.102874597719959,8.102874597719959,44.60054383011783,30.88419789450717,-13.716345935610658
Alloa and Grangemouth,Clackmannanshire; Falkirk,Scotland,0.0,3.0586193,96.89940820000001,93.4185716,3.4808366000000044,1.70330489999999,0.3294422,0.9152347999999999,0.0169,0.2012669,0.40253429999999996,0.22774940000000002,0.5847334,0.40994890000000006,35.2103128,57.2881248,1.1969451,0.14617560000000002,0.036000000000000004,0.0763,0.13770169999999998,7.779125935761543,19.128453850676,8.640228467579654,25.15739598883613,18.226494090015567,24.71343596027674,36.0,29.688799999999997,19.7112,37.9902,25.8557135,8.2720883,64.43894949999999,63.20058690807414,58.30055186076129,24.79959700381094,7.589621611125944,-17.209975392684996,1.4849533488107232,3.448945413946263,1.96399206513554,14.503482412720661,43.78291789034247,29.279435477621806,5.313417144859608,2.7936215140409213,-2.519795630818687,0.8366551316308205,4.228052717167059,3.3913975855362386,0.3876648123001446,9.232785611999708,8.845120799699563,52.6742301458671,28.924055241377637,-23.750174904489462
Angus and Perthshire Glens,Angus; Perth and Kinross,Scotland,0.0,2.4265908,97.9490443,93.08033420000001,4.868710099999995,0.847912,0.1375516,0.2073539,0.038,0.1683467,0.2135395,0.120101,0.7113674999999999,0.278182699999999,38.4419583,54.2964179,0.39823460000000005,0.08109999999999999,0.0369,0.0195,0.1785898,9.670069854916711,17.4071734400224,7.304932680984344,32.60935546139929,16.606524424208672,30.58899033687729,18.0,32.8256,22.068199999999997,34.8112,18.0739467,13.402837400000001,65.84694760000001,73.40048546839913,61.800715273970816,39.79698304065645,30.142772661992055,-9.654210378664395,0.0,0.0,0.0,4.2477938705855305,14.359635042662836,10.111841172077305,4.956938475958053,6.665540255132213,1.7086017791741606,0.0,1.5481118526653712,1.5481118526653712,0.5818168956797001,6.855622201571345,6.273805305891645,50.41646771712027,40.42831798597618,-9.988149731144091
Arbroath and Broughty Ferry,Angus; Dundee City,Scotland,0.0,2.6653899,96.7685982,92.7327683,4.0358298999999995,1.6237872,0.345437,0.5241806,0.0884,0.33740359999999997,0.304329,0.2861906,0.7440954,0.5593268,34.9490872,57.333654700000004,1.0915627,0.1355667,0.050199999999999995,0.0522,0.20184370000000001,9.956776108976598,19.0155277055253,8.370236994500946,29.898048566840206,16.65838434034301,29.5242712562875,22.0,33.356,20.4061,33.4529,20.2322738,10.5396438,67.7370765,67.9007360125057,57.90012468009712,30.26053257616453,15.506494095246731,-14.754038480917798,0.0,0.0,0.0,10.20834932085028,33.370356098556115,23.162006777705834,7.996316476095465,5.097808101185484,-2.898508374909981,0.5985726344869925,2.094430718317202,1.4958580838302096,0.0,8.613459664075073,8.613459664075073,50.93622899240273,35.3174513226194,-15.618777669783334
"Argyll, Bute and South Lochaber",Argyll and Bute; Highland,Scotland,0.0,2.5764461,97.7191943,93.3232403,4.3959540000000015,0.9095193999999999,0.22051079999999998,0.14042480000000002,0.055999999999999994,0.21283130000000003,0.2655691,0.1097069,0.767948,0.3378972,42.5695321,48.5512096,0.3774206,0.0998,0.0779,0.052700000000000004,0.3039114,9.691312092719114,15.880075512750699,7.421072651198157,32.92887029288699,15.464896853618152,34.10441725824465,27.0,34.3517,24.501,32.1271,19.0276462,11.4666487,67.1379606,70.70063694267516,62.20120902889468,34.51022138111854,20.841692300833667,-13.668529080284873,0.0,0.0,0.0,7.081041654345811,19.136462930765457,12.055421276419647,14.138427267530112,16.403637822656144,2.265210555126032,0.0,2.097543578083902,2.097543578083902,0.1064521852268023,6.7874816102715,6.681029425044698,44.16385751177874,34.733181757389325,-9.430675754389412
"Ayr, Carrick and Cumnock",East Ayrshire; South Ayrshire,Scotland,0.0,2.6821683,97.8454469,95.37759770000001,2.467849199999994,1.07394739999999,0.3376845,0.20814649999999998,0.0,0.2778977,0.20592639999999998,0.1306451,0.5126161,0.36204200000000003,40.5108277,51.752579600000004,0.4229219,0.1716044,0.0465,0.14171209999999998,0.16717590000000002,7.572325263108216,17.516514592492697,8.445271799541972,31.53383599619647,21.03502119116663,26.065791027541962,34.0,29.4628,20.979400000000002,35.7469,23.1535231,10.5243286,64.5877578,64.70032772315724,58.20063694267515,38.51090315934066,22.58891928864569,-15.921983870694966,0.0,2.1643541137385185,2.1643541137385185,13.347785027472527,36.47156537033418,23.123780342861657,4.631696428571429,2.640707445769005,-1.9909889828024236,0.0,1.1530193472737933,1.1530193472737933,0.0,8.657416454954074,8.657416454954074,43.50961538461539,26.324017979284736,-17.18559740533065
Bathgate and Linlithgow,Falkirk; West Lothian,Scotland,0.0,3.1793337,96.502409,90.4991266,6.003282399999998,1.5836491000000001,0.4467263,0.6340973,0.0254,0.2614725,0.6478446,0.0932,0.9188588,0.3472624,39.0604325,53.621823,0.8680096,0.2551101,0.0402,0.0593,0.152431,6.805708013172337,20.6838284379172,8.486099786959828,23.96307303858388,16.47080258722784,28.456903395411192,16.0,33.6604,20.0877,34.7341,25.077074,8.7911061,64.8846226,65.90043126910355,58.300532209779355,24.641548594785775,7.474147153215262,-17.16740144157051,2.179299828451617,3.304409841911328,1.125110013459711,18.794078403964672,47.00820159277309,28.21412318880842,8.219497214986129,5.161060263877332,-3.0584369511087965,1.2453141876866383,1.452513966480447,0.2071997787938087,1.9145646695046277,8.377510994888862,6.462946325384234,43.00569710062054,27.22215618685368,-15.783540913766856
"Berwickshire, Roxburgh and Selkirk",Scottish Borders,Scotland,0.0,2.6557325,98.067222,93.8920866,4.175135399999997,0.729868599999999,0.1552859,0.1532155,0.0228,0.1801317,0.2174507,0.0849,0.6884343,0.2971241,37.1103173,54.7186416,0.327173,0.0984,0.054900000000000004,0.0373,0.28265260000000003,8.754128796873987,17.0844497780904,7.640959736484203,33.397382310005305,18.13670972709385,29.730027009520548,28.000000000000004,31.434800000000003,23.4111,34.7476,21.9274195,14.2462382,61.006886699999995,71.20024650670524,60.9007312064252,48.445790840326644,40.5343872159457,-7.911403624380945,0.0,3.277632200695906,3.277632200695906,4.7284837993452,13.555135529876713,8.826651730531513,8.066458435253828,7.917006744275956,-0.14945169097787225,0.0,1.1813222217449202,1.1813222217449202,0.0,7.173847673869152,7.173847673869152,38.75926692507433,26.360668413591647,-12.398598511482682
"Caithness, Sutherland and Easter Ross",Highland,Scotland,0.0,2.3140106,98.0815123,94.1705485,3.9109638,0.7639006,0.1594398,0.11254570000000001,0.08549999999999999,0.1292192,0.16774999999999998,0.11462989999999999,0.6929898999999999,0.2938694,37.2384763,54.8064099,0.3615487,0.0844,0.0531,0.0146,0.2333917,8.688873762104478,17.8722828068201,6.993024730500936,32.275206087507804,17.56538786043972,28.632934636954687,25.0,31.299300000000002,22.98,36.4621,20.033378,8.948374000000001,68.4929401,70.10078983059861,61.63730791883065,17.33497723823976,4.039263377345378,-13.29571386089438,0.637329286798179,3.5636726893676163,2.9263434025694375,5.30918057663126,7.403144544822794,2.0939639681915345,33.59256449165402,49.37456567060459,15.782001178950573,1.3808801213960546,1.7264593467685891,0.3455792253725345,2.864188163884674,7.29673384294649,4.432545679061816,38.88088012139605,26.596160528144548,-12.284719593251506
Central Ayrshire,North Ayrshire; South Ayrshire,Scotland,0.0,2.2942909,97.7609234,95.8036773,1.957246099999999,1.1702212,0.45396480000000006,0.1368738,0.0182,0.3079661,0.18144000000000002,0.1551236,0.5429327,0.3444657,41.5406201,50.9376497,0.4174937,0.1471494,0.0433,0.2771884,0.159697,7.476226378383637,17.899257115956498,7.868091295591848,30.64024390243893,18.91051856698839,26.75582092807678,22.0,31.645400000000002,20.6344,34.8023,22.0054965,9.9642484,66.5880293,66.70011180231057,59.700481420623255,34.774573430180084,14.841014993119101,-19.93355843706098,0.0,2.508510586928704,2.508510586928704,14.14664546353204,43.678022163741275,29.531376700209236,4.9060901706279285,2.373306936430141,-2.5327832341977876,0.0,1.248219416209952,1.248219416209952,0.0,8.25708008401941,8.25708008401941,46.17269093565995,27.093845819551415,-19.078845116108536
Coatbridge and Bellshill,North Lanarkshire,Scotland,0.0,2.8342764,96.3709992,92.9999895,3.371009699999994,2.2030809999999903,0.5465632,1.1689501999999998,0.0242,0.2853923,0.4191167,0.1390103,0.67083,0.3359415,57.78105420000001,34.333105200000006,1.3543257,0.0937,0.0126,0.1821916,0.12321630000000001,4.690902205812743,19.4772920247685,10.111362584229191,22.32909829741256,22.80645860148594,21.29758248480292,15.0,27.078200000000002,19.633200000000002,38.1794,29.378491,8.278898,61.123733800000004,63.30046203710089,53.30003027550711,11.861600139445704,3.568201182515298,-8.293398956930407,1.5273662192783686,3.1731687795306085,1.64580256025224,36.268955900296326,49.80764762076889,13.538691720472563,2.995903782464703,1.7324623686452711,-1.2634414138194319,0.0,1.5749657896775193,1.5749657896775193,0.0,6.715550850739717,6.715550850739717,47.3461739585149,33.42800340812269,-13.918170550392212
Cowdenbeath and Kirkcaldy,Fife,Scotland,0.0,3.4327960999999996,96.02633270000001,90.2017352,5.8245975000000065,2.1563472,0.46222199999999997,0.9423433,0.031599999999999996,0.3327156,0.433809,0.22216139999999998,0.8317891000000001,0.5517183,30.2069953,61.2952473,1.335046,0.2158395,0.04,0.2095222,0.20425780000000002,8.7400604770971,18.9786744720886,8.389136184762263,27.95174504870644,17.615430462736352,28.092623356201727,31.0,32.007400000000004,19.6176,35.336,22.687871,10.9217157,64.93896289999999,67.00014210601108,56.80050100897641,22.2321201323492,7.847797324447494,-14.384322807901704,3.510223127174005,3.812417307786544,0.3021941806125392,29.485874268261643,45.72450629685892,16.238632028597277,6.464749300076356,3.9030724751310824,-2.5616768249452737,0.0,3.0822756897143138,3.0822756897143138,1.99160091626368,7.664036850100456,5.672435933836776,36.315432255875116,27.965894055961186,-8.34953819991393
Cumbernauld and Kirkintilloch,East Dunbartonshire; North Lanarkshire,Scotland,0.0,2.8858102,96.1876894,93.6175309,2.570158499999997,2.1902735,0.499668,1.0330826,0.0294,0.4670099,0.5584147,0.1317208,0.6923503999999999,0.3712131,46.5789216,44.9405054,1.1996908,0.1556768,0.0283,0.2961124,0.1404357,5.859452000788488,19.5415460160524,9.537754180464688,25.279837981334964,17.14610544127756,26.40923272169637,21.0,32.3176,21.6226,32.4696,21.13731,8.9338951,68.8693424,68.30056100187001,58.200411902563744,15.023230730938355,4.732038266302226,-10.29119246463613,0.23852982659918692,4.134127294025771,3.895597467426584,27.128100887745788,45.180105427567355,18.052004539821567,5.581597942420974,3.1579461147989067,-2.423651827622067,0.0,0.0,0.0,0.0,7.7289144865287,7.7289144865287,52.02854061229569,35.06686841077704,-16.961672201518653
Dumfries and Galloway,Dumfries and Galloway,Scotland,0.0,2.6450596,97.79687249999999,94.938732,2.858140499999995,0.8858240999999999,0.1838562,0.2172846,0.0334,0.2580254,0.2873347,0.15251710000000002,0.6612553999999999,0.368757,40.016923999999996,52.415327700000006,0.5056309,0.0878,0.0334,0.0616,0.2674411,8.197914659472884,17.1058239005477,7.285266457680241,33.57868338557986,21.04764132937656,26.83134058194087,30.0,28.584799999999998,23.5288,36.5024,18.9396373,13.597139199999999,64.7352305,68.30067910389509,58.300219063630344,43.80761904761904,29.551064991807756,-14.256554055811286,0.0,2.728563626433643,2.728563626433643,9.377142857142857,25.706171490988535,16.329028633845677,5.9714285714285715,4.570180229382851,-1.4012483420457205,0.0,0.5024576734025124,0.5024576734025124,0.0,9.42217367558711,9.42217367558711,40.84380952380952,27.519388312397595,-13.324421211411924
"Dumfriesshire, Clydesdale and Tweeddale",Dumfries and Galloway; Scottish Borders; South Lanarkshire,Scotland,0.0,2.3115673,98.3917198,95.3655225,3.0261973,0.5224505,0.1152061,0.10950280000000001,0.016,0.12205,0.21776539999999997,0.0536,0.6707046,0.1973224,39.3655972,53.006056599999994,0.2361046,0.0399,0.0719,0.0228,0.3262122,8.327438593067786,17.5057794581544,7.252999075083859,32.71718273305813,19.65494826932452,29.558257949190192,22.0,31.567099999999996,22.9509,34.97,18.8019804,12.1021438,66.63008219999999,72.00090538705297,61.500549932476645,46.46534108770827,33.954362294562415,-12.510978793145853,0.0,3.277946303255309,3.277946303255309,8.29731216598554,22.954679223072397,14.657367057086857,7.295268783401446,6.338570199664961,-0.9566985837364852,0.0,0.47086521483225424,0.47086521483225424,0.0,8.652148322542672,8.652148322542672,37.94207796290475,24.35142844207,-13.590649520834749
Dundee Central,Dundee City,Scotland,0.0,7.990073300000001,87.5464684,80.119765,7.426703400000001,7.3426903,1.7143019,2.8439466,0.5789901,1.1268111,1.9909949999999998,1.0011901,1.5083967999999999,1.6113492999999999,32.395856,53.850803199999994,5.1271639,0.9661242999999999,0.0689,0.12088360000000001,0.6044179000000001,6.821020080480504,17.462099414156402,17.237201540729842,20.34609274096751,16.8775342890696,31.62681970264342,35.0,25.8118,16.0561,30.7262,27.6920942,25.0297359,45.8349854,62.00045186927687,52.300111740868886,11.06299972133502,4.038817957166392,-7.0241817641686275,0.0,0.0,0.0,23.849435167520525,38.27481466227348,14.425379494752953,5.5432895329146215,6.183072487644151,0.6397829547295295,0.5144584253285032,5.408257825370676,4.893799400042172,2.552999935692697,6.082681219110379,3.529681283417682,56.476817217208634,40.01235584843493,-16.464461368773705
Dunfermline and Dollar,Clackmannanshire; Fife,Scotland,0.0,3.4115437999999996,95.6960676,90.8333682,4.862699400000003,2.3230797,0.4782136,0.963752,0.067,0.34845760000000003,0.6728334,0.1475451,0.8727136,0.4353104,30.853268,61.136225700000004,1.2295682000000001,0.3871832,0.0429,0.091,0.18835939999999998,9.934876311844079,19.821180950804,8.406040268456367,24.84770263293742,14.271116731169611,31.58089691024511,18.0,36.1601,20.3093,32.1256,18.3147094,10.532480600000001,69.8315647,68.70001413028119,61.20073654702358,21.450461753635413,7.4028335990300205,-14.047628154605391,2.2316378370595857,4.6657835058490695,2.434145668789484,23.577202328307862,45.66091115252487,22.083708824217005,8.443201217630968,7.142376001975885,-1.3008252156550828,0.0,1.4886498866111324,1.4886498866111324,0.0020568090664143646,6.482250712890406,6.4801939038239915,44.29544005429976,27.157195141118624,-17.138244913181136
East Kilbride and Strathaven,South Lanarkshire,Scotland,0.0,2.6527895999999997,96.19314,93.81935750000001,2.373782499999988,2.1297861,0.6184814000000001,0.8541926999999999,0.020900000000000002,0.3493951,0.5401757,0.0897,0.7676261999999999,0.3692161,43.033116,48.7238592,1.0555411000000001,0.2357236,0.10847459999999999,0.251369,0.1408083,5.381773974844532,19.2674827774198,8.922366692450302,25.239726447873988,14.865594435446411,29.56796866171984,27.0,36.0064,21.7447,30.2384,15.5207481,10.0105202,73.3629457,68.80008519474987,61.10042776971076,21.36444547635632,7.594150769691909,-13.77029470666441,2.078012537729278,3.8773631361466157,1.7993505984173375,21.557928952867424,48.562314000042825,27.0043850471754,6.880272424734928,2.2994411972509474,-4.58083122748398,1.0815726336970821,1.2653349604984263,0.1837623268013442,0.0,7.230179630462244,7.230179630462244,47.03776797461497,29.171216305907038,-17.866551668707935
East Renfrewshire,East Renfrewshire,Scotland,0.0,1.9029912999999998,87.47259790000001,83.9296781,3.5429198000000004,9.4585382,2.442879,5.247283400000001,0.10122709999999999,1.2322853,0.5236377999999999,0.35739370000000004,1.2374499,1.3076891,45.5589642,38.022786200000006,5.4641422,1.2942477000000001,1.5607408,0.638344,0.2602956,4.804691432598409,22.7576880697185,9.05837040111008,28.487505025223296,11.62451424661425,44.583446299237,25.0,46.2061,19.8378,20.5402,10.759860100000001,5.7411088999999995,82.5098789,75.90012888364824,67.4344441317951,35.1373809996929,16.877620362827113,-18.25976063686579,0.0,3.0003775309476026,3.0003775309476026,12.38325776324584,43.58495439823554,31.2016966349897,7.540148490705782,2.285055735489896,-5.255092755215886,0.0,2.710274802789755,2.710274802789755,0.0,4.6893317702227435,4.6893317702227435,44.93921274635547,26.852385399487353,-18.08682734686812
Edinburgh East and Musselburgh,City of Edinburgh; East Lothian,Scotland,1.0,9.6210556,84.05994249999999,68.96830630000001,15.09163619999999,9.108092800000001,1.686228,1.7504065999999998,0.4026551,3.9192932,2.0528157,0.8457515000000001,2.650666,2.1284452,28.5014726,57.840784199999995,3.7795068,1.063783,0.2655062,0.4255132,0.6584905,4.136998140041708,13.729598496753201,18.83866615265996,16.23265227447951,11.23726229639734,43.70235898258846,35.0,33.005,16.8952,23.6146,20.2359705,24.9422286,53.2004434,69.0008979505599,59.800293916968464,14.07383308135418,5.70049369171695,-8.37333938963723,3.595965781868984,10.244651673066373,6.64868589119739,26.392743000401893,41.22874382885354,14.836000828451645,6.969934740589057,4.276467361492045,-2.6934673790970116,0.0,0.8008776741634668,0.8008776741634668,0.0,4.671420735052112,4.671420735052112,48.96752339578589,33.07734503565551,-15.890178360130378
Edinburgh North and Leith,City of Edinburgh,Scotland,1.0,9.7293909,84.9236172,67.5506255,17.37299170000001,7.386916,2.1304044,1.1456034,0.5868833,2.1721948,2.5737107,0.7976525,3.0225396,2.0931564,27.740077600000003,58.696935800000006,3.3076244999999997,1.4071712,0.26889779999999996,0.3379391,0.6213719000000001,3.750749797113722,14.740826125234799,11.239567365014471,15.215678760006778,9.101642495925105,55.879341329878386,13.0,45.1306,16.7456,22.0397,18.0028229,29.2801694,51.1256175,76.70002867047202,63.17355329689974,17.605980800271855,6.577059120768065,-11.028921679503789,3.2622546937388495,10.948964123294594,7.686709429555744,21.73137371506244,42.05154118241536,20.320167467352924,12.512106023277546,7.840323395654371,-4.671782627623175,0.2344745561124798,1.546235472460839,1.311760916348359,0.8631382210517372,3.674583122789288,2.8114449017375507,43.790671990485095,27.361293582617485,-16.42937840786761
Edinburgh South,City of Edinburgh,Scotland,1.0,7.3732229,84.33460790000001,71.20128960000001,13.1333183,9.3826345,1.8573031,1.7531739000000002,0.3764668,3.9549041,1.5549089999999999,0.8350354000000001,2.7163683,2.0114942,30.896694000000004,55.866156700000005,3.5373155000000005,0.9882056,0.34141649999999996,0.1832235,0.5236388,4.667414574860937,17.3856014309137,17.23258639146485,22.15085579571555,8.466884129910651,53.3115870089349,28.999999999999996,43.194300000000005,15.591,17.6297,11.4266349,20.1023699,66.9190857,74.70030568116186,66.10013974958005,16.824756265439664,8.544398411139111,-8.280357854300552,2.9078428784250128,9.118865587494126,6.211022709069113,46.216221312866544,53.337889206850896,7.121667893984352,8.19174413999887,5.864263443386153,-2.3274806966127164,0.0,2.6972194934438134,2.6972194934438134,0.0,3.9401187374535516,3.9401187374535516,25.85943540326991,16.49724512023235,-9.36219028303756
Edinburgh South West,City of Edinburgh,Scotland,1.0,6.858968699999999,83.64759389999999,71.7135383,11.93405559999999,9.289918799999999,3.4681865,1.3295338,0.5979632,2.7412875,2.8972919999999998,0.9062880000000001,2.2031206,1.9620668,30.245442900000004,55.496071199999996,3.7914248999999995,2.6011156,0.15602960000000002,0.1522923,0.5176069999999999,4.769944265896424,15.9989781674528,16.85547023492733,18.62801533599059,10.15133443487586,46.75938590828017,11.0,38.1192,17.014499999999998,22.9497,18.1278223,24.5860624,55.622228500000006,71.10065466448445,61.90050155889928,24.645604342905372,12.171513665031535,-12.474090677873837,2.426579194720991,7.555185704274702,5.128606509553711,14.344631792983062,40.870269796776455,26.525638003793393,9.53559302526328,6.6003854239663635,-2.9352076012969164,0.21867986418829488,0.9766993693062368,0.7580195051179419,1.1989027641902132,4.570339873861248,3.3714371096710347,47.63000901574878,27.255606166783465,-20.374402848965318
Edinburgh West,City of Edinburgh,Scotland,1.0,3.4428601000000003,89.1948016999999,81.5989525,7.595849199999904,6.685477099999999,2.691648,1.1174602,0.5775067,1.447319,1.1763313,0.5186396,1.6716229999999999,1.2717327,34.3794405,53.437741100000004,2.688685,2.0045877,0.1766067,0.2222809,0.3491535,5.991547759701899,19.8264092061634,8.331103272108,26.092932733244012,9.958449781119382,48.284816857517384,38.0,47.4347,20.1627,21.3412,9.354904699999999,12.41337,77.03197080000001,71.70091606833374,68.60030331555276,18.032131433556266,5.521145013435993,-12.510986420120272,1.9609624890956672,4.002210744982944,2.041248255887276,8.69984006978773,14.968268186236205,6.268428116448476,38.23240767665019,50.78043109527167,12.548023418621483,0.0,1.1263364525166282,1.1263364525166282,0.09086943879034602,4.209944540793963,4.119075102003617,32.983788892119804,19.391663966762593,-13.592124925357211
Falkirk,Falkirk,Scotland,0.0,3.1575541,96.1481347,92.1835253,3.9646093999999974,2.2925386,0.39707980000000004,1.3039522,0.0145,0.2347321,0.49843919999999997,0.0879,0.7765806,0.2843718,38.290435699999996,53.7025739,1.5015046,0.16442099999999998,0.0238,0.1065117,0.1851028,6.791802684076894,18.8976700800557,9.01151401018692,24.490337584206408,17.16842354171075,25.99594280096079,31.0,31.014999999999997,20.450599999999998,35.8031,25.546336600000004,8.6099021,64.3339681,64.9004769644808,57.90024178869299,25.931476197318993,8.389442815249266,-17.542033382069725,3.1018413975735433,4.014076246334311,0.9122348487607681,12.07069981319155,43.033431085043986,30.962731271852434,6.782583704555252,2.5618768328445745,-4.220706871710678,0.0,2.770674486803519,2.770674486803519,0.36129985835403283,7.9178885630498534,7.5565887046958204,51.75209902900663,31.312609970674487,-20.439489058332143
Glasgow East,Glasgow City,Scotland,0.0,7.2398353,80.1849658,70.98062030000001,9.204345499999988,11.463307,2.3361955,5.9493239,0.1845685,1.6561008,4.4227178,1.3250813,1.4193717,2.50973,42.473970300000005,38.293177099999994,9.1138885,1.6981965,0.12036830000000001,0.3480651,0.3520774,3.262329290717134,18.4730538922155,12.14504874841551,16.92037956238966,22.29233016450755,30.570388640118768,11.0,27.095599999999997,17.2636,31.915100000000002,37.343249699999994,16.5396137,44.0656957,59.000071628106866,51.40010731014081,12.31273521913318,4.815911976301312,-7.4968232428318675,1.3742867548864879,7.69360981802793,6.319323063141442,33.45635546922423,43.85103681760474,10.394681348380509,4.101007648415686,2.460149527436874,-1.6408581209788116,0.0,1.3147129355339258,1.3147129355339258,0.060701711788272425,6.689236845817463,6.628535134029191,48.69491319655214,33.175342079277755,-15.519571117274388
Glasgow North,Glasgow City,Scotland,1.0,10.374309199999999,75.8159786,65.33797720000001,10.47800139999999,13.803217,3.8430869,2.9888639,0.1649787,5.156500599999999,4.3911603,1.9394162,2.4380184,3.5516246000000002,32.4255452,48.7125663,6.8226192,2.4456198,0.24566200000000002,0.5784056,0.7965681,2.9347058229892022,13.4712105815949,26.21949414307277,12.788528909634511,15.60935935935936,41.724015682349005,19.0,27.7321,12.151399999999999,22.8398,34.6245458,24.5518773,38.6717804,56.700017744775536,51.40045868166013,8.806182142083344,3.9321799706381872,-4.874002171445157,3.738655239654301,12.185152134488614,8.446496894834313,34.11733551602109,42.18601571720544,8.06868020118435,5.190303088663666,3.2873715420708716,-1.9029315465927943,0.0,1.64656438009154,1.64656438009154,0.5922145453670046,4.76409798785227,4.1718834424852655,47.5553094682106,31.998618267653068,-15.556691200557534
Glasgow North East,Glasgow City,Scotland,0.0,5.7839814,83.3432868,76.6130237,6.7302631,6.8068106,1.7539765999999999,1.3227168,0.17735789999999999,2.4606079,5.9834529,1.5112762,1.2079008,2.6585019,45.2943263,40.0771055,5.0594627,1.0529657,0.0961,0.36872469999999996,0.42379999999999995,3.79353605352769,18.073859907409002,14.248443843031081,16.70040595399176,27.10883671148572,24.094142306062842,36.0,20.8,15.5214,36.9211,46.4424398,12.567457300000001,38.9768405,56.700017273222514,47.00002757327598,10.981182480725517,3.4671907541579885,-7.513991726567529,0.15232113983080636,7.248247338007098,7.095926198176292,37.72408783071263,45.87427766859288,8.150189837880255,3.3955897171513603,1.7365287025901264,-1.659061014561234,0.0,2.736792701886128,2.736792701886128,0.0,6.664515561291837,6.664515561291837,47.74681883157969,32.27244727347394,-15.474371558105751
Glasgow South,Glasgow City,Scotland,0.0,6.6941231000000005,84.6960698999999,77.3344123,7.361657599999905,9.667895,1.2717749,6.590702800000001,0.1530941,0.6615854,2.3160625999999898,0.6244054,1.7124673,1.6074885,38.1794919,44.9178213,7.6656424,0.5631676999999999,0.220893,0.5697289,0.3346201,3.286012985583801,16.8664812387437,8.156646583771295,19.11037046532483,16.718737896666582,40.875054868444835,21.0,37.9409,17.8691,27.479,24.8459236,16.5654164,57.120531799999995,68.00011205423425,60.40021664148685,12.690533080662437,3.8156590683845395,-8.874874012277898,2.6077284337150863,13.105856812497048,10.498128378781962,29.451264727692184,41.75751569210439,12.306250964412207,6.018785531844772,3.1053848695077635,-2.9134006623370086,0.0,2.1638586058804097,2.1638586058804097,0.931037323885639,4.096465147010242,3.1654278231246025,48.300650902199884,31.955259804615604,-16.34539109758428
Glasgow South West,Glasgow City,Scotland,0.0,5.7047191,75.8009257,69.33501,6.465915700000002,17.4950896,2.467083,12.3468465,0.1423717,1.047523,2.7393562,1.201326,1.4881478,2.4764359,36.4385469,38.6747163,14.2618147,1.074442,0.1194979,1.1305541000000001,0.3553764,3.7586318765352,19.2759704104358,11.42149798618038,17.94331744448127,22.38447110361409,30.73805057969008,34.0,27.790300000000002,18.0263,32.1518,34.35371,13.403160699999999,50.417110799999996,61.10006532791774,51.800055185233596,12.604885758780188,3.888530656872915,-8.716355101907274,0.8321130558073588,7.645294233087554,6.813181177280196,33.84468772517026,43.60088592335081,9.756198198180549,4.39764776979755,2.6858056015027056,-1.7118421682948446,0.0,1.5195267599315931,1.5195267599315931,1.6154150105757386,6.268748773444728,4.653333762868989,46.70525067986891,34.3912080518097,-12.314042628059212
Glasgow West,Glasgow City,Scotland,0.5,6.9916887,83.7065012,75.8029676,7.903533600000001,8.0902393,1.7734935,1.8209347,0.1130514,2.6819421,2.9423379,1.6907237,2.1025537,3.1583728,36.204912900000004,49.1683992,5.1995236,0.9527077,0.1544113,0.3835052,0.4814,3.5965181771633388,16.3714898652223,13.63610219599449,17.531145391172252,16.10252883919997,42.6345928130224,33.0,35.5674,15.621199999999998,24.7999,31.085260199999997,18.4549532,48.7660515,65.20065666947177,57.80050409942926,15.348482924971435,4.310560874141648,-11.037922050829788,0.3808556557064872,9.17748483785274,8.796629182146253,28.005585882950363,46.66683374266954,18.661247859719175,7.5197833354491985,3.298080296726981,-4.221703038722218,0.0,0.7769034133627387,0.7769034133627387,0.15657399179044476,5.257881810435567,5.101307818645122,48.58871820913207,30.512255024810784,-18.076463184321284
Glenrothes and Mid Fife,Fife,Scotland,0.0,3.1376346,97.1573495,94.3211742,2.836175299999999,1.6360530000000002,0.30649689999999996,0.6367365,0.0604,0.3636952,0.2893088,0.11115910000000001,0.5709044,0.3464278,28.1945029,64.28178319999999,0.8622271000000001,0.1370499,0.021599999999999998,0.11978369999999999,0.1726612,9.400153986141248,19.6688077505815,9.326851556688972,27.04282222930602,21.621656984351283,19.04406761919715,34.0,24.3241,18.4142,42.626999999999995,29.3859649,9.8474244,59.229189999999996,60.600587687235716,51.100082011255346,15.331851080940442,5.459475912449155,-9.872375168491288,0.3453332702587634,0.0,-0.3453332702587634,27.364113723449545,44.25689698110075,16.892783257651207,4.437295993187947,4.438418329228811,0.0011223360408640914,0.0,0.0,0.0,3.03704054117981,9.762306649326211,6.725266108146402,49.48436539098349,36.082902127895075,-13.401463263088417
Gordon and Buchan,Aberdeenshire,Scotland,1.0,2.040436,97.47899629999999,93.73202739999999,3.746968900000003,0.912403,0.2075631,0.1297269,0.0508,0.1783745,0.4475104,0.22486,0.7697131,0.391342899999999,33.1704522,60.041513099999996,0.4897244,0.1264851,0.0346,0.0162,0.1491876,7.928592799441509,20.628260986498802,7.611818921116827,27.431553266467816,13.10644075015639,32.114573212122835,21.0,37.0792,22.371299999999998,31.549599999999998,13.0594131,9.0054601,76.28213120000001,67.80020799794852,62.87877703505432,45.96247189594671,32.82114320835895,-13.141328687587766,0.0,0.0,0.0,3.500661889853123,10.667213002799974,7.16655111294685,11.348784434031645,16.633658858612762,5.284874424581117,0.0,0.0,0.0,0.0,9.055521409547223,9.055521409547223,39.188081780168524,30.822463520681097,-8.365618259487427
Hamilton and Clyde Valley,South Lanarkshire,Scotland,0.0,2.9419383,96.1011653,92.8258168,3.275348500000008,2.1764331,0.5638692,0.9500529000000001,0.0288,0.3327753,0.5967821,0.1602251,0.6973902,0.4282941,47.904019399999996,44.0171335,1.1802409999999999,0.2588518,0.0544,0.1376434,0.135589,5.544407115961308,18.928438446598,9.149702085402174,25.460526315789377,20.28447361279021,26.37610717722237,27.0,31.421300000000002,20.3353,34.0525,21.3050439,10.3199477,67.06049469999999,63.60027360148066,55.800262533313884,25.465511060500624,10.904381712764946,-14.561129347735678,0.16659285970350687,0.0,-0.16659285970350687,27.089264250015816,49.94772360041821,22.85845935040239,3.8295270028046646,3.590438171276494,-0.2390888315281705,0.0,0.2780153977758768,0.2780153977758768,0.0,7.83908373728733,7.83908373728733,43.44910482697539,27.440357380477142,-16.00874744649825
Inverclyde and Renfrewshire West,Inverclyde; Renfrewshire,Scotland,0.0,2.6463460000000003,97.2191022999999,95.2578212,1.961281099999912,1.2138616,0.32095779999999996,0.2198949,0.00555,0.3487223,0.3354997,0.2598758,0.7418678,0.489766,58.904140000000005,33.9485608,0.6241116,0.14992,0.038900000000000004,0.10549929999999999,0.11771500000000001,5.828155637978691,17.9322903365496,8.493999539987264,28.30566492132424,19.39512092312556,27.194530797196897,30.0,32.1456,19.4581,33.689400000000006,22.8674021,10.2667076,65.6327514,65.80065057742297,57.50074815099825,17.88312501349222,7.09541511771995,-10.787709895772268,0.0,2.907063197026022,2.907063197026022,28.19765559225439,46.91697645600991,18.719320863755524,6.437406903697947,3.120198265179678,-3.317208638518269,0.0,2.6964064436183395,2.6964064436183395,0.0,6.136307311028501,6.136307311028501,47.48181249055545,31.127633209417592,-16.354179281137856
"Inverness, Skye and West Ross-shire",Highland,Scotland,0.0,3.1454248,96.6437136,89.82637600000001,6.817337599999995,1.6343324,0.42953610000000003,0.2504833,0.1523853,0.3342953,0.3734289,0.1276227,0.9714563,0.3771536,37.6642795,53.648432400000004,0.6752124,0.2171346,0.0495,0.0343,0.3028456,8.176791168426726,18.0017063228742,8.494797687861261,26.89595375722536,15.67779782369427,32.346166502138864,28.000000000000004,32.7906,22.2053,35.0894,19.8163306,11.920543,66.0870433,66.00080579130005,60.544898954882775,23.338518795659965,5.305793536347442,-18.03272525931252,1.4256739460055532,4.321825430486046,2.896151484480493,9.394876238111179,13.245398252608364,3.8505220144971855,15.117263651221865,38.50835524641615,23.391091595194286,0.0,0.37747052336924247,0.37747052336924247,2.0518677510190417,4.313342946814827,2.2614751957957853,48.671799617982394,33.927814063957925,-14.74398555402447
Kilmarnock and Loudoun,East Ayrshire,Scotland,0.0,2.9079707999999997,97.6490034,95.6761047,1.9728987000000031,1.1123054,0.1639738,0.43343390000000004,0.0073100000000000005,0.3237699,0.2976262,0.1326412,0.6506731,0.2903485,37.8081133,55.1710812,0.6548713,0.0449,0.059500000000000004,0.1002674,0.1357787,6.868792235475532,18.9846859540681,8.674402071802156,26.763316914639617,20.93531963039789,24.82368470676975,37.0,29.6412,21.6186,34.8601,24.471655300000002,9.8662132,64.4376417,63.700801091303006,56.90059341218705,24.26360983393168,8.303121615895288,-15.960488218036394,0.0,2.912095673054287,2.912095673054287,18.914152547710525,44.85851499599793,25.944362448287404,5.131112090865193,2.0010358303121616,-3.130076260553031,0.8502865780689046,0.9440180799472668,0.09373150187836221,0.0,8.173642826875088,8.173642826875088,50.84083894942369,32.80757097791798,-18.03326797150571
Livingston,West Lothian,Scotland,0.0,3.2238734,93.6865959,86.9699699,6.716626000000003,3.6020024,0.9103011,1.7295721,0.0254,0.5765239999999999,1.0111745,0.24959869999999998,1.1011707000000002,0.5990369,36.1837082,54.936277700000005,2.1005853,0.5667468999999999,0.041100000000000005,0.0754,0.1497621,7.6799493132396535,21.0176095775019,9.3817774494149,22.23599227817625,16.42377756471716,26.74616490891659,19.0,31.8606,20.240099999999998,35.2986,24.0656109,9.475113200000001,65.2986426,65.30022405769817,57.50044882152292,21.92715312461932,7.736396074933095,-14.190757049686225,2.58253136801072,3.800178412132025,1.2176470441213048,22.030698014374465,40.86529884032114,18.834600825946673,6.204572217484874,4.5160570918822485,-1.6885151256026258,0.0,1.2154326494201606,1.2154326494201606,0.0,8.869313113291703,8.869313113291703,47.25504527551062,32.99732381801962,-14.257721457490995
Lothian East,East Lothian,Scotland,0.0,2.8658205999999997,97.2053308,92.28223,4.923100800000002,1.0750449,0.2582496,0.3709777,0.0236,0.1875384,0.3238336,0.1199016,1.0094281999999999,0.3863496,34.9737136,57.668145800000005,0.7173675,0.15269680000000002,0.0646,0.0738,0.20291250000000002,7.255791736326725,20.6054877811123,8.662142094475996,27.20266074299521,14.553611937288899,34.82885516963251,24.0,37.4764,22.0632,30.215199999999996,22.7019798,7.8188809,67.8790628,71.20001121767906,63.700315163765474,27.484884888827622,11.137322032482986,-16.347562856344638,0.0,5.170974072063797,5.170974072063797,30.45473344230656,49.173312179032195,18.718578736725636,6.288280126829076,5.530040499352845,-0.7582396274762315,0.9709120270988834,1.1627906976744187,0.19187867057553532,0.0,6.344202747275688,6.344202747275688,34.80118951493786,21.481357772118074,-13.319831742819787
Mid Dunbartonshire,East Dunbartonshire; North Lanarkshire,Scotland,0.0,2.0600968,92.954172,89.5759939,3.3781781000000075,4.7632379,1.9386428,1.0432394,0.09330000000000001,1.2476933000000001,0.39424459999999995,0.26107199999999997,1.1501845,0.738131199999999,46.4831708,43.1320122,1.4333647999999999,0.9153822,0.0451,0.8923141000000001,0.1960784,5.5323798172427505,20.0909740858554,7.678842338662608,31.792896876337117,11.46818777931983,45.51878684475229,22.0,47.706199999999995,20.5605,20.2434,8.0078464,5.6961239,85.3152236,78.00069272373645,71.61910459124712,15.572482579587376,4.65469455939861,-10.917788020188766,1.5644213690394864,3.2651201640153387,1.7006987949758523,9.427517420412626,20.754394623941682,11.326877203529056,34.48729334608553,42.42568054975512,7.938387203669592,1.0691351277496925,0.8523482288621437,-0.21678689888754887,0.0,3.9845855955047647,3.9845855955047647,37.87915015712529,24.063176278522345,-13.815973878602943
Midlothian,Midlothian,Scotland,0.0,3.1066052,95.4629147,90.24114850000001,5.221766199999999,2.2985768,0.5417556,0.7251031,0.13776960000000002,0.5055004,0.5957487,0.194742,1.0638298,0.5790466,31.810082299999998,60.5391294,1.2048567,0.2890413,0.05280000000000001,0.0611,0.1947662,7.3447292057840965,20.9050861033239,8.54303797468353,24.51265822784804,16.11675775065121,29.4780121558813,23.0,34.2581,22.3778,32.7899,23.0334065,7.6712997000000005,68.14923189999999,67.7004506717958,60.00027170959679,21.706310528607865,7.354239782633306,-14.352070745974558,0.0,0.0,0.0,29.713195495738372,48.63579757726706,18.92260208152869,7.0363534559631695,5.862108004075625,-1.1742454518875443,0.0,0.5864372240461905,0.5864372240461905,0.0,7.4176384014491115,7.4176384014491115,41.54414051969059,30.1437790105287,-11.400361509161893
"Moray West, Nairn and Strathspey",Highland; Moray,Scotland,0.0,2.8219656,97.5460454,93.30116860000001,4.244876799999997,0.9466883,0.2179223,0.1408893,0.052700000000000004,0.1935961,0.2777301,0.1216311,0.8058059,0.4236816,34.279690699999996,57.933893499999996,0.3030641,0.10034560000000001,0.06080000000000001,0.0284,0.3436078,15.066054118215991,18.199436396895198,8.164005366920899,29.27268551535731,15.300242130750599,30.181598062954002,23.0,32.444,21.8283,36.733900000000006,17.8666432,13.027898099999998,66.8806472,73.80031213524111,60.40012455238985,40.93510093829969,29.986682132577226,-10.948418805722465,1.1533266988911004,3.6001202904154317,2.4467935915243313,4.631077622974126,17.740688233019718,13.109610610045593,5.876812624395792,8.130343257292607,2.2535306328968145,0.7339351720216093,0.9086222451346823,0.17468707311307297,0.5704435598521468,7.496670533144306,6.9262269732921595,46.09930338356554,32.13687330841603,-13.962430075149513
"Motherwell, Wishaw and Carluke",North Lanarkshire; South Lanarkshire,Scotland,0.0,2.8606269,95.362581,91.1425904,4.219990600000001,2.6669842,0.3815815,1.7571212999999999,0.0113,0.3179846,0.9806305,0.1682241,0.5775011,0.4123542,51.4216259,40.4055634,1.8872956,0.12205880000000001,0.0236,0.1764211,0.1210331,5.469721989730134,20.036025217652302,9.637332932872791,23.60339390298835,20.39394278746252,24.79500292408576,41.0,29.7919,20.0911,35.4574,30.8844153,8.0411672,59.610947800000005,62.100286176434,54.22687861271677,21.231550123555735,6.188182237482704,-15.043367886073032,0.0,3.0748731614820892,3.0748731614820892,27.480576148177832,49.1159739660739,21.63539781789607,3.9649146241011595,2.106288115615231,-1.8586265084859286,1.3780360203922617,0.8558396966125148,-0.5221963237797469,0.0,7.697432480910163,7.697432480910163,45.94492308377301,30.9614103418234,-14.983512741949614
Na h-Eileanan an Iar,Na h-Eileanan an Iar,Scotland,0.0,1.8627097,98.3396144,96.1436933,2.195921099999998,0.5776439,0.114771,0.045899999999999996,0.019100000000000002,0.1377252,0.13394999999999999,0.11094530000000001,0.6235893,0.3251846,63.62906,29.9475879,0.2218907,0.061200000000000004,0.0,0.00383,0.2218907,7.2265471416214515,16.8101460415065,6.421509747759389,32.89753303150696,17.82508682513193,31.144287582878533,36.0,31.794,22.5354,37.9589,17.1266808,5.7088936,74.2313438,68.40066146940704,63.70014597165324,22.214547212820335,4.782672974571259,-17.431874238249076,0.0,0.0,0.0,28.272432133729364,49.46777054997043,21.195338416241068,4.40008289010154,2.8237729154346543,-1.576309974666886,0.0,16.66173861620343,16.66173861620343,0.0,5.152276759314015,5.152276759314015,45.11293776334876,21.11176818450621,-24.00116957884255
North Ayrshire and Arran,North Ayrshire,Scotland,0.0,2.7892402,98.1215069,95.89981209999999,2.221694800000007,0.6906187,0.22511689999999998,0.0754,0.0109,0.1934257,0.2294609,0.2557153,0.5857411,0.372645,43.7829864,48.670709699999996,0.3955636,0.0525,0.0361,0.115828,0.21417250000000002,7.062629167041064,17.4025834230355,8.689872675380862,31.34244718699905,19.68149580915538,25.944551901998707,23.0,29.865000000000002,20.36,35.706500000000005,24.5574227,9.613138000000001,64.3714055,65.40086107376169,58.600368834842406,30.848942974623085,14.088306279873173,-16.760636694749913,2.313411139261536,3.139936586058398,0.8265254467968619,13.917846907837356,39.801713122900004,25.883866215062646,4.37554512605391,2.3780228100894423,-1.997522315964468,0.0,1.1121101698925748,1.1121101698925748,0.0,8.080545170602432,8.080545170602432,48.54425385222411,31.399365860583977,-17.144887991640132
North East Fife,Fife,Scotland,0.5,5.2898532,95.0851523,88.4171976,6.667954700000001,2.4899616,0.6013522,0.24054089999999997,0.0683,0.9914185000000001,0.385697,0.23078920000000003,1.3262255,0.7129545,36.0042909,55.0986575,0.656633,0.2698046,0.1766191,0.0834,0.3694915,10.00366076876144,15.766399653604601,16.329756473687553,29.791171367988127,12.42542479546885,36.494650723725606,15.0,33.7491,18.3013,27.4016,16.2286161,15.0401445,66.81553059999999,74.10042316321605,61.20087086054773,13.655788283540618,3.89908256880734,-9.756705714733279,0.0,3.8686575547650253,3.8686575547650253,5.4787957764022766,9.422392810335143,3.9435970339328668,39.558860165187895,54.727579105036504,15.16871893984861,0.0,0.0,0.0,0.35260525458482644,4.900767646508145,4.548162391923318,40.95395052028438,23.18152031454784,-17.77243020573654
Orkney and Shetland,Orkney Islands; Shetland Islands,Scotland,0.0,3.001584,97.97716399999989,94.8505686,3.1265953999998994,0.7944651,0.06899999999999999,0.0846,0.046700000000000005,0.191379,0.1981776,0.0378,0.7610655,0.2692351,33.2762341,59.609352400000006,0.1735223,0.0378,0.0489,0.00667,0.3047763,6.748726655348047,18.8144215881442,7.18450305143853,29.61257628596337,16.120284601959987,30.76117599677809,36.0,30.695299999999996,22.947699999999998,38.7785,19.8113652,8.3140769,68.2433388,66.50012921009562,60.40115617062276,9.874784110535407,2.8325599381283837,-7.042224172407023,0.0,9.889791183294664,9.889791183294664,6.6925734024179615,7.216744006187162,0.5241706037692007,44.82297063903282,55.06573859242073,10.242767953387911,0.7253886010362695,0.0,-0.7253886010362695,3.8860103626943006,7.666279969064192,3.7802696063698913,33.998272884283246,17.328886310904874,-16.66938657337837
Paisley and Renfrewshire North,Glasgow City; Renfrewshire,Scotland,0.0,3.5891665,92.4925874,88.2077091,4.2848782999999955,4.31383969999999,1.3660557,1.6354037,0.059000000000000004,0.5397691,1.3778884999999998,0.4592866,0.8777953999999999,0.9378890000000001,43.585616300000005,45.810127800000004,2.4562985,0.561225,0.0322,0.7393576,0.2103253,5.168664106242192,19.3911982195419,8.687465010942026,24.18698152577737,17.36037457640272,29.59231187107121,14.000000000000002,33.4838,19.8968,32.0961,21.6926565,10.5802601,66.4638379,66.90026029003747,58.60044318358245,19.526273034332377,6.404296827958284,-13.121976206374093,0.0,3.538139165201474,3.538139165201474,23.73551669588268,47.11336978250921,23.37785308662653,7.565522254051049,3.30932825935114,-4.25619399469991,0.0,0.0,0.0,0.3121125315319167,7.77475372720923,7.462641195677313,48.86057548420197,31.86011223777066,-17.000463246431313
Paisley and Renfrewshire South,Renfrewshire,Scotland,0.0,3.987857,95.0531299,90.8564384,4.196691499999994,2.0648127,0.6705704,0.719455,0.0446,0.3241267,1.4952264,0.2624895,0.8204125,0.5664247,44.1241167,47.5511397,1.1582805999999999,0.24759579999999998,0.0489,0.21996709999999997,0.14983259999999998,5.630739487675205,17.4212598425196,9.839474551771348,23.88228133796554,18.10085298544907,28.346713497240337,31.0,31.069000000000003,19.697400000000002,34.0233,24.0203831,11.6455808,63.1259884,66.00014323569432,57.700532517086664,18.15616997265506,5.375093864302497,-12.781076108352565,0.0,4.176053096916407,4.176053096916407,25.847476018924432,47.43599060145823,21.588514582533797,6.226398715222015,3.1853305234600198,-3.041068191761995,0.0,1.0415909696485237,1.0415909696485237,0.0,7.160332340188455,7.160332340188455,49.769955293198485,31.625608604025867,-18.144346689172618
Perth and Kinross-shire,Perth and Kinross,Scotland,0.0,2.9488128,96.3008849,89.4523107,6.848574199999991,1.8328599,0.41199610000000003,0.41002950000000005,0.0305,0.37659780000000004,0.3805161,0.1779744,0.9695182,0.5162242,38.4757578,53.054482199999995,0.7679223,0.2271319,0.050100000000000006,0.0393,0.3952686,9.034419867240684,18.333006856023502,8.18761843083639,29.1369840013431,14.204825787655938,35.95728684538214,21.0,36.5526,21.5313,30.695899999999998,17.260831800000002,14.001230000000001,66.4432804,74.00007860502285,64.80026915462157,41.06931043639904,29.55648301615512,-11.512827420243923,0.0,0.0,0.0,4.988935115517394,18.00826726840665,13.019332152889257,7.9755687350624065,7.350679952872577,-0.6248887821898297,0.0,1.3559118956806517,1.3559118956806517,0.711693369921218,5.93086646564291,5.2191730957216915,45.25449234309994,37.79779140124209,-7.456700941857854
Rutherglen,South Lanarkshire,Scotland,0.0,3.3614313,93.9299741,90.332149,3.597825099999996,3.8560657999999997,0.8663829,2.2726545000000002,0.0395,0.33929770000000004,0.8781215,0.1835195,0.8450434,0.490808,48.6621146,41.6099435,2.5765496999999997,0.383015,0.0448,0.23578359999999998,0.1397631,4.809859154929577,19.3307031594336,8.776535493929973,25.4407590517183,19.501523052300072,29.187103102896376,23.0,34.1888,20.308,31.4172,21.7801563,8.860878399999999,68.21585329999999,68.40078146804353,58.50017900911569,17.263750612045044,5.696262122210714,-11.567488489834329,0.0,0.0,0.0,31.157173167945164,50.51313435646361,19.355961188518446,7.193569446711277,4.034460032012052,-3.159109414699225,1.2832544475273382,3.558986912720083,2.275732465192745,0.0,6.32002636286602,6.32002636286602,43.102252325771175,29.877130213727522,-13.225122112043653
Stirling and Strathallan,Perth and Kinross; Stirling,Scotland,0.0,4.2211805,95.37661,89.4571729,5.919437099999991,2.4557778,0.7666441,0.6284129,0.0333,0.5490035,0.5970605999999999,0.1794065,1.0352637,0.5352784,38.4077719,52.7978198,0.9773742999999999,0.4568269,0.0667,0.1254804,0.2911536,7.172540827099759,17.992384176010102,12.73290104710188,26.218589871369353,12.782480934723289,39.66510413022692,18.0,37.5195,18.9668,26.2671,18.4158505,12.5617755,67.2275137,75.1006781158253,65.60016867184103,35.03485495839892,19.020931260294883,-16.013923698104033,1.6294476829669093,4.660318990799888,3.030871307832978,7.652522876269222,33.859627977984005,26.20710510171478,5.8483679576551175,5.082158209794705,-0.7662097478604126,0.0,0.0,0.0,0.0,6.317544493993813,6.317544493993813,49.834806524709826,31.059419067132698,-18.77538745757713
West Aberdeenshire and Kincardine,Aberdeenshire,Scotland,1.0,2.0096167,95.89349820000001,91.41567500000001,4.477823199999998,1.5551793,0.4965121,0.1764465,0.0441,0.318014,0.9879239999999999,0.172343,0.9991793000000001,0.564218299999999,33.5798999,59.022078099999995,0.5611868,0.29033980000000004,0.0339,0.027700000000000002,0.254432,7.8261078189102955,21.0217364856644,7.343936534832666,28.05098779219769,10.97423275523021,38.5328782938557,12.0,41.6354,21.5529,27.422,11.48245,9.723855,76.69681630000001,72.40092290988056,67.1006825470793,42.65067016590121,35.597859389680956,-7.052810776220255,0.0,2.107929245475714,2.107929245475714,4.557128128221952,13.066301728011764,8.509173599789811,11.721810853875715,12.95396053760366,1.232149683727945,0.0,0.5617059520405245,0.5617059520405245,0.0,7.142857142857142,7.142857142857142,41.070390852001125,28.569386004330244,-12.501004847670881
West Dunbartonshire,Glasgow City; West Dunbartonshire,Scotland,0.0,3.028028,96.6072228999999,93.6321193,2.975103599999906,1.4421795,0.3826851,0.4657825,0.00219,0.21102349999999997,0.7326051,0.186969,0.7336621,0.48437,50.4220609,41.7501312,0.8441218,0.1180896,0.0372,0.1148093,0.1716672,6.315237704544419,19.0582596586677,9.058173961750818,25.715505054546362,21.32527264106212,21.6110847689795,36.0,27.4399,20.5845,37.3548,33.6744695,8.1097714,56.92111319999999,66.30018916497177,57.30002026577111,14.171404054488898,3.723726758286176,-10.447677296202722,1.859916335943366,3.779304769603881,1.919388433660515,28.578783653330476,48.78738884397736,20.208605190646885,4.181057599485144,2.119543249797898,-2.061514349687246,1.5188244127426793,0.9877728375101051,-0.5310515752325742,0.0,6.997776879547292,6.997776879547292,49.690013944009436,33.604486661277285,-16.08552728273215
