Seat,County,Region,Superwealthy,Rural,LGBT,White,WhiteBritish,WhiteOther,Asian,Indian,Pakistani,Bangladeshi,Chinese,Black,Arab,Mixed,OtherEthnicity,Christian,NoReligion,Muslim,Hindu,Jewish,Sikh,Buddhist,Veterans,Age0to17,Age18to24,Age65plus,NoQualifications,Degrees,PublicSector,ManagerialProfessional,Intermediate,Routine,SocialRent,PrivateRent,OwnerOccupation,y2019_Turnout,y2024_Turnout,y2019_CON_share,y2024_CON_share,swing_CON,y2019_GRN_share,y2024_GRN_share,swing_GRN,y2019_LAB_share,y2024_LAB_share,swing_LAB,y2019_LD_share,y2024_LD_share,swing_LD,y2019_OTHER_share,y2024_OTHER_share,swing_OTHER,y2019_PLAID_share,y2024_PLAID_share,swing_PLAID,y2019_REF_share,y2024_REF_share,swing_REF
Aberafan Maesteg,Bridgend; Neath Port Talbot,Wales,0.0,18.3,2.6370272,96.89543929999999,95.2987945,1.5966448000000018,1.5436633,0.3273128,0.1479929,0.4050901,0.2603379,0.2214635,0.0519,1.0715984,0.267948,40.0669727,52.481771499999994,0.8112341000000001,0.294896,0.0173,0.0961,0.2635701,7.5124963246104,20.3585271317829,8.971083262359567,26.683429992835013,27.011280690112798,23.70670205706702,26.0,22.609199999999998,14.965200000000001,42.1566,19.8750306,15.481499600000001,64.3053173,63.60044096382092,49.300241296104794,22.62791797042073,8.119144175639772,-14.508773794780957,1.5780113904959143,3.0597119284016223,1.481700537905708,52.92078427841433,49.889525940427916,-3.031258337986415,3.703036715215091,2.561879457418543,-1.1411572577965483,1.645543974967922,2.240246119423857,0.5947021444559351,8.984084820926096,13.198154104321075,4.214069283394979,8.540620849559913,20.931338274367224,12.390717424807312
Alyn and Deeside,Flintshire,Wales,0.0,22.6,2.3030216,97.2647426,91.6686261,5.596116500000003,1.114903,0.317423,0.0774,0.1028686,0.28901170000000004,0.2263175,0.0598,0.9943960999999999,0.3997561,50.9821402,41.043175,0.5525457,0.256679,0.0362,0.0196,0.2556994,9.48715019988578,20.215151897628,8.00111954828659,25.6583430685357,19.00764090157848,27.43778294090877,11.0,29.034599999999998,17.4586,37.5654,15.058823499999999,13.7658481,70.681896,69.20026437541308,57.300566508642895,41.9541547277937,18.187684365781713,-23.766470362011987,0.0,4.438606194690266,4.438606194690266,42.73925501432665,42.39260693215339,-0.34664808217326026,5.912129894937918,4.758941740412979,-1.1531881545249387,0.0,3.6297013274336285,3.6297013274336285,3.402101241642789,4.466261061946902,1.0641598203041132,5.992359121298949,22.126198377581122,16.133839256282172
Bangor Aberconwy,Conwy; Denbighshire; Gwynedd,Wales,0.0,43.2,3.7978096000000003,95.2343337,91.51890230000001,3.715431399999991,2.2804127,0.5668516,0.24278160000000001,0.2200208,0.6979970999999999,0.5581747,0.3544178,1.2615971,0.6654817000000001,48.2300789,42.302523199999996,1.3168733,0.3045608,0.048799999999999996,0.0303,0.3706755,8.94679209596336,17.4379788688363,12.33249473738251,29.27940647943725,16.027937192671622,34.7366123586129,31.0,30.2438,19.1791,28.9663,14.272559900000001,19.5883729,65.60151309999999,68.70041583287208,59.10058164278621,39.98388662796703,21.689870379260682,-18.29401624870635,0.0,3.2669227076332215,3.2669227076332215,38.436589749416406,33.624579932789246,-4.81200981662716,4.424979858284959,3.6581853096495442,-0.7667945486354149,0.0,1.2674027844455114,1.2674027844455114,16.214597062408327,21.87229956793087,5.657702505522543,0.9399467019232756,14.620739318290926,13.68079261636765
Blaenau Gwent and Rhymney,Blaenau Gwent; Caerphilly,Wales,0.0,23.2,2.425556,97.9470035,96.1482643,1.798739199999999,0.8835259999999999,0.2944946,0.1006367,0.034999999999999996,0.19915470000000002,0.1758553,0.0625,0.7849886,0.208688,35.4590621,57.4306931,0.403606,0.10275530000000001,0.0275,0.1610187,0.18008670000000002,6.82657260435038,20.0870165456941,8.610354936655826,25.63344152444761,28.73896888063168,20.8546214584301,22.0,19.8792,14.715200000000001,44.850899999999996,23.7572309,15.994920700000002,60.0032921,59.20060756075608,42.70057367925336,19.589490188625458,12.6194773076666,-6.970012880958858,0.9930156316814749,5.74493683577301,4.751921204091535,50.39910676105859,53.56259608314953,3.163489322090939,3.7440015204067087,4.237684646748212,0.49368312634150335,0.8979902123818122,10.988570282735111,10.0905800703533,6.383332541454839,12.846734843927546,6.463402302472707,17.993063144391126,0.0,-17.993063144391126
"Brecon, Radnor and Cwm Tawe",Neath Port Talbot; Powys,Wales,0.0,73.3,2.4048121,97.4200007,95.254959,2.165041700000003,1.1373304000000002,0.1651205,0.054299999999999994,0.053200000000000004,0.15425729999999999,0.213,0.0771,0.9320616,0.2976227,47.1397845,44.2752238,0.3193708,0.3095942,0.056499999999999995,0.0684,0.4910055,9.53249933968833,17.2091715944347,6.699832863261246,34.41841637940032,18.97622175850787,32.20496174356596,25.0,30.447999999999997,23.264599999999998,30.386200000000002,14.2695928,16.336918999999998,68.9853054,72.5008321313658,63.70068287876507,46.614125028693856,26.34699664862078,-20.267128380073075,0.42275614048511745,2.5522041763341066,2.129448035848989,17.530032902287857,21.27696141617255,3.7469285138846935,29.223735557425968,29.509323708859668,0.2855881514337,1.1286249904353813,1.3083268883732921,0.1797018979379108,3.2366669217231614,4.898169631348286,1.6615027096251245,1.844058458948657,14.108017530291312,12.263959071342654
Bridgend,Bridgend,Wales,0.0,13.1,2.5193946,96.0792647,93.4713543,2.607910400000002,1.8462411,0.5175787000000001,0.1504345,0.1336026,0.389236,0.37354160000000003,0.0642,1.3581182,0.34297720000000004,42.5947356,49.906369,0.6690934,0.2461759,0.0284,0.08,0.2945694,9.401561999556531,18.8454990972401,7.702869347436401,27.282319887107633,18.55756635423688,33.65339369968587,27.0,34.0544,17.130100000000002,32.047599999999996,12.690005200000002,14.2716366,72.7304082,66.00065000211957,56.45321944630163,43.95606748308641,16.34843138202736,-27.607636101059047,1.8583540292883445,4.253879247836806,2.3955252185484612,38.49019439924638,39.918789577995845,1.4285951787494682,5.251776997516486,3.4949485183931936,-1.7568284791232922,0.0,8.06786870981776,8.06786870981776,5.22608546715766,8.77120897181805,3.5451235046603893,5.217521623704719,19.144873592110986,13.927351968406267
Caerfyrddin,Carmarthenshire,Wales,0.0,63.0,2.3313322000000003,97.1516876,94.4834568,2.668230800000004,1.15085569999999,0.3271352,0.110821,0.0874,0.1427886,0.3047344,0.1896745,0.9515691,0.441153,49.5700632,41.970783499999996,0.6041491,0.2578555,0.061799999999999994,0.08310000000000001,0.32391770000000003,8.44691973227807,18.2475934819537,7.598378738905128,33.149915345544066,19.379756032274102,33.27469950161243,37.0,29.729899999999997,22.5415,30.2665,12.876197000000001,15.023451299999998,71.7192691,73.40002476848349,61.60038902096391,39.16426080761876,19.35137268660644,-19.81288812101232,0.0,3.0063152355056575,3.0063152355056575,25.083423943609162,24.087799315849487,-0.9956246277596748,1.2860410183345206,3.2036663450574507,1.9176253267229302,0.0,1.0920094728532586,1.0920094728532586,30.673765513104122,34.032102447153754,3.358336934049632,3.7925087173334338,15.22673449697395,11.434225779640517
Caerphilly,Caerphilly,Wales,0.0,13.0,2.4971579,97.51381839999999,95.89403560000001,1.619782799999991,1.0366423,0.30195489999999997,0.10065160000000001,0.0239,0.3029926,0.1379,0.037399999999999996,1.0874527999999999,0.2241762,36.9854627,56.043705200000005,0.34449480000000005,0.1743227,0.0477,0.10065059999999999,0.1826238,8.03966622324344,20.473366678698397,8.757278279926833,25.915215333341852,22.57532986754205,27.31801402495881,21.0,28.5621,17.4375,34.700900000000004,17.842544399999998,12.8745918,68.9273189,62.20017113362224,52.60015408320493,28.582839645876323,11.468849714913427,-17.113989930962894,0.3638864851671881,4.315530679499922,3.951644194332734,43.89491668330782,38.02374849610295,-5.871168187204873,0.71667887017684,4.67646597269446,3.9597871025176206,0.0,0.0,0.0,14.71077680889303,21.235026416278703,6.5242496073856735,11.730901506578801,20.28037872051054,8.54947721393174
Cardiff East,Cardiff,Wales,0.0,0.4,5.4023397,77.3252476,70.97398390000001,6.351263699999999,10.364781,2.24794,2.7127117999999997,1.7831682000000002,1.5424498,4.10517539999999,2.0257384,4.2653457999999995,3.9394500999999997,38.405488500000004,42.2098363,9.7844604,1.4100807,0.2518332,0.3833049,0.4592252,5.66094480173969,20.8587568654416,18.55746070851146,17.928356961384832,18.27973005488273,37.13922339218809,15.0,30.020200000000003,14.8923,25.845000000000002,19.753400600000003,24.905154099999997,54.774683,64.60036456031816,53.70055178850852,22.714349842884932,10.001789228842368,-12.712560614042564,0.6412859921763109,10.009457352452522,9.368171360276211,59.222761377482314,40.46980037318201,-18.752961004300303,12.2955900899938,17.217493545995964,4.921903456002164,1.0410209272995448,0.49842803465991875,-0.542592892639626,0.6284602723327847,9.073946272013906,8.445485999681122,3.456531497830316,12.72908519285331,9.272553695022994
Cardiff North,Cardiff; Rhondda Cynon Taf,Wales,0.0,2.4,3.6112228,87.7602351999999,84.23597579999999,3.5242593999999072,5.8333599,1.9543939,1.0767805,0.7956034000000001,0.8946544000000001,1.3462418,1.1279036,3.0567359,2.0033868999999997,44.6662122,42.9184595,4.1398628,1.1406723,0.17999400000000002,0.22366119999999998,0.40472030000000003,6.732135934875299,19.5861140023265,13.22902390741578,24.14598243743967,12.82686520701463,44.37843727301027,39.0,43.0788,17.0847,19.2695,10.365680300000001,15.309471499999999,73.78472670000001,76.90004638544903,66.40044758374711,35.73635050905701,20.310492279822213,-15.425858229234798,1.4988393134584803,6.656415225496598,5.1575759120381175,49.58964704162021,43.91759526467676,-5.672051776943448,6.547368805863751,6.673266909611779,0.12589810374802735,0.5264216125317589,0.0,-0.5264216125317589,3.4509861265970865,9.835064141722663,6.384078015125576,2.650386590871703,12.607166178669981,9.956779587798279
Cardiff South and Penarth,Cardiff; Vale of Glamorgan,Wales,0.0,0.9,6.8118259,75.58359089999999,68.7401952,6.8433956999999985,11.1401276,3.0342029,2.9158408000000002,1.7885828,1.7453712,5.2304772,2.5391487,3.9829784,4.0628258,34.0707133,43.3438539,12.0686092,1.9613368999999998,0.1606267,0.40203649999999996,0.5119389999999999,5.35689342086883,16.7634162361754,26.11222487630085,15.431453676846829,14.04314822213344,40.75775735783726,23.0,31.5529,13.771600000000001,20.1889,14.7593658,33.1532748,51.5611539,69.70082749840866,53.60040498570237,30.13500099265436,13.934551766387585,-16.200449226266773,2.289060948977566,14.450173575658567,12.161112626681001,53.66289458010721,44.48642025730039,-9.176474322806826,7.0041691483025605,7.422911986930774,0.41874283862821304,0.0,0.0,0.0,4.151280524121501,8.23718603226465,4.08590550814315,2.7575938058368075,11.468756381458036,8.711162575621229
Cardiff West,Cardiff; Rhondda Cynon Taf,Wales,0.0,7.3,4.1560894,83.93938800000001,79.4956344,4.4437536,7.624993900000001,1.7979611,1.6906492,2.3081801,0.9228818,2.8466903,0.7424028,3.8349349,1.7540608,40.5371393,44.546660700000004,6.6649757,1.0067703000000001,0.1170663,0.5228962,0.3785144,5.59289761648046,21.8934635961851,10.388945142652931,21.50455655488703,18.79867064003041,40.116257679997055,21.0,37.0613,15.7158,25.5843,19.1172085,17.963247600000003,62.4079469,70.20002703067982,59.100752673973325,29.85117729731811,15.271354201577406,-14.579823095740704,2.1967232051751027,7.053645239850749,4.856922034675646,50.15498353901542,36.73615300399937,-13.418830535016049,5.292543462775072,4.292066045534777,-1.0004774172402948,0.306116555322385,3.0229908170788926,2.716874261756508,8.507729924337228,21.05368992559823,12.545960001261003,3.69072601605668,12.57010076636057,8.879374750303889
Ceredigion Preseli,Ceredigion; Pembrokeshire,Wales,0.0,82.5,4.2497226,96.71490390000001,92.77233,3.9425739000000024,1.2928681,0.3783841,0.156683,0.0895,0.3666596,0.42532159999999997,0.1545513,1.1212961000000001,0.44553400000000004,47.0992635,42.9989022,0.5947496,0.19078879999999998,0.0853,0.0416,0.508415,7.856706198801799,15.9961816446202,13.409090909090821,32.567432567432505,15.41194509891918,35.11849109291048,24.0,29.398999999999997,23.6248,25.9309,10.397359100000001,19.3495537,69.9156376,69.80046203104524,61.20069789573861,28.26175314997968,10.286812664679712,-17.974940485299967,1.283217527628854,4.025744028335709,2.7425265007068553,20.773414365068614,11.63232689732625,-9.141087467742365,14.634099134844291,15.007991015506889,0.3738918806625975,0.0,0.4924193339380588,0.4924193339380588,31.05463835717189,46.9482959699365,15.893657612764613,3.9928774653066754,11.606410090276878,7.613532624970203
Clwyd East,Denbighshire; Flintshire; Wrexham,Wales,0.0,52.4,2.1344957,97.8233963,95.7395231,2.083873199999997,0.8822755999999999,0.20183940000000003,0.0895,0.0416,0.27570849999999997,0.153,0.0676,0.8791461,0.262156599999999,51.719796900000006,40.2784136,0.4504973,0.1591827,0.0479,0.0114,0.3162845,9.56194065002355,18.4625540210204,7.36088446991258,32.316294131784815,17.1892901618929,32.81693648816936,18.0,33.2258,19.467100000000002,31.1299,12.1641035,14.775912,72.4594334,69.10085165949319,62.40066808460665,47.9439606209769,28.98665885993894,-18.95730176103796,0.0,3.4691146334323117,3.4691146334323117,37.940174176448316,38.65166659696374,0.7114924205154267,5.344566452101477,3.8873321902053446,-1.457234261896132,0.0,1.2525615825352348,1.2525615825352348,4.657326770162817,7.8060306971686675,3.14870392700585,4.113971980310489,15.94663543975576,11.832663459445271
Clwyd North,Conwy; Denbighshire,Wales,0.0,24.6,2.5762976,95.924097,93.6386005,2.285496499999995,2.1234671,0.441097,0.2720599,0.1850407,0.3960871,0.30704560000000003,0.1460321,1.2172679,0.42809420000000004,48.6287257,42.595519100000004,0.9541908,0.28705739999999996,0.054,0.058,0.325065,10.1780428738003,19.722923902747,7.864201779831838,31.654702787747592,21.043156716781013,28.976305162263422,37.0,28.1276,18.0612,34.538000000000004,14.0233648,20.8511783,64.3742853,67.4003889823381,55.50044664880072,45.77784710171772,32.666298315996826,-13.111548785720892,0.0,3.341581185288395,3.341581185288395,40.252295813917215,35.539433540730776,-4.712862273186438,4.87628926280489,4.04785355658587,-0.82843570621902,0.0,0.0,0.0,7.239369065491625,7.588824560982054,0.349455495490429,1.854198756068553,16.816008840416078,14.961810084347526
Dwyfor Meirionnydd,Denbighshire; Gwynedd,Wales,0.0,89.3,2.105223,98.1879821,95.8836542,2.304327900000003,0.555694099999999,0.1143135,0.0423,0.06989999999999999,0.1323073,0.1534,0.0466,0.909216,0.1937258,48.3456816,43.2260796,0.3143522,0.0751,0.052899999999999996,0.0265,0.3143522,8.01638109583882,17.9671244277985,7.912492073557378,31.86810399492695,17.493512440848722,33.92611814990078,24.0,29.9031,21.3582,32.4828,15.4470779,15.830724700000001,68.2255748,69.6003196340741,55.30001232083453,26.18868522110931,11.664810001237777,-14.523875219871533,0.0,3.5846020547097415,3.5846020547097415,22.84532245932143,14.63547468746132,-8.20984777186011,0.15637990419256503,3.41873994306226,3.2623600388696947,0.0,0.7352395098403267,0.7352395098403267,45.7460707074706,53.93736848619879,8.191297778728192,5.063541707906093,12.023765317489788,6.960223609583696
Gower,Swansea,Wales,0.0,31.5,2.2347694000000002,95.7179453999999,93.4262741,2.291671299999909,2.0994785,0.5017556000000001,0.258669,0.35943569999999997,0.38436770000000003,0.41454359999999996,0.2763292,1.1801126,0.5879787,46.5246974,45.0589519,1.246559,0.2576222,0.0499,0.0883,0.3085233,8.16998106060606,18.7864655885974,8.612267727300953,30.99123733764208,15.465617388045718,37.44925363812379,18.0,36.743500000000004,18.867900000000002,26.887800000000002,11.2760417,12.4455492,75.8001894,70.60041138334158,62.000656383327865,39.88678062362855,18.871879565521184,-21.01490105810737,0.0036879275691025426,5.267949776620297,5.264261849051194,45.75242942228614,43.36318787185839,-2.389241550427748,5.867492762442145,5.490270808189884,-0.3772219542522617,0.0,0.5992081136589807,0.5992081136589807,5.054304733455035,8.346566728069618,3.2922619946145835,3.4353045306190184,18.060937136081645,14.625632605462627
Llanelli,Carmarthenshire,Wales,0.0,34.2,2.3873196,97.26318039999991,93.5725678,3.6906125999999104,1.3216579,0.2711324,0.14673049999999999,0.0585,0.2604997,0.179626399999999,0.0914,0.916533699999999,0.3189385,45.5682205,46.8048231,0.4869854,0.18713849999999999,0.05,0.10526540000000001,0.2690116,8.331496043702991,19.9457216505647,8.167646173379218,28.856398643961228,20.71915363146622,29.258129421691443,23.0,27.6089,17.4719,36.6479,15.7443473,14.7448618,69.0967884,62.800646721323204,57.000559597090096,30.67301558370546,10.492342430787355,-20.180673152918104,0.0,2.7145101119183193,2.7145101119183193,39.31468149093229,31.295405458472413,-8.019276032459874,0.0,3.077753779697624,3.077753779697624,0.0,1.472609463970155,1.472609463970155,21.142805066982593,23.343314353033577,2.200509286050984,8.869497858379658,27.60406440212056,18.734566543740904
Merthyr Tydfil and Aberdare,Merthyr Tydfil; Rhondda Cynon Taf,Wales,0.0,8.7,2.5612843,97.3648188,94.5088909,2.855927899999999,1.3065582,0.3863445,0.1605587,0.0542,0.258901,0.17355969999999998,0.0271,0.8559789,0.2990464,41.5024285,51.8444186,0.4686308,0.1796251,0.0151,0.0963,0.2247822,7.369381702030569,20.8293959077299,8.769835785453113,25.51042203264182,25.98209323865391,25.400432232170424,28.000000000000004,24.549599999999998,16.226499999999998,38.860099999999996,19.4204883,16.0734657,64.2162902,57.60062002244909,47.30020147750168,20.605020182805177,7.630271191253728,-12.974748991551449,0.0,3.495669459037342,3.495669459037342,51.71437850879228,44.8416867812012,-6.872691727591082,3.3266830603628263,3.623455913673151,0.29677285331032444,5.4841553380039905,3.174783472951867,-2.3093718650521233,8.149677539089687,13.5396847934119,5.390007254322212,10.720085370946041,23.694448388470825,12.974363017524784
Mid and South Pembrokeshire,Pembrokeshire,Wales,0.0,71.1,2.3194983,97.4259988,94.4947135,2.9312852999999968,1.0325119,0.210866,0.07519999999999999,0.1366174,0.1950263,0.21086749999999999,0.0851,0.9652318,0.3652647,48.8976885,42.968866,0.535564,0.1385933,0.0535,0.026699999999999998,0.3593526,10.1239941960163,18.9030485970242,7.682364909341152,32.35593321764097,19.05762914302777,30.424604359510298,25.0,27.513900000000003,19.9428,35.5533,17.5504551,16.6490789,65.4860837,71.60013025073266,59.00015183723048,52.8860671990686,31.368890604559397,-21.517176594509202,0.0,3.5471487700787065,3.5471487700787065,37.203252624110895,35.39642711617234,-1.8068255079385551,4.604245875097779,5.086963048746488,0.4827171736487088,0.0,1.4604645177893585,1.4604645177893585,5.306434301722727,6.352270046537563,1.0458357448148359,0.0,16.787835896116153,16.787835896116153
Monmouthshire,Monmouthshire,Wales,0.0,46.5,2.2903884999999997,96.9297971,94.1975043,2.732292800000002,1.2747038,0.3410069,0.10111880000000001,0.055900000000000005,0.2979776,0.24739659999999902,0.0947,1.19944059999999,0.348572599999999,48.6773739,43.364278899999995,0.46794820000000004,0.2194516,0.08499999999999999,0.1097258,0.36467689999999997,9.6324894927182,17.9953650057937,6.463961360103783,32.400734774621945,15.74023185367911,39.378059535525765,19.0,39.2899,19.5402,26.8702,14.0340159,13.6405845,71.9148624,72.70027225476446,68.00053497392003,52.14101982145559,34.75729682951774,-17.38372299193785,2.5211832349825993,4.635748564235701,2.114565329253102,31.644348615524287,41.32247659507513,9.678127979550844,9.591087910425177,4.482338132326332,-5.108749778098845,0.8227417158420337,1.6029423334120052,0.7802006175699715,2.4266152216674235,2.5037369207772797,0.07712169910985622,0.85300348010289,10.69546062465581,9.84245714455292
Montgomeryshire and Glyndwr,Powys; Wrexham,Wales,0.0,63.9,2.3016166,98.0233283,94.86746839999999,3.155859900000002,0.6085292,0.1145335,0.030699999999999998,0.0747,0.1063525,0.23528,0.10532989999999999,0.8211642,0.3118992,47.9016259,43.5361489,0.4376726,0.0777,0.047,0.0378,0.2955312,7.9760001853267495,18.9805250807276,7.77933185627111,30.95641841294192,20.614841599921018,28.61814905774476,15.0,27.2655,21.517500000000002,34.6678,18.602173,16.6585586,64.20645400000001,69.00045813458378,58.40049680720371,53.63615060146852,17.973138537645344,-35.663012063823174,0.0,4.031531010887908,4.031531010887908,24.8027651929386,29.378857578769736,4.576092385831135,16.784486798937667,14.956425252548602,-1.8280615463890655,1.4197000468676768,0.0,-1.4197000468676768,1.9899234494610216,13.10016412769597,11.110240678234948,1.3669739103265115,20.55988349245244,19.192909582125928
Neath and Swansea East,Neath Port Talbot; Swansea,Wales,0.0,15.9,2.9553709,95.60618269999999,93.0540763,2.5521063999999978,2.0165585,0.5536242,0.2240621,0.3074573,0.42501459999999996,0.6259242,0.22707629999999998,1.1615055,0.589795599999999,41.7776081,49.2901424,1.0158048,0.30946379999999996,0.0271,0.12860829999999998,0.2732927,7.43166878099411,19.4184940839713,12.027687890805561,25.304737111019136,21.918759825966138,27.26286668372881,17.0,26.2193,16.6174,35.852000000000004,18.403875,15.407680800000001,65.7086842,60.000535432227665,52.600057662569135,28.22371943601642,9.380372225128934,-18.843347210887487,1.731215420310548,4.262899568976256,2.5316841486657085,47.07745850437266,41.84916660438,-5.228291899992655,4.125022309477066,5.839998006826619,1.7149756973495531,1.4746564340531858,0.0,-1.4746564340531858,8.522220239157594,13.329346986570995,4.807126747413401,8.845707656612529,25.338216608117197,16.492508951504668
Newport East,Newport,Wales,0.0,11.3,3.0512292,83.8836556,77.965609,5.918046599999993,8.6150044,1.0691544000000002,3.7243271,2.1764604,0.40422569999999997,2.6397303999999897,0.7639412,2.8150463,2.04656309999999,41.206340600000004,42.9150202,8.7514194,0.4005995,0.0427,0.1834946,0.2643412,7.2758741565156395,22.9451849825149,9.432873581074332,20.67331698494241,23.99481193255512,27.90292852754454,20.0,26.522499999999997,15.8166,36.245,20.6817983,18.804224,59.591622099999995,60.900548570828626,50.20064100893764,36.20084042667816,16.83579455503361,-19.365045871644554,1.8769529145566213,5.429394513508604,3.5524415989519826,47.49057213662321,42.48527159949132,-5.0053005371318875,5.7127464712854215,5.307414808855207,-0.4053316624302141,0.0,5.027121019438893,5.027121019438893,2.592393061092555,5.810905504658587,3.218512443566032,6.126494989764034,19.10409799901378,12.977603009249748
Newport West and Islwyn,Caerphilly; Newport,Wales,0.0,8.8,2.4394982,93.6163507,91.1357641,2.48058659999999,3.0328385,0.9321967,0.7254794,0.46068430000000005,0.36520060000000004,0.911525,0.1840769,1.8575028,0.5817616999999999,41.5379618,49.7780271,1.7856264,0.3711032,0.064,0.2766048,0.27857350000000003,8.05767403045967,20.8484883754764,8.353552434869972,25.44053133348027,20.22027127123481,31.165834881546512,26.0,32.4566,16.8522,33.0492,17.297573,12.320637900000001,69.7002712,63.7001942359179,55.40060483604717,37.67229124173311,15.994851135848966,-21.677440105884145,1.9510888600449143,4.953398011966342,3.0023091519214273,41.794919339885034,41.498414817286836,-0.29650452259819815,5.0971423862208205,4.974851612595647,-0.12229077362517327,0.0,3.8068222450001197,3.8068222450001197,4.623277087582669,8.412195180091059,3.78891809250839,8.861281084533449,20.359466997211033,11.498185912677584
Pontypridd,Rhondda Cynon Taf,Wales,0.0,13.7,2.9906044,95.75703639999999,93.7143871,2.042649299999999,1.886867,0.6062817,0.21293800000000002,0.1350579,0.41798929999999995,0.686132199999999,0.1449161,1.1573572,0.5126284,36.7995583,55.4112938,0.7926179999999999,0.28096530000000003,0.029599999999999998,0.12224460000000001,0.3036397,7.464238670764679,20.1932708176328,10.535626770580569,23.71771118469017,21.96769741143424,29.247887255732856,35.0,28.4165,17.192,33.0597,14.0549534,16.5738451,69.09620319999999,61.8003579563944,51.800207842776146,27.328374909497793,9.586571181878206,-17.741803727619587,0.221593277605915,4.736147087206055,4.51455380960014,46.63112398253582,41.20320991416527,-5.427914068370548,1.4019614296057394,4.078419422012291,2.6764579924065517,5.070317470765046,7.133424754939306,2.0631072841742606,10.888786502556002,13.395804764081468,2.5070182615254666,8.457842427433688,19.866422875717404,11.408580448283717
Rhondda and Ogmore,Bridgend; Rhondda Cynon Taf,Wales,0.0,15.7,2.7066784999999998,97.6585755,96.61127040000001,1.047305099999996,1.007278,0.19986610000000002,0.0789,0.10293100000000001,0.3167878,0.2149049,0.039,0.9363725999999999,0.1829036,31.370981399999998,61.3379036,0.3837429,0.1419049,0.032,0.0889,0.1818781,6.671364276946851,20.22963746134,9.466121640034677,25.21986869812946,28.02888210559867,21.88469223885354,33.0,21.0356,16.381899999999998,41.8984,13.0881484,19.843615,66.7431923,57.80014671122341,48.100483610961845,15.445721403558252,5.72529743618388,-9.720423967374373,1.3866365837034949,3.2871585767748424,1.9005219930713475,56.28569414087288,47.80763000614422,-8.478064134728655,2.277374321370655,2.6112941965033794,0.33391987513272436,0.6510141248913018,0.0,-0.6510141248913018,12.432724623375401,14.5171200357482,2.084395412372798,11.52083480222802,26.05149974864548,14.53066494641746
Swansea West,Swansea,Wales,0.0,0.0,4.5389876000000005,86.5827759,81.19757039999999,5.385205500000001,7.062030599999999,1.3410493,0.5557415,2.2640968,1.2788750999999998,1.99722609999999,1.1028744,2.0307044,2.3272275,37.0938274,47.9238208,5.6024794,0.5882746999999999,0.0947,0.1836565,0.5021857000000001,6.54809673571196,18.8194105916242,18.71670014848454,20.72670102192319,20.944054339345538,30.11955573913442,45.0,23.7505,14.482999999999999,31.4494,26.1241134,22.9182483,50.30041429999999,59.20037503348513,48.00026923335801,28.670331907961717,9.916706397060885,-18.753625510900832,0.830335527953121,6.464368847631601,5.63403331967848,51.37899047489762,41.39720111058137,-9.98178936431625,6.411909771714293,12.247244580306813,5.83533480859252,0.0,0.9451159660094792,0.9451159660094792,5.871173555962804,11.512465995456713,5.641292439493909,6.837258761510441,17.516897102953134,10.679638341442693
Torfaen,Torfaen,Wales,0.0,8.7,2.6453477,97.09567460000001,95.2284451,1.867229500000001,1.3025967,0.27526120000000004,0.0986,0.1072868,0.2297455,0.2470772,0.0499,1.0891239000000001,0.2655574,41.5369776,50.7976418,0.39340210000000003,0.27418939999999997,0.015200000000000002,0.0672,0.28177559999999996,8.63795631321289,20.6217660621128,8.575826529246399,26.67380538080571,22.141307097306733,26.796959248066248,32.0,27.618,16.3844,38.2645,23.7941403,11.170199499999999,64.3994931,61.70028900096334,49.80054675295693,33.30654604734462,16.067777622181765,-17.238768425162853,2.2179872798659104,4.77524156280633,2.5572542829404195,42.743324225656096,42.50385100126033,-0.23947322439576624,4.952586503799967,4.604397143257247,-0.34818936054272065,0.0,2.8511412967371514,2.8511412967371514,3.5956191307143017,7.200672174765439,3.6050530440511377,13.183936812619107,21.996919198991737,8.81298238637263
Vale of Glamorgan,Vale of Glamorgan,Wales,0.0,27.1,3.0136487,95.18897750000001,93.0372505,2.151727000000003,1.8000169,0.5074798,0.2373183,0.1292537,0.3814044,0.384564,0.1970589,2.1231512,0.5032419,43.2984776,48.9718082,0.8284864,0.2118891,0.1112418,0.107004,0.2934664,10.120816485604301,20.8425902226772,8.061616462097602,27.749395346430838,16.46870360240681,34.285379385793554,20.0,35.074600000000004,18.2687,28.8792,13.246291399999999,15.996394899999999,70.4723163,71.00068170198261,61.50067773408667,49.07687076190667,29.511630951861388,-19.56523981004528,5.962834796871562,4.104656745079213,-1.8581780517923487,43.944152181305384,38.711648409200016,-5.2325037721053675,0.0,3.5176537336882996,3.5176537336882996,1.0161422599163883,1.8570243966307336,0.8408821367143453,0.0,7.081132981277004,7.081132981277004,0.0,15.216252782263345,15.216252782263345
Wrexham,Wrexham,Wales,0.0,33.0,2.5150484,95.3804837,89.19268070000001,6.187802999999992,2.0114854,0.4874799,0.2684672,0.5117025,0.2634208,0.7256732,0.1524006,1.2525106,0.6297878,50.8427533,40.203875700000005,1.3352846,0.29773920000000004,0.0394,0.0696,0.3249899,8.15506441318993,20.0914679124661,8.856942410181285,25.863108791709138,20.42777318646618,30.17601855163992,28.000000000000004,28.286299999999997,17.2802,36.260799999999996,19.6076114,16.563054,63.198203500000005,66.40034945327471,57.400193357597814,46.54415041487172,24.49161568374904,-22.052534731122684,0.9443371601977804,3.316572957174349,2.3722357969765686,38.185174967637884,39.22423401778416,1.0390590501462782,4.2717993336587226,4.401456418893815,0.12965708523509267,0.0,1.1889133827062641,1.1889133827062641,6.281433694798719,10.249424120080251,3.967990425281532,3.773104428835176,17.127783419612115,13.35467899077694
Ynys Môn,Isle of Anglesey,Wales,0.0,82.5,2.0420305,98.1242384,96.3123739,1.8118644999999929,0.6242702,0.1364712,0.0319,0.09,0.1567967,0.151,0.0842,0.8681892,0.23228580000000001,51.5178792,40.7468169,0.47619740000000005,0.09,0.0436,0.0436,0.2235805,9.89877360327039,18.7084822785359,7.092754139220203,33.73508990564346,17.9711970882111,32.27640996027788,23.0,30.309,19.839100000000002,32.4368,15.6371658,15.5690371,68.1936153,69.70118800175436,61.40007527286413,35.453600350186036,30.504474684320215,-4.949125665865822,0.0,1.8511707735687137,1.8511707735687137,30.06949004158459,23.35110947652323,-6.718380565061359,0.0,1.34547014833885,1.34547014833885,0.0,0.6129704548240774,0.6129704548240774,28.50186036331801,32.456785582934906,3.9549252196168965,5.975049244911359,9.878018879490009,3.9029696345786498
