embedding,algorithm,k,distortion,silhouette,davies_bouldin,calinski_harabasz,n_noise,eps_percentile,degenerate
PCA,KMeans,2,13172.574071255549,0.45318853170348666,1.3095983271819347,309.3180566650917,0,,
PCA,HAC,2,13735.558432078096,0.4404309393465195,1.3735721571049349,270.8178836757168,0,,
PCA,GMM,2,14052.498071796861,0.42860354528300315,1.4837072256258759,250.5008628837051,0,,
PCA,KMeans,3,11325.209306127848,0.4544809132109792,1.4830119519302822,230.90257428114725,0,,
PCA,HAC,3,12178.933736645158,0.4337287941778946,1.3660303274447498,192.67069682788267,0,,
PCA,GMM,3,12713.799065734784,0.13901898857587347,1.8333098795083853,171.33419306052645,0,,
PCA,KMeans,4,10108.6902899567,0.24894974267040554,1.5753752934349554,197.37799482969518,0,,
PCA,HAC,4,10831.034733962097,0.23690069934631533,1.598568777102961,170.25356254517698,0,,
PCA,GMM,4,12734.834245662525,0.10799393769423611,2.0775012325152544,113.50705661656427,0,,
PCA,KMeans,5,9209.622812204549,0.18676316443363544,1.488308646179234,177.52852460236628,0,,
PCA,HAC,5,9986.120119403218,0.24709083332756498,1.7751728967360954,151.53580960350104,0,,
PCA,GMM,5,11604.642889867762,0.059091220065381186,1.7177385234569402,108.53857070612644,0,,
PCA,KMeans,6,8434.18521609122,0.19765344803221646,1.456115784272906,166.3439044795168,0,,
PCA,HAC,6,9175.907520214809,0.1788139106999578,1.6791975421300895,142.77733996180112,0,,
PCA,GMM,6,11408.953499280029,0.05847088619742724,1.9883458346008214,90.3268043784931,0,,
PCA,KMeans,7,7789.923711109939,0.2006498350165185,1.430158186937317,158.45970474199058,0,,
PCA,HAC,7,8594.045517931023,0.1855001203979878,1.573023867211815,133.88645901558954,0,,
PCA,GMM,7,10376.411317444079,0.07823221686095584,1.8422305553342095,92.99585274500562,0,,
PCA,KMeans,8,7316.624011097627,0.20795644001775845,1.3659873117040742,150.14385506576554,0,,
PCA,HAC,8,8097.415652581314,0.14250341798758182,1.6167271036885722,127.07068297893487,0,,
PCA,GMM,8,9077.064004782398,0.09209379118193302,1.7019701883395315,103.73568851461472,0,,
PCA,KMeans,9,6904.729228147922,0.19463736645262136,1.4570193704428789,143.63542904905265,0,,
PCA,HAC,9,7635.661463564714,0.14513687934756986,1.5183910708089552,122.43109543034231,0,,
PCA,GMM,9,9078.263723908978,0.09676905002905525,1.5773368432900874,90.60099720709714,0,,
PCA,KMeans,10,6493.979975948976,0.21025794264668138,1.247424320454103,139.90497006255077,0,,
PCA,HAC,10,7180.25293963766,0.1513094887889595,1.4909959655588192,119.92766749514536,0,,
PCA,GMM,10,8044.982600025074,0.11384129617593938,1.5133967339553778,99.60848882796836,0,,
PCA,KMeans,11,6146.6306487469765,0.20712645680943526,1.2415842961551211,136.32539516190414,0,,
PCA,HAC,11,6750.443580568804,0.15664675687825774,1.382584974484801,118.57666233114726,0,,
PCA,GMM,11,8023.965042283962,0.0992349479917103,1.94966030422858,89.90061428043393,0,,
PCA,KMeans,12,5922.522511020982,0.1963450782512654,1.3303323335890518,130.547447139913,0,,
PCA,HAC,12,6448.588854071153,0.15951929228974246,1.3089955112329033,115.29951733707243,0,,
PCA,GMM,12,7056.626522342403,0.1368523644555374,1.571014889393636,100.50807791856386,0,,
PCA,KMeans,13,5616.061954593808,0.20231948216798398,1.2534184507411217,128.80991695148677,0,,
PCA,HAC,13,6164.393615491541,0.164164281227089,1.3015523176644495,112.7636783896216,0,,
PCA,GMM,13,6750.882574985588,0.13234278090624685,1.4457085109172474,98.4858848077124,0,,
PCA,KMeans,14,5457.117735635466,0.20682345397144827,1.2441359806661132,123.55151626320367,0,,
PCA,HAC,14,5925.04616530938,0.1649292094149684,1.3098533415782871,110.0397456521307,0,,
PCA,GMM,14,6298.907475130144,0.13983914152564755,1.472822689532509,100.68694992174643,0,,
PCA,KMeans,15,5212.085840471356,0.1921594947462468,1.2904214813627741,121.99748307439252,0,,
PCA,HAC,15,5690.9203276427315,0.16350056482764141,1.300399220592659,108.02443169344419,0,,
PCA,GMM,15,6554.321000791383,0.1047398747150417,1.5923669793013886,87.98884476995376,0,,
PCA,KMeans,16,5004.2204549626185,0.17660682900443642,1.2659999795526735,120.10763239692804,0,,
PCA,HAC,16,5465.693030383243,0.16254498085880123,1.332058733742637,106.49956504535277,0,,
PCA,GMM,16,6080.443590456539,0.12059242166096042,1.537984893594437,91.58018914073087,0,,
PCA,KMeans,17,4881.925488121169,0.1957297669664974,1.3014017229618766,116.19712923076834,0,,
PCA,HAC,17,5271.231666741922,0.16591188616409377,1.3141146946150266,104.7766073500679,0,,
PCA,GMM,17,5788.703426985961,0.13127461983929659,1.6135554619820103,91.97421435188218,0,,
PCA,KMeans,18,4708.714520021132,0.1895334384104754,1.3293729520570758,114.52913518881765,0,,
PCA,HAC,18,5097.375442766757,0.16758118452565188,1.344672998131059,103.04273045869103,0,,
PCA,GMM,18,5944.490438275344,0.12327065450259715,1.6234315225436589,83.21178888349955,0,,
PCA,KMeans,19,4559.7812495851285,0.19019938405072864,1.2739304863825236,112.62979121364812,0,,
PCA,HAC,19,4943.7545594189305,0.1686350594547801,1.3149354260851567,101.23698086553287,0,,
PCA,GMM,19,5465.038245798304,0.10446990594288907,1.602232304655944,88.33207719364671,0,,
PCA,KMeans,20,4418.123749051875,0.18045575903196517,1.3145806339025485,110.97618551824212,0,,
PCA,HAC,20,4795.511681148776,0.16983549735580702,1.323959349540051,99.70795374743447,0,,
PCA,GMM,20,5142.059154631244,0.12041008146046611,1.4977767340584134,90.8173489144692,0,,
PCA,DBSCAN,1,,,,,89,80.0,True
PCA,DBSCAN,2,10092.354022507232,0.5035682842876951,0.6191154349383982,61.78986698183634,53,85.0,False
PCA,DBSCAN,1,,,,,37,90.0,True
PCA,DBSCAN,1,,,,,14,95.0,True
UMAP,KMeans,2,2082.170654296875,0.4714568853378296,0.8639624255551904,759.140619396122,0,,
UMAP,HAC,2,2109.1714477539062,0.4636399447917938,0.8720824278857559,741.3573550070655,0,,
UMAP,GMM,2,2088.67431640625,0.47002583742141724,0.8672033290633174,754.8151443498007,0,,
UMAP,KMeans,3,1460.0542907714844,0.4444759786128998,0.854525786257287,674.4483722825813,0,,
UMAP,HAC,3,1555.1790771484375,0.424768328666687,0.8970128792028405,613.9579042681964,0,,
UMAP,GMM,3,1514.6077575683594,0.4419325888156891,0.8377555535684301,638.8282246144367,0,,
UMAP,KMeans,4,1168.862060546875,0.3829341232776642,1.0221836397452437,612.903821648493,0,,
UMAP,HAC,4,1215.1714477539062,0.3732064664363861,1.0053127495549963,581.5689024076354,0,,
UMAP,GMM,4,1193.6831665039062,0.39265474677085876,1.1255878719428052,595.8064369550892,0,,
UMAP,KMeans,5,919.3505964279175,0.4244416654109955,0.8335778881488831,626.0455708272558,0,,
UMAP,HAC,5,942.5009717941284,0.41646987199783325,0.837794544027459,606.8179891214353,0,,
UMAP,GMM,5,948.1310987472534,0.42749375104904175,0.904666574602523,602.2838306858735,0,,
UMAP,KMeans,6,686.2790746688843,0.45815393328666687,0.759235616117421,712.3785646789487,0,,
UMAP,HAC,6,714.0504331588745,0.44974392652511597,0.7833979457269389,679.8028294171448,0,,
UMAP,GMM,6,695.4770917892456,0.4554647207260132,0.7440860970670508,701.30119713629,0,,
UMAP,KMeans,7,548.2248754501343,0.4934481978416443,0.6932557901377697,768.1858202679048,0,,
UMAP,HAC,7,572.7225179672241,0.48709481954574585,0.6996806239687473,730.8717839035838,0,,
UMAP,GMM,7,557.7614660263062,0.4907267093658447,0.689051458443019,753.2703715169089,0,,
UMAP,KMeans,8,474.3237180709839,0.49774137139320374,0.7075757027527138,773.70396486411,0,,
UMAP,HAC,8,498.5513906478882,0.4723655581474304,0.6818848439752191,731.7729004228189,0,,
UMAP,GMM,8,487.35235691070557,0.48924458026885986,0.7146312287097932,750.6369913297866,0,,
UMAP,KMeans,9,407.18731594085693,0.45786386728286743,0.8194612774510477,800.1882465114936,0,,
UMAP,HAC,9,434.65882778167725,0.43888965249061584,0.8125685032642008,744.6924736281497,0,,
UMAP,GMM,9,418.47854709625244,0.449015349149704,0.8351056322515475,776.4966677559452,0,,
UMAP,KMeans,10,364.9080629348755,0.4585510790348053,0.8080100318928984,800.4225195002176,0,,
UMAP,HAC,10,393.5781078338623,0.4348107874393463,0.8418438326298758,737.0816909866769,0,,
UMAP,GMM,10,372.70576572418213,0.460455983877182,0.7921309401850933,782.2302647153956,0,,
UMAP,KMeans,11,330.9215488433838,0.4602288007736206,0.7772469949995519,799.4659522685267,0,,
UMAP,HAC,11,363.75358486175537,0.44017836451530457,0.8235923750409089,721.7018762561206,0,,
UMAP,GMM,11,346.12606859207153,0.4528563320636749,0.7922521054211701,761.619365492044,0,,
UMAP,KMeans,12,302.9874029159546,0.4249420166015625,0.8587712989974271,797.7121395746238,0,,
UMAP,HAC,12,335.3973779678345,0.4294946789741516,0.8467631082117699,715.1814695116226,0,,
UMAP,GMM,12,319.46435594558716,0.4166730046272278,0.8859950515610086,753.6616416646881,0,,
UMAP,KMeans,13,277.55555152893066,0.42268770933151245,0.8563536748667536,801.6768033859502,0,,
UMAP,HAC,13,312.4648151397705,0.42512455582618713,0.8250691398188595,706.3486986744483,0,,
UMAP,GMM,13,296.14642667770386,0.42151105403900146,0.8592905645575064,748.112583679057,0,,
UMAP,KMeans,14,256.75647830963135,0.42912185192108154,0.8196790195764914,802.5139095254258,0,,
UMAP,HAC,14,289.7048816680908,0.3989899456501007,0.8916105157114068,705.8366846135989,0,,
UMAP,GMM,14,271.63723039627075,0.4106288254261017,0.8770569815963494,755.946600299066,0,,
UMAP,KMeans,15,243.09780263900757,0.4256846606731415,0.8561952948400867,788.263403916896,0,,
UMAP,HAC,15,271.22275400161743,0.39548006653785706,0.8664510886048102,701.9528876414598,0,,
UMAP,GMM,15,251.28091096878052,0.4158782958984375,0.8568193473130742,761.1579390283143,0,,
UMAP,KMeans,16,228.0258617401123,0.42508742213249207,0.8553330917594808,785.7844595988204,0,,
UMAP,HAC,16,254.29460191726685,0.4036831557750702,0.8827419768250009,700.3703803478135,0,,
UMAP,GMM,16,234.42891693115234,0.41560065746307373,0.8808279868945801,763.2003209098208,0,,
UMAP,KMeans,17,215.31320762634277,0.40114739537239075,0.91915912919215,781.1709583322959,0,,
UMAP,HAC,17,237.4219012260437,0.41001877188682556,0.8789326904015068,704.8491337961478,0,,
UMAP,GMM,17,229.00380158424377,0.3854146897792816,0.9205521215008531,732.1721019035924,0,,
UMAP,KMeans,18,203.61891412734985,0.4169103801250458,0.8978183894073517,778.2552285331989,0,,
UMAP,HAC,18,221.53657269477844,0.39928770065307617,0.8899484457646142,712.3895522698247,0,,
UMAP,GMM,18,209.4770007133484,0.40800631046295166,0.9136953281806224,755.4810604666524,0,,
UMAP,KMeans,19,193.8885097503662,0.4126031696796417,0.8672314837963384,772.3581023401774,0,,
UMAP,HAC,19,206.09292912483215,0.38948339223861694,0.8871446846117181,724.6038419992122,0,,
UMAP,GMM,19,200.34783685207367,0.40159863233566284,0.8940885086726921,746.358867810646,0,,
UMAP,KMeans,20,187.3831728696823,0.4163382947444916,0.8663744535505356,756.9933491303043,0,,
UMAP,HAC,20,197.7882297039032,0.39338597655296326,0.9059092443114674,715.4756371095648,0,,
UMAP,GMM,20,192.46187913417816,0.3832758069038391,0.9214580864232289,736.16772929955,0,,
UMAP,DBSCAN,6,768.392352104187,0.4563444256782532,0.7927859866310247,578.9269132755503,27,80.0,False
UMAP,DBSCAN,4,1222.604121208191,0.47374358773231506,0.6126136211793347,542.6747212546957,22,85.0,False
UMAP,DBSCAN,3,1704.0420484542847,0.44076523184776306,0.7674790405688267,514.0544620156593,15,90.0,False
UMAP,DBSCAN,2,3878.895136833191,0.311445027589798,0.641404579203545,113.18165204341457,3,95.0,False
