Seat,Labour,Conservative,Reform,LibDem,Green,Oth,SNP,Plaid,Restore
Aldershot,29.2770967077492,27.348099409927226,24.49484555977224,6.909929215007295,7.702928642759948,0.51,0.0,0.0,3.6571004647840972
Aldridge-Brownhills,20.91576260063944,32.32062990318142,31.165374557559335,3.866062268164354,6.836186804493063,0.0,0.0,0.0,4.895983865962392
Altrincham and Sale West,29.283237344930928,32.93760739021864,16.291592212800417,8.012234784651188,10.179593777860822,1.02,0.0,0.0,2.1757344895380033
Amber Valley,25.516501738097446,20.710543534406423,36.933585836703394,3.0788691871467,7.539765099896016,0.0,0.0,0.0,6.220734603750026
Arundel and South Downs,13.032871830884474,37.618954303804145,19.64885598444676,14.049662768508492,12.290644355525464,0.24220382499999993,0.0,0.0,3.1168069318306553
Ashfield,23.429110540424176,8.502309268915166,43.415552897122595,1.5262886352120857,5.300312868471973,10.80186080808205,0.0,0.0,7.024564981771968
Ashford,23.905395291594523,25.578203283303075,27.662826521204885,4.529741371727162,11.97267381518148,2.00992605,0.0,0.0,4.341233666988881
Ashton-under-Lyne,32.443057326922286,13.126795696028148,28.825451744914872,3.5482270808571497,10.30860907588347,6.8,0.0,0.0,4.947859075394074
Aylesbury,22.127970875371666,26.80558062466359,21.987633362683056,16.472338543980857,8.458182292744231,1.105,0.0,0.0,3.043294300556596
Banbury,26.538265339666832,24.821028688955888,25.573650055948743,7.582880702432052,9.639948583310733,2.21,0.0,0.0,3.534226629685749
Barking,37.95962415101133,11.870467036484335,14.059360435808138,3.8288894318408566,19.60766603080918,11.135,0.0,0.0,1.538992914046178
Barnsley North,34.13506291692468,8.295391155252723,37.520993005526584,3.6783606414281893,7.279335388624311,2.74894737,0.0,0.0,6.341909522243521
Barnsley South,31.8585702600386,9.409563861222127,38.74098653690549,3.0883067625739145,7.433895563931371,2.51018166,0.0,0.0,6.858495355328505
Barrow and Furness,28.09930435390536,19.662471625383873,34.82509250214946,3.7359657607179533,8.396007551044434,0.5000671299999957,0.0,0.0,4.781091076798924
Basildon and Billericay,22.461451297563602,25.323399869673153,34.369093103481575,4.6679268799558296,7.519780639867489,1.105,0.0,0.0,4.453348209458359
Basingstoke,29.751756715263006,23.616600365399382,25.75831254603747,5.723519003347095,10.779669918478644,1.02,0.0,0.0,3.350141451474428
Bassetlaw,27.238062149968606,19.656597310293865,35.33183692394294,3.8914610183315888,8.390709376321759,0.0,0.0,0.0,5.391333221141254
Bath,14.442792790453714,16.61442851586933,14.813532913263542,29.296048644879168,19.045777330638458,3.675724285,0.0,0.0,2.111695519895796
Battersea,39.342776690510675,24.06874074859021,5.973610947546854,9.931643336511529,17.170579972977794,2.295,0.0,0.0,1.2176483038629382
Beaconsfield,12.574691618854825,35.25935742632831,18.64907972034566,21.503,7.759,1.7,0.0,0.0,2.5548712344711983
Beckenham and Penge,37.279686381933736,25.3644141662903,15.422413386771623,7.744876899472757,12.293874726518645,0.0,0.0,0.0,1.8947344390129448
Bedford,33.56404583211577,18.351249800702917,21.597008177851695,8.504059091819101,10.138177275457302,5.1,0.0,0.0,2.7454598220532236
Bermondsey and Old Southwark,35.383462302115404,10.83906621141806,7.836450535769172,17.55016546435832,25.102306022108213,2.125,0.0,0.0,1.1635494642308204
Bethnal Green and Stepney,33.8924919354839,5.883926463484352,3.223279648910157,5.7048414844438335,21.856033918041017,28.645000000000003,0.0,0.0,0.7944265496367189
Beverley and Holderness,24.29227275915579,27.518200558454684,30.652725468423945,6.024660603327688,5.657981809983064,1.4599991049999999,0.0,0.0,4.394159695654836
Bexhill and Battle,21.506021772880562,28.799467124812022,27.03447845634189,5.897981576722912,8.780711143423957,4.17054184023433,0.0,0.0,3.8107980855843304
Bexleyheath and Crayford,26.841744853211218,27.75187336535786,28.51442556130771,4.880384792164609,8.741154376493824,0.0,0.0,0.0,3.270417051464799
Bicester and Woodstock,12.524437230362265,24.044258415455662,21.913930276086617,28.973012727610005,9.013491488100982,0.51,0.0,0.0,3.020869862384467
Birkenhead,35.74336638345163,4.8430981758705345,27.694850788224088,4.963039248659094,22.541686463794658,0.68,0.0,0.0,3.5339589399999998
Birmingham Edgbaston,36.68235494094033,22.5550903721606,12.2496515606557,5.7427950800318435,13.103405903263644,7.565,0.0,0.0,2.1017021429478797
Birmingham Erdington,33.828112362310556,16.39800509164362,25.04349561137771,3.604832869798038,11.540345695474459,5.779999999999999,0.0,0.0,3.805208369395597
Birmingham Hall Green and Moseley,32.74616924211305,10.371333683751363,4.769092490822611,7.394574508704028,14.832819797850883,28.645000000000003,0.0,0.0,1.1410102767580679
Birmingham Hodge Hill and Solihull North,28.597005253293595,14.09364474533034,19.158173379851114,2.826396340344398,9.606550735245396,22.61,0.0,0.0,3.1082295459351466
Birmingham Ladywood,37.88816985451049,6.1,3.2307405440674493,1.8922321525531762,21.899597992936336,28.220000000000002,0.0,0.0,0.7692594559325511
Birmingham Northfield,28.758155536735757,22.98691864238207,27.20526703716513,4.399269653079026,10.737808959237077,1.53,0.0,0.0,4.382580171400942
Birmingham Perry Barr,33.33480932238531,11.990801880710125,5.49659797936044,4.107015874537141,11.682372922367426,32.385,0.0,0.0,1.0034020206395513
Birmingham Selly Oak,32.53529865926725,16.110111337566227,16.938682195532884,5.415877763629526,19.781228744137067,6.29,0.0,0.0,2.8288012998670498
Birmingham Yardley,31.24159948016901,12.01941117359304,12.046902860649139,8.468156693272388,8.89026208070011,24.905,0.0,0.0,2.42866771161631
Bishop Auckland,26.741753607846498,21.86075792231355,32.739472262517715,3.5978943946666737,8.781488263666356,0.6547371150000001,0.0,0.0,5.523896433989211
Blackburn,22.069104581929786,8.161782644626145,13.89326371015257,1.860547387470605,11.849561274374047,39.525,0.0,0.0,2.6407404014468416
Blackley and Middleton South,42.17832911140343,11.02032885483131,23.30581948824699,5.05539764551772,14.815972072780161,0.0,0.0,0.0,3.624152827220386
Blackpool North and Fleetwood,28.3074438192439,20.173914497335684,37.56344221382079,2.76567298231879,4.9290189469563686,0.90520867,0.0,0.0,5.255298870324474
Blackpool South,33.87485861335007,14.073979109378797,36.43158032292338,2.743555728411828,5.872667185235484,1.105,0.0,0.0,5.898359040700429
Blaydon and Consett,32.373928431687304,14.887143645195604,32.46334466612394,5.3090349345292,9.299947798946752,0.255,0.0,0.0,5.311600523517208
Blyth and Ashington,32.47158589901061,11.950067156502303,36.809231363261716,3.27450088300739,9.531422027524103,0.0,0.0,0.0,5.963192670693886
Bognor Regis and Littlehampton,21.326815872153787,21.312295607448362,36.08328683331237,8.447534255262973,6.78060276578892,1.23909023,0.0,0.0,4.810374436033576
Bolsover,26.502464299039488,17.844880072088777,35.757831525555424,3.821489122798119,10.317266617623792,0.0,0.0,0.0,5.6560683628944055
Bolton North East,28.58179076417046,22.117118036591794,24.54191617347549,3.197778166126705,13.182889136539368,4.08,0.0,0.0,4.298507723096182
Bolton South and Walkden,34.76009753350323,11.85767113441696,23.741202395897915,3.483017025981816,10.458047110349224,11.73,0.0,0.0,3.9699647998508683
Bolton West,29.543691665844378,26.119087572962282,24.860616812468642,3.7610561899137176,11.317821222449911,0.425,0.0,0.0,3.972726536361058
Bootle,41.88470887933084,5.365959795577287,33.23288500407202,3.5104696281689387,12.25485216785093,0.838432485,0.0,0.0,2.81269204
Boston and Skegness,14.40277712816455,25.591574691645995,43.361471348396435,2.910542005872803,5.193626017618409,1.8893588099999998,0.0,0.0,6.650649998301812
Bournemouth East,30.145755360902736,20.395343599709314,27.650405421556904,5.9998196664417796,9.559458999325336,3.0097948349999997,0.0,0.0,3.2394221170639446
Bournemouth West,26.327072551201088,25.802481951224188,24.849624728480993,8.931399948218479,9.706199844655437,0.765,0.0,0.0,3.6182209762198063
Bracknell,24.548533626408847,29.15039452611569,24.77869282613171,8.880666377224905,7.7999991316747135,1.275,0.0,0.0,3.4667135124441364
Bradford East,35.09689809064144,10.07786492981617,12.776259695222398,4.45723085870692,11.636064095081895,23.375,0.0,0.0,2.5806823305311717
Bradford South,29.10291753484828,14.884689978954025,24.578265491198284,2.7200808107127097,12.477632687549201,11.815,0.0,0.0,4.4214134967375065
Bradford West,33.82689624915996,8.316636557074165,6.9159241274504435,2.0763108936624954,13.326792857177551,34.17,0.0,0.0,1.3674393154753917
Braintree,20.28626101389941,30.970000101854957,30.01626578227055,4.856637909409595,7.813913728228784,1.3144267950000001,0.0,0.0,4.7424946693367
Brent East,44.43978197617121,17.93944753825754,4.73208861580826,7.190504096324726,16.539713927504067,8.33,0.0,0.0,0.8284638459341951
Brent West,33.861059300022134,33.902369753139915,4.5595664270215135,6.851375047918972,14.632565652058897,5.695,0.0,0.0,0.49806381983856823
Brentford and Isleworth,37.37790665981098,24.19908609370261,8.25091178827179,8.128644927530488,14.64483252960073,6.034999999999999,0.0,0.0,1.2636180010833997
Brentwood and Ongar,16.801164129439925,35.57819092866987,28.284277796653218,9.633544095152434,6.178632285457299,0.34,0.0,0.0,3.1841907646272474
Bridgwater,19.730102277876448,18.44828846917256,37.6547618262591,11.276263489098435,6.416790467295304,1.0681742650000001,0.0,0.0,5.405619205298157
Bridlington and The Wolds,20.076348732080888,25.25924089031521,35.30332991309941,5.814601409307356,5.5618042279220665,2.5038655750000003,0.0,0.0,5.480809252275071
Brigg and Immingham,21.014949291767795,31.17058745148494,33.37690157386465,2.8482133385096455,6.010732352107155,0.0,0.0,0.0,5.578615992265811
Brighton Kemptown and Peacehaven,31.328507039387546,9.048445664395235,23.905992913221976,7.98727162961516,22.70811449884548,2.295,0.0,0.0,2.6266682545346107
Brighton Pavilion,21.087172241678918,3.1806834516642164,11.340196083299032,3.324085370839459,58.44725461251837,1.02,0.0,0.0,1.6006082400000001
Bristol Central,25.835129773892618,3.2124100692214763,4.88488347910067,3.5695750769463093,61.25574561083892,0.425,0.0,0.0,0.8172559900000002
Bristol East,31.923341474656674,4.850620171422451,20.018949365326208,5.698698327270975,32.67488553228102,1.87,0.0,0.0,2.863505129042677
Bristol North East,32.64468973966784,10.878150243997274,23.768769475743255,4.778213488916147,21.497318523126857,3.145,0.0,0.0,3.287858528548627
Bristol North West,34.831200466273096,11.45764832221872,22.55461114198338,7.712035019914895,20.293848144538845,0.425,0.0,0.0,2.725656905071058
Bristol South,30.146655110466778,4.229144769408531,28.37631664925552,5.557156292521837,27.497840047370353,0.34,0.0,0.0,3.852887130976972
Broadland and Fakenham,21.03158590840611,30.147720321486602,26.6778207691234,9.25000373431846,8.574930324322665,0.0,0.0,0.0,4.317938942342765
Bromley and Biggin Hill,24.61716191462243,30.795100644823727,25.218354684348306,7.887899695615986,8.999699086847958,0.17,0.0,0.0,2.211783973741596
Bromsgrove,19.81593747863787,30.26189704631552,26.257643836526498,11.531186288551742,5.501558865655233,2.76330379,0.0,0.0,3.8684726943131356
Broxbourne,22.426906734917214,31.237991909508086,27.929608144033818,5.51074028841184,8.72422086523552,0.51,0.0,0.0,3.6605320578935214
Broxtowe,28.368230647367202,19.51627279419301,27.31994134725753,6.594632847309698,11.70096697174882,2.51237916,0.0,0.0,3.9875762321237493
Buckingham and Bletchley,27.88685404673553,30.891001670465087,20.41928918165484,7.597185703325831,8.924312546143206,0.85,0.0,0.0,3.331356851675505
Burnley,23.093718638926326,17.89185821747961,27.203452479545458,13.467693288199458,12.507087221801108,1.275,0.0,0.0,4.461190154048047
Burton and Uttoxeter,26.07047303530942,25.678357941042616,29.806238853198074,3.163745663304088,6.718488133118436,3.8249999999999997,0.0,0.0,4.737696374027379
Bury North,32.78225874331706,23.334824152279232,26.341443790504343,2.6474272534753833,6.003756495653258,5.185,0.0,0.0,3.7052895647707254
Bury South,30.807871779425867,27.15159692179097,18.604327687487206,4.815347523338229,11.765893863093346,3.4,0.0,0.0,3.4549622248643743
Bury St Edmunds and Stowmarket,23.76186083669326,23.254547232519254,28.36284646743945,5.1594589708466305,13.758262702539891,1.475399735,0.0,0.0,4.127624054961515
Calder Valley,29.921837151339098,23.699288637758762,26.502348288722345,5.126538647277106,9.918897980994462,1.02,0.0,0.0,3.811089293908237
Camborne and Redruth,27.59560756955924,18.29020388779793,31.620594135832924,7.190075121192629,8.911996286895064,1.611605025,0.0,0.0,4.679917973722215
Cambridge,30.929087304318532,10.670032034846955,10.755464723762906,16.526848383772176,26.461368823299438,4.08,0.0,0.0,0.57719873
Cannock Chase,25.46014002632704,23.370405157103562,36.373484614634826,2.1323834805273023,6.751150441581908,0.0,0.0,0.0,5.912436279825365
Canterbury,30.14580316230782,23.6525328718299,20.22385049995318,6.841296935752485,15.674565226582278,0.51,0.0,0.0,2.9519513035743317
Carlisle,27.049928097805658,18.380369682667578,35.47847925270449,5.258342327572769,7.378482037431776,1.321884615,0.0,0.0,5.132513986817722
Carshalton and Wallington,10.703942716431008,28.205055013698587,16.438140851636053,31.62875883121892,9.108466750686482,1.36,0.0,0.0,2.555635836328946
Castle Point,17.006524452469282,28.60110228806438,39.550623113160526,2.812846811238401,6.712540433715203,0.0,0.0,0.0,5.316362901352217
Central Devon,21.309055021835267,29.321436896353248,23.900255676914487,12.588952748580693,8.42177371500661,0.7197469128650658,0.0,0.0,3.73877902844462
Central Suffolk and North Ipswich,16.936162666519817,28.04349758737292,26.34421787491588,9.182248451683861,14.221715155051585,1.02,0.0,0.0,4.2521582644559395
Chatham and Aylesford,24.72673200861007,24.377789894790933,30.762005757025634,4.711157897856611,9.031473693569835,1.7,0.0,0.0,4.690840748146923
Cheadle,11.789663540132514,24.998525268782565,17.322237276834827,34.65251519055708,7.350224533404619,1.53,0.0,0.0,2.3568341902883825
Chelmsford,10.007034449703195,25.032366445016642,23.44231500305928,29.594118332195563,7.837750338874166,1.02,0.0,0.0,3.0664154311511473
Chelsea and Fulham,31.963270363305742,40.079439725108166,6.025622119214008,7.586484008339604,12.105245628354655,1.105,0.0,0.0,1.134938155677834
Cheltenham,4.8296655545146745,19.390226173933616,23.747287494465134,36.608426742503816,12.340431768604555,1.35155903,0.0,0.0,1.732403235978203
Chesham and Amersham,5.588854490006961,33.31343984119708,17.071797240275853,33.66807163042033,7.2619077872794255,0.935,0.0,0.0,2.160929010820348
Chester North and Neston,33.71493502878649,18.14994421831756,26.59175889448454,4.385227119421682,13.663682566903265,0.0,0.0,0.0,3.3944521720864618
Chester South and Eddisbury,22.50891178986954,34.90308514179386,21.707289035474776,8.442576017697556,6.828259132263789,2.511064835,0.0,0.0,2.9988140479004817
Chesterfield,32.08095099728198,11.341994310767886,36.09254248290073,5.140099668014104,9.181391332619842,1.247565425,0.0,0.0,4.915455783415449
Chichester,5.006984590141459,23.25061338665143,23.79171331983649,35.38733085936351,8.576133466312402,0.34,0.0,0.0,3.6472243776947124
Chingford and Woodford Green,24.38558869590522,30.352486044297436,13.568464475799725,3.106073269336083,7.302242752815706,19.45003328557763,0.0,0.0,1.7351114762682094
Chippenham,6.622804638086438,21.476719014677656,25.74223108698072,33.240345041351816,8.413700834787361,0.91455986,0.0,0.0,3.4896395241160216
Chipping Barnet,33.03616043448477,36.86532860207415,10.62305209833389,5.009291304099616,11.983377003291023,0.935,0.0,0.0,1.447790557716552
Chorley,11.949012225584259,5.581841300000001,25.262330011673996,0.0,19.04362403043329,38.16319243230845,0.0,0.0,0.0
Christchurch,13.269662071562557,25.350484450341167,32.263300591028894,15.473124167256996,6.146947448784985,3.2618272239580124,0.0,0.0,4.134654047067376
Cities of London and Westminster,31.232496327884366,35.73344644537821,4.389316649544447,8.283965640630278,16.665243506107146,2.975,0.0,0.0,0.7205314304555507
City of Durham,27.37360271986504,13.743078523452445,23.21607818223306,11.487518905354213,19.96022144704554,0.34,0.0,0.0,3.8795002220497072
Clacton,12.198016504704285,21.85551464026144,49.3522576520357,3.6456682535385463,5.605004760615637,0.9032207600000001,0.0,0.0,6.440317428844373
Clapham and Brixton Hill,44.761757156830335,10.648322879695328,6.260351369785138,13.620907318364122,22.456457198122052,1.02,0.0,0.0,1.1322040772030286
Colchester,30.2976098890486,20.049753268308724,25.27362705114188,11.603301282499842,9.239903847499527,0.17,0.0,0.0,3.365804661501431
Colne Valley,29.331763943307177,25.09213927296563,27.25548822027999,3.7518793344034043,9.92276267355394,0.85,0.0,0.0,3.6959665554898664
Congleton,26.97557539854018,27.271893253311774,27.100542812880878,4.726153341839632,6.043993389801735,4.12528017059868,0.0,0.0,3.7565616330271236
Corby and East Northamptonshire,28.365005380552013,21.656323447552914,31.2811955435309,4.074942571154777,9.428438422504147,0.6722066050000117,0.0,0.0,4.521888029705259
Coventry East,39.22296593793131,17.38656808780365,19.918586723039226,3.7480086467726563,12.095279150043844,4.165,0.0,0.0,3.4635914544093
Coventry North West,35.851162598001636,20.29646008571117,22.563509840718993,4.456747146665146,11.98813717095348,1.02,0.0,0.0,3.8239831579495642
Coventry South,34.26164341662901,24.44299858567089,13.746753539500057,5.780764909421051,16.328865213802363,3.23,0.0,0.0,2.2089743349766224
Cramlington and Killingworth,32.56102910397079,17.692286392064247,31.434554823907856,4.125879954674826,7.591327907699396,1.8736595699999996,0.0,0.0,4.721262247682887
Crawley,28.552961128533333,27.128520669153836,22.391162434723707,4.351324619245901,8.748141864610108,5.015000000000001,0.0,0.0,3.7128892837331158
Crewe and Nantwich,30.40467778260781,17.034628237263984,33.01803274063343,4.1516443032638835,8.339594568825966,2.14328478,0.0,0.0,4.8081375874049375
Croydon East,32.06262425387257,27.25340193098086,15.439352679037562,7.7585027479483335,15.379508243845,0.0,0.0,0.0,2.1066101443156824
Croydon South,26.54578916693574,40.07213085168641,12.141206600491707,7.906511951405027,10.289535854215078,1.36,0.0,0.0,1.6848255752660393
Croydon West,43.31570890465354,18.681174600912183,5.384439916716909,9.690721515481949,18.677147929340247,3.23,0.0,0.0,1.0208071328951627
Dagenham and Rainham,32.09364179000619,17.745459731842548,26.646690419193373,3.405526492888447,15.81223017840101,1.615,0.0,0.0,2.681451387668444
Darlington,27.74616969544696,19.271732579700547,35.98567073686509,3.5644351963597978,8.993305589079394,0.0,0.0,0.0,4.438686202548217
Dartford,25.959224020577906,27.7277204831224,26.859950276688487,4.8146835173610505,11.360050552083152,0.0,0.0,0.0,3.2783711501670063
Daventry,20.091284050386577,33.91765174948562,23.945955268636464,10.0470678819115,7.842120551357577,0.0,0.0,0.0,4.155920498222258
Derby North,32.99377967999928,21.80940033158252,25.653739469617918,4.204024321925148,11.411714776016133,0.0,0.0,0.0,3.927341420859
Derby South,31.441388269512466,14.632809017156342,24.17320459943879,4.64922643341625,9.018558337581254,12.495,0.0,0.0,3.589813342894891
Derbyshire Dales,23.53343810240662,30.662224479528447,25.301619308295855,8.068644043468087,7.594452119917264,1.05891798,0.0,0.0,3.7807039663837343
Dewsbury and Batley,20.67744804108133,11.15712264764262,15.500146787200238,3.0063179572640437,11.597582234802113,34.935,0.0,0.0,3.1263823320096495
Didcot and Wantage,11.274584578711698,24.398246526363344,22.22099999975915,29.744694435278127,8.899628442496846,0.34,0.0,0.0,3.0218460173908306
Doncaster Central,32.94828483925792,14.712987222002173,32.539223698367906,2.9986672690368064,8.57074979183324,3.4,0.0,0.0,4.830087179501961
Doncaster East and the Isle of Axholme,25.218502135078598,25.27554121179904,33.11773196743715,2.733535330851442,8.131548230340229,0.34,0.0,0.0,5.183141124493531
Doncaster North,33.49236763914626,9.932654000194233,37.82838979688195,3.744550207333776,9.686773246443787,3.42714905,0.0,0.0,1.8881160600000002
Dorking and Horley,6.8340918958027626,28.332830259928855,21.616095158538734,31.456280212669874,8.843393755966225,0.0,0.0,0.0,2.9173087170935474
Dover and Deal,28.28236074282459,19.5655095022178,31.62472221061206,4.507261363912296,8.838937606898773,2.023332632973483,0.0,0.0,5.057875940560998
Droitwich and Evesham,16.133956759088658,30.61374097762561,30.787911038421456,8.161467939340135,9.539295568020403,0.425,0.0,0.0,4.338627717503741
Dudley,25.32401446491995,23.876630013510535,33.06014224872725,2.85846518296548,5.737395548896439,3.8249999999999997,0.0,0.0,5.318352540980354
Dulwich and West Norwood,45.161302631484034,10.2846689838393,7.826750500320884,8.751924146841066,26.251957117169255,0.595,0.0,0.0,1.128396620345446
Dunstable and Leighton Buzzard,23.49782756887383,25.931100697087256,27.875226090371246,11.263077914495387,7.45523374348616,0.17,0.0,0.0,3.807533985686116
Ealing Central and Acton,38.917253192853885,19.679126013057193,5.915097370509933,11.571740061596241,18.44860936793489,4.42,0.0,0.0,1.0481739940478474
Ealing North,40.4952365159514,20.126256937945563,9.228697699831928,6.2175359994048565,15.176595335779709,7.6499999999999995,0.0,0.0,1.1056775110865473
Ealing Southall,39.923884667542836,16.424498470065753,4.795577198018932,6.624493081582244,18.73629388180917,12.41,0.0,0.0,0.9852527009810684
Earley and Woodley,28.891154494666523,27.689716717786457,14.432938537248003,11.02550299972329,14.300904861958326,1.4449999999999998,0.0,0.0,2.214782388617411
Easington,30.98703927428255,13.135987280092635,36.39455091190488,2.8631083845925493,8.18691923531976,2.1720949138076238,0.0,0.0,6.260300000000001
East Grinstead and Uckfield,16.656951220856705,24.510901926896274,21.791145879031767,16.736365744066866,13.771684202200593,4.819945605,0.0,0.0,1.7130054219477864
East Ham,47.09761360687388,11.270585169453547,2.515398911410969,3.2224247712692944,18.149699972403283,17.169999999999998,0.0,0.0,0.47427756858903064
East Hampshire,8.316245221358033,27.58433159487308,26.085443033597787,26.38012675814683,7.605679838727319,0.82388395,0.0,0.0,3.104289603296948
East Surrey,15.683982635182286,32.81961610952227,23.326695696895595,14.15940725251657,8.566221757549709,2.4773474,0.0,0.0,2.9667291483335685
East Thanet,28.830284737575184,14.975660520454003,33.374644101689356,2.9825689309976973,13.34830237299309,1.7929154699999998,0.0,0.0,4.595623866290676
East Wiltshire,19.16857856379732,31.225515305060682,24.335275145668053,13.900619927094047,7.139859781282147,0.51,0.0,0.0,3.720151277097744
East Worthing and Shoreham,31.231022773531553,19.182055796701494,29.668884203472892,5.380305781701278,9.58965310778628,1.2715698200000016,0.0,0.0,3.6765085168065115
Eastbourne,4.866984989771747,18.671660218541653,26.414671615906922,36.77243557876248,9.433731441040658,0.255,0.0,0.0,3.5855161559765336
Eastleigh,11.862691703306332,20.355925997176683,28.940213707369878,25.950448219062643,8.624057922103386,0.85,0.0,0.0,3.416662450981069
Edmonton and Winchmore Hill,41.63654702304302,20.151295258274192,8.084213721520557,7.015996284631459,16.099516700533123,5.695,0.0,0.0,1.3174310119976456
Ellesmere Port and Bromborough,36.86284839621619,8.043300981406707,34.41649711763452,5.545566116565564,9.770465098177029,0.51,0.0,0.0,4.65132229
Eltham and Chislehurst,32.590926988727134,25.616794320875897,21.26943740160347,5.105952837637447,11.112419680821576,1.7,0.0,0.0,2.5044687703344817
Ely and East Cambridgeshire,13.220575703797735,26.55169445207492,23.240541922143088,24.921471305698855,7.791208260227695,0.99555547,0.0,0.0,3.278952886057708
Enfield North,40.60783614625007,20.403326979061056,11.674119010675588,6.217940049838979,14.964760396606183,4.165,0.0,0.0,1.8670174175681309
Epping Forest,23.09489447844546,28.646616804445692,20.66580157926309,10.252435169091157,9.29002659763395,6.596872368918562,0.0,0.0,1.4533530022020904
Epsom and Ewell,12.326706402520852,28.391990306662652,19.568668843546785,28.729989514267647,7.1885214405413675,1.53,0.0,0.0,2.264123492460692
Erewash,27.47183375023421,17.403873982423168,35.49176783598966,4.621436960757171,9.110480950878076,0.66306278,0.0,0.0,5.237543739717718
Erith and Thamesmead,43.31287192033811,14.294196766684449,15.36436874391189,5.749050458036201,16.590540686342,2.635,0.0,0.0,1.9539714246873487
Esher and Walton,4.612446833170952,29.679051944837127,16.64096650886907,39.02614788651045,7.723861376010878,0.34,0.0,0.0,1.9775254506015167
Exeter,29.631337211628875,12.355921655669524,22.235536349189985,8.561663601501543,22.749562170647955,1.36,0.0,0.0,3.0059790113621117
Exmouth and Exeter East,20.895263724086853,19.726204233912753,29.529411877762556,17.25793323506861,7.1157997052058235,1.8761249249999998,0.0,0.0,3.5992622989634087
Fareham and Waterlooville,16.853843837281723,25.010618885835314,32.18233215485716,14.75991918550772,6.2777575565231585,0.752436315,0.0,0.0,4.163092064994931
Farnham and Bordon,10.932894130937182,28.040825679051384,24.299216961133094,25.643059864558012,7.537179593674033,0.68,0.0,0.0,2.7668237706463006
Faversham and Mid Kent,20.496027203635727,28.260839444999196,28.28919097964669,7.135962839171471,11.074675017514412,0.34,0.0,0.0,4.403304515032506
Feltham and Heston,34.382489397209916,21.620559828206794,13.981353740969986,5.168799076847731,12.244716527823538,11.049999999999999,0.0,0.0,1.5520814289420397
Filton and Bradley Stoke,31.67879407680155,23.202730676691502,22.155772416426004,6.0332844853151135,13.810679537007182,0.0,0.0,0.0,3.0187388077586506
Finchley and Golders Green,32.76988918090601,40.33642521814052,4.491082907463374,6.898529532790456,12.57407316069964,1.87,0.0,0.0,1.06
Folkestone and Hythe,24.91865762132516,23.611426876642454,30.445444576532868,3.5185068795842462,11.408883818752738,1.0372288699999999,0.0,0.0,4.959851357162545
Forest of Dean,23.00655683413499,27.01862844063358,29.234363853393695,4.746976099947973,11.393162154936437,0.17,0.0,0.0,4.330312616953327
Frome and East Somerset,10.499239229976368,16.848683449917203,26.740829277236006,26.354168221563775,14.42465027728999,1.20141404,0.0,0.0,3.931015504016659
Fylde,24.604930201005697,28.285411552150546,27.437901515587022,3.7718992153677435,5.998823438450271,6.076949587958864,0.0,0.0,3.8240844894798562
Gainsborough,19.91586632369077,31.485019400554606,28.90807431204219,8.492631695494923,5.971895086484771,0.34,0.0,0.0,4.786513181732744
Gateshead Central and Whickham,31.65825772334864,10.013160695919522,29.886457457332263,10.000357092825311,12.60386420174675,1.105,0.0,0.0,4.732902828827521
Gedling,33.4363885885006,18.767665546750713,29.06024600094574,4.513031715574416,9.831475755390086,0.425,0.0,0.0,3.966192392838465
Gillingham and Rainham,27.69106062638271,23.42588555189029,29.607277069575375,4.9080854295650544,8.760256288695162,1.275,0.0,0.0,4.332435033891407
Glastonbury and Somerton,5.0887256648191075,27.054959498090724,22.857796578668705,31.11512545267753,9.747949466842941,0.0,0.0,0.0,4.0354433389010005
Gloucester,26.607658757196607,18.984696803920425,30.488630417225856,8.522388019364474,7.993164058093419,3.4,0.0,0.0,4.003461944199228
Godalming and Ash,4.635218375035582,31.79680634608265,24.088392973275205,30.813469688900053,5.90827148323824,0.34,0.0,0.0,2.417841133468269
Goole and Pocklington,21.637033535929227,31.489737659401477,28.951411981133,5.50753033586257,7.294211554275133,0.751768595,0.0,0.0,4.368306338398593
Gorton and Denton,43.1311028561299,7.997301484541629,16.47866718560944,4.003488852645855,16.660618654110802,8.755,0.0,0.0,2.973820966962368
Gosport,19.695765879253543,24.79239832916547,35.851234445464016,7.330928546420945,6.540785639262838,1.306331645,0.0,0.0,4.482555515433193
Grantham and Bourne,20.326710030894887,27.963038646850585,31.41777796892053,3.739491326946058,7.953593332462818,3.9313703101260575,0.0,0.0,4.668018383799062
Gravesham,28.655687937677506,28.994281972669544,25.01399111095359,3.8023054345230416,9.536916303569125,0.0,0.0,0.0,3.9968172406072022
Great Grimsby and Cleethorpes,29.477656329787816,14.476892268670785,41.10102222129291,2.4940524527878107,5.040747894350171,0.765,0.0,0.0,6.644628833110513
Great Yarmouth,22.77470556012817,21.63565263899043,39.33805483425526,2.41558687058729,6.1347606117618705,1.076242055,0.0,0.0,6.624997429276978
Greenwich and Woolwich,44.41600696383231,13.66159317678138,8.26401406239622,9.179906996488537,20.973097750789844,2.125,0.0,0.0,1.3803810497116995
Guildford,6.525869383578794,32.21926447347584,13.71909975290264,34.61294470026289,10.344082507144309,0.425,0.0,0.0,2.0537391826355273
Hackney North and Stoke Newington,41.24458073623598,16.491017179560366,5.334713185255069,5.495599223811223,28.58908967513737,2.125,0.0,0.0,0.6200000000000001
Hackney South and Shoreditch,45.79971638012646,8.146605258051926,3.96805057,6.782356450423785,31.72015461139782,2.72,0.0,0.0,0.86311673
Halesowen,28.150216353378763,25.21859214199423,28.738495809796085,5.016143876157304,8.170811090905401,0.0,0.0,0.0,4.705740727768213
Halifax,26.753960983524486,17.344665872104194,25.986521510063515,4.937120100625052,12.527307153722738,8.245,0.0,0.0,4.205424379960021
Hamble Valley,12.50807834034789,26.99788325344735,28.51780287915657,21.2957040036058,6.911112010817406,0.255,0.0,0.0,3.4144195126249866
Hammersmith and Chiswick,41.6644226418354,21.089512609530644,6.2054727568659,9.1641666652068,17.96905405979072,2.72,0.0,0.0,1.1873712667705412
Hampstead and Highgate,35.515102573197034,27.317643443995337,3.976179740884085,11.395862123437723,19.26148553819112,1.615,0.0,0.0,0.9187265802946949
"Harborough, Oadby and Wigston",24.415462955536917,33.31837383045196,19.573313769586115,7.8377248681343215,11.534173778198697,0.34,0.0,0.0,2.980950798091988
Harlow,27.03443583227272,28.969423361639056,28.189194797115732,2.988762530782574,7.9742875923477206,0.34,0.0,0.0,4.403895885842203
Harpenden and Berkhamsted,6.264666084058658,29.26412856772214,16.623098397438845,37.70950337559184,7.814883029521299,0.34,0.0,0.0,1.9837205456672165
Harrogate and Knaresborough,6.970171015434995,21.01546926436402,25.829827190610256,33.7623337604793,8.162303366259007,1.233849895,0.0,0.0,3.0260455078524107
Harrow East,25.314919962185733,53.079084239112106,4.630585920732005,3.403469156477681,7.826610881336588,5.015000000000001,0.0,0.0,0.7303298401558852
Harrow West,33.677219435133296,33.64946507659111,5.142708918663624,5.872371716126124,12.010969674149464,8.924999999999999,0.0,0.0,0.7222651793363758
Hartlepool,31.181176478725703,14.505667410371535,37.27257659241175,1.542270186003938,6.954029714411493,2.7856826000000003,0.0,0.0,5.6585970180755805
Harwich and North Essex,22.124405398486687,32.080282596824155,26.10527837103693,6.036662958692057,9.269722828313666,0.0,0.0,0.0,4.383647846646506
Hastings and Rye,29.692129555807195,15.282429426956659,29.808488712566245,4.815980060401576,15.20230422120473,1.19,0.0,0.0,4.008668023063601
Havant,21.806763876935864,22.660962963409588,35.19034372027386,6.22436439072797,8.61309317218391,0.425,0.0,0.0,5.079471876468816
Hayes and Harlington,44.852314023197245,22.14701080522724,9.708693730170694,4.431897250333046,13.115788726469708,4.42,0.0,0.0,1.3242954646020708
Hazel Grove,16.83623144629624,16.127658287992087,27.71706551045896,28.164130023021354,7.197907669311096,0.17,0.0,0.0,3.687007062920266
Hemel Hempstead,27.635977823319507,21.49338610827339,29.238552840705882,9.419224441321573,8.637673323964721,0.0,0.0,0.0,3.575185462414927
Hendon,32.71577056294926,38.77725217743513,6.807521983362528,5.0966885084206215,11.617540928630113,3.9099999999999997,0.0,0.0,1.0752258392023524
Henley and Thame,5.708082983615082,31.353762662979427,17.679727473314536,33.62654034237099,7.8471338108860555,1.240477115,0.0,0.0,2.544275611833917
Hereford and South Herefordshire,21.462907882840216,21.207929380035136,33.8234124055667,9.293888511631707,9.269665534895124,0.425,0.0,0.0,4.517196285031113
Herne Bay and Sandwich,21.576517766227425,27.057353624006044,32.89910905067062,4.547269754810094,9.125809264430284,0.0,0.0,0.0,4.693940539855535
Hertford and Stortford,27.535148600058992,28.028242478550464,23.50717823938433,6.4208512000589515,10.827480435055065,0.425,0.0,0.0,3.1560990468921997
Hertsmere,20.037062892191592,46.73979439425301,13.536229470516723,6.906161114931743,9.296382837414285,0.935,0.0,0.0,2.449369290692657
Hexham,31.366470295708204,24.3796500578174,26.21988966152873,4.915783098965528,7.039118221566654,3.9441289363993386,0.0,0.0,2.134959728014134
Heywood and Middleton North,29.201330169472847,18.243642160715254,27.706554682447376,5.236943497123191,4.9180948899116865,9.880614955,0.0,0.0,4.812819645329653
High Peak,30.639827555920853,22.23994148013495,30.57154321097663,3.6688162555859813,8.911989521053926,0.0,0.0,0.0,3.9678819763276634
Hinckley and Bosworth,13.491441004651485,24.900110660258754,32.28390560963912,18.82547249786827,5.60441749360481,0.34,0.0,0.0,4.454652733977557
Hitchin,30.170377363409326,27.662184727183977,21.337510689932504,8.00693529142641,9.651413620967588,0.255,0.0,0.0,2.9165783070801896
Holborn and St Pancras,34.628668338250094,9.906150901714255,5.200330698625442,6.334962910231483,24.620752331804162,18.185795265,0.0,0.0,1.0233395543745576
Honiton and Sidmouth,4.888079865901882,26.050325750417098,24.37213065073817,32.94910436629476,6.9830396445208365,1.1379449999999998,0.0,0.0,3.6193747221272563
Hornchurch and Upminster,20.641930471477075,27.533675394850953,34.61936218985182,4.605495137123432,8.544485411370294,0.68,0.0,0.0,3.375051395326431
Hornsey and Friern Barnet,40.95842127101364,16.78315348086271,7.858367006794229,12.018281980127332,19.846776261202088,1.615,0.0,0.0,0.82
Horsham,8.91445397155845,27.133067552412133,23.450573030233226,29.395071903797806,7.549188866226205,0.765,0.0,0.0,2.7926446757721766
Houghton and Sunderland South,30.863089697864815,12.438801889170042,36.91867570980136,4.677101565022363,8.975227177207202,0.0,0.0,0.0,6.127103960934223
Hove and Portslade,37.940075961589535,11.20346492228286,19.57993888038864,5.803896622237131,18.658075989624393,4.569233274999995,0.0,0.0,2.2453143488774576
Huddersfield,29.67099373482511,15.744199095183955,18.68121400393775,4.149455033489389,28.465464698442535,0.0,0.0,0.0,3.1886734341212657
Huntingdon,23.38080848127148,29.977596394436578,25.27272384293307,7.58748085574634,8.374442567239017,1.8557336500000001,0.0,0.0,3.551214208373523
Hyndburn,24.512598827322268,23.977941817002282,28.862596874627346,2.870116926156403,15.11731421221029,0.0,0.0,0.0,4.659431342681409
Ilford North,27.50289696916832,24.39167040998402,6.998971328472033,3.4684066927300483,9.428327537117614,27.28792541,0.0,0.0,0.8218016525279673
Ilford South,37.82061980135725,15.485835562731186,5.11909397942296,3.7599830782663806,13.71439712037637,23.544999999999998,0.0,0.0,0.5550704578458481
Ipswich,31.076725929451314,18.54429001294921,29.561348994764867,4.591064209801539,11.51519262940462,0.68,0.0,0.0,3.9313782236284522
Isle of Wight East,13.69416283121479,21.303035078291472,30.559698705140864,8.270884394373502,20.4710450531205,0.7176284549999999,0.0,0.0,4.883545482858871
Isle of Wight West,27.05408208062172,20.46453457464064,32.34644149224359,6.374209055283024,8.89862716584907,0.255,0.0,0.0,4.407105631361964
Islington North,39.96932994950617,6.4681441,5.839933161353062,4.304,13.037959270308928,29.68063351883184,0.0,0.0,0.7000000000000001
Islington South and Finsbury,42.90508190233597,12.011481575152334,6.823058860209173,9.63881354297216,24.80731133753955,2.55,0.0,0.0,1.2642527817908282
Jarrow and Gateshead East,33.676591921253014,8.264991513137549,36.41634466366388,4.457408977551675,9.96549789053646,1.19,0.0,0.0,5.929165033857433
Keighley and Ilkley,28.364879382272314,29.51665261719928,25.247913389163127,2.0086016742005457,7.2440127704846855,4.505,0.0,0.0,3.1129401666800547
Kenilworth and Southam,17.11161129701709,36.788098338192206,18.188074477682825,15.312281620456869,8.810748988869868,0.918593755,0.0,0.0,2.870591522781138
Kensington and Bayswater,32.16252063845958,34.74713422431644,5.539315914402007,6.765381131313098,14.604178598910888,5.27,0.0,0.0,0.8114694925979946
Kettering,25.964415259679008,20.032434857765097,28.952445440638837,2.6234246273395043,16.539405892018515,1.693037965,0.0,0.0,4.194835957559043
Kingston and Surbiton,10.68,23.925037126409237,10.052258194442436,37.318787128313474,13.074261004666258,3.06,0.0,0.0,1.889656546168595
Kingston upon Hull East,29.48220458823631,4.938745418461289,40.09727491559131,8.587197323247732,10.082585763470096,0.0,0.0,0.0,6.811991990993251
Kingston upon Hull North and Cottingham,33.66607635930794,8.51244995108989,31.68100925606008,7.024095434165148,11.066379139693346,3.315,0.0,0.0,4.734989859683601
Kingston upon Hull West and Haltemprice,33.20856482291552,13.24453696456552,33.920948909293394,5.751319607792143,8.335777549731056,0.255,0.0,0.0,5.2838521457023635
Kingswinford and South Staffordshire,19.307117481689552,33.05531224957974,31.184817920001755,3.8294488174441708,6.310346452332514,1.783663495,0.0,0.0,4.5292935839522634
Knowsley,40.06383141982351,5.919978761064126,35.20226286495841,3.6619021928839337,10.898055831270007,0.58110724,0.0,0.0,3.67286169
Lancaster and Wyre,28.76089187430871,21.83034368180014,22.932780276742342,3.4639358203950343,19.452121464075866,0.0,0.0,0.0,3.5599268826779134
Leeds Central and Headingley,32.241497308358156,7.261679460390503,8.011682405866821,6.981541296708485,40.96524243949574,2.8899999999999997,0.0,0.0,1.6483570891802968
Leeds East,35.866405424866805,15.20026627364907,23.97411494013838,3.6034253626702246,13.855141887779283,3.4,0.0,0.0,4.000646110896245
Leeds North East,37.77482905462409,19.009679432927655,12.419567356973404,5.825493007039875,17.104196014318326,6.034999999999999,0.0,0.0,1.8312351341166484
Leeds North West,30.60133173512793,21.940986563175098,22.637271902363032,9.62613660304498,10.428230274006845,1.8662877500000001,0.0,0.0,2.8997551722821298
Leeds South,40.30278390514991,4.542900923959046,21.076291601581396,4.912735788302065,22.754156661007595,3.23,0.0,0.0,3.1811311200000008
Leeds South West and Morley,29.70578189605411,20.07911705183507,29.426754134252747,4.116893470546649,10.62869352664233,1.525347764999998,0.0,0.0,4.517412155669101
Leeds West and Pudsey,35.47177268836851,13.147856086273922,27.358464041183428,4.550229610748364,13.040013455732657,2.465,0.0,0.0,3.966664117693117
Leicester East,17.688789857931276,36.53972531628859,5.304294796856825,4.709808230294652,14.577381798628656,20.060000000000002,0.0,0.0,1.1199999999999999
Leicester South,24.72965270736235,9.920950057817272,7.163360681832202,3.5773216290763816,21.768275640285943,31.30604794362585,0.0,0.0,1.4343913400000003
Leicester West,34.58731956480218,19.168075749187125,19.43978980159131,5.843769403128052,16.027446911975023,1.53,0.0,0.0,3.403598569316319
Leigh and Atherton,32.203745545819,15.115187228658073,33.39994280055711,3.4811221269230055,9.38388462759558,0.765,0.0,0.0,5.5511176704472325
Lewes,5.5521117193003375,21.22252917929255,24.690598992224647,36.388349562595316,8.479301090558291,0.34,0.0,0.0,3.2271094560288693
Lewisham East,44.51359065461068,13.393160713790477,9.850046642723598,7.117047569367454,21.1727410403456,2.295,0.0,0.0,1.6584133791621873
Lewisham North,44.75611788697023,6.9588138051614115,6.473396323895378,8.405690001199076,30.250627960825298,1.9549999999999998,0.0,0.0,1.1003540219486063
Lewisham West and East Dulwich,43.16211967243483,10.192735082194204,9.450442649011988,8.517158229671507,26.051981685351983,1.36,0.0,0.0,1.265562681335492
Leyton and Wanstead,38.334651063290835,13.19336616391287,8.008425284549588,6.77352735003766,20.760136254587533,11.73,0.0,0.0,1.1998938836215154
Lichfield,24.21108355617374,30.29416517596561,28.218344421081927,5.87835510480201,6.331469328439165,0.744636175,0.0,0.0,4.321946238537558
Lincoln,30.24744142435203,18.182182376965265,29.128756880940003,5.142705530411775,10.904318095973837,2.164092325,0.0,0.0,4.23050336635709
Liverpool Garston,37.62988295003996,9.482158147418179,28.708664956431807,7.300230277641847,11.079331908468204,3.1563669699999997,0.0,0.0,2.64336479
Liverpool Riverside,39.890186324195994,2.973912146886165,16.788886449239747,4.78371392695166,30.34767960272645,2.975,0.0,0.0,2.24062155
Liverpool Walton,41.93492888092706,4.602824240915254,33.96691241153916,2.905931496329092,12.130555120289435,1.02,0.0,0.0,3.43884785
Liverpool Wavertree,38.68197177986965,5.985183913571763,17.369669820787447,6.686730441350061,25.220259074421083,3.995,0.0,0.0,2.0611849700000002
Liverpool West Derby,41.787832770592985,4.376285184776245,32.501736144180754,3.4895505694231668,12.15429211102685,2.77590617,0.0,0.0,2.9143970500000007
Loughborough,27.381644760092165,28.864916432799273,20.52170220300583,5.1656731838758505,14.57594444691303,0.0,0.0,0.0,3.490118973313852
Louth and Horncastle,16.811290252161598,30.665242469469476,33.214525437084205,4.18078495168607,7.216490898605578,2.309927859357893,0.0,0.0,5.6017381316351855
Lowestoft,24.343442974820235,18.133225290093236,39.430878081398525,3.05493667049397,9.19281001148191,0.0,0.0,0.0,5.844706971712137
Luton North,33.66046736506792,19.13950654357478,13.399247441635852,4.694996139750434,8.69877122640336,18.445,0.0,0.0,1.9620112835676509
Luton South and South Bedfordshire,31.493778534069016,18.522934700156988,12.959902126909599,5.842192454635939,10.297677762357996,18.785,0.0,0.0,2.098514421870457
Macclesfield,32.05805467094301,24.752825783187234,26.758038627046627,4.3389455950507525,7.346631335657912,1.55552333,0.0,0.0,3.18998065811448
Maidenhead,9.811791625975575,27.659602141986056,16.720499263856375,32.86505047284706,8.758744577544938,2.975,0.0,0.0,1.2093119177900098
Maidstone and Malling,20.112619913419408,24.595350193837426,28.78047179883211,11.007631413809635,10.872894241428911,0.68,0.0,0.0,3.951032438672513
Makerfield,29.997798096864894,12.703352631785839,36.30080820273616,5.517921343636303,8.576261448023265,0.7616840349999999,0.0,0.0,6.142174241953538
Maldon,14.31576990842867,34.696780510043695,30.92458352057874,9.257739334297277,6.33521800289183,0.0,0.0,0.0,4.469908723759793
Manchester Central,39.44717467797192,7.684085789026771,11.831332086909985,7.3907202072933575,25.816420232138128,5.3549999999999995,0.0,0.0,2.475267006659842
Manchester Rusholme,40.942447484564326,4.153090088245554,4.996544756981725,1.010041102558784,35.60751141287688,12.24,0.0,0.0,1.0503651547727222
Manchester Withington,39.897407195820755,8.499093251204005,9.766418749381758,11.56234549342038,25.179729440173094,3.9099999999999997,0.0,0.0,1.1850058700000001
Mansfield,27.750190503632243,19.93465038634632,37.840232282869806,1.7971438408835334,5.117431522650601,1.9741171799999997,0.0,0.0,5.586234283617501
Melksham and Devizes,7.129815926128165,25.45533327864429,26.94459436553251,29.020225233428416,7.832795245304075,0.0,0.0,0.0,3.6172359509625505
Melton and Syston,19.20137317288284,33.14191776506453,26.979637588726206,4.576686525198774,10.0828758636174,1.612713450936768,0.0,0.0,4.404795633573491
Meriden and Solihull East,20.009635200046198,36.13506829229408,24.467327294363912,6.2940323804832685,9.112097141449807,0.0,0.0,0.0,3.981839691362737
Mid Bedfordshire,21.92925627803229,37.365567002708005,19.377143239273735,7.176134955513441,7.665102152013964,3.117441955,0.0,0.0,3.3693544174585583
Mid Buckinghamshire,12.68010342816228,39.059963175095234,15.938833244260852,20.58825191436632,8.244755743098956,0.765,0.0,0.0,2.723092495016353
Mid Cheshire,30.639682642683486,16.573438312193943,33.21913102900324,4.978271379491479,7.746869598234692,2.1879932,0.0,0.0,4.654613838393161
Mid Derbyshire,25.350336153116523,27.98724938738225,28.137499373776812,4.307171165211406,9.41331980496906,0.748327326663502,0.0,0.0,4.056096788880447
Mid Dorset and North Poole,7.581731270104646,19.79568408553373,28.273501913558864,31.85365586816852,8.528997204500836,1.70270052,0.0,0.0,2.263729138133412
Mid Leicestershire,23.283399671691164,35.78549674782986,23.153481000930952,4.408209811189796,9.530693180487411,0.0,0.0,0.0,3.8387195878708167
Mid Norfolk,21.083381118544118,28.446044010727494,31.957458884663133,5.500740831627443,8.068222494882328,0.0,0.0,0.0,4.84415265955549
Mid Sussex,13.419657496531105,22.645184089623005,23.09032668672355,29.871068691912377,7.582824895181213,0.595,0.0,0.0,2.6959381400287588
Middlesbrough South and East Cleveland,29.761745426560722,15.829782227226858,36.41617122678822,4.7694198159810135,6.16893515087978,3.89832765,0.0,0.0,3.0556185025634104
Middlesbrough and Thornaby East,35.71001889666451,14.051613548282619,28.74644392231881,2.861186355422268,8.101663925852128,5.865,0.0,0.0,4.564073351459679
Milton Keynes Central,31.893745887828274,28.304556794284363,15.500051211869893,9.186766226580074,12.112285340073463,0.34,0.0,0.0,2.6625945393639254
Milton Keynes North,31.389130930227434,27.571913342707347,20.484749756312524,6.492273100433917,10.978343918621801,0.0,0.0,0.0,3.0835889516969783
Mitcham and Morden,43.76228166376829,16.45920256334446,11.801905804736958,7.73509490117563,15.783262903467358,2.72,0.0,0.0,1.6382521635073013
Morecambe and Lunesdale,26.31575405573564,21.969703216569172,29.61513999156235,8.15885382957346,9.668622660015906,0.0,0.0,0.0,4.271926246543476
New Forest East,14.83859154243977,26.393900798981566,31.939809029068847,12.396390583543608,9.02258694235638,1.228956849823337,0.0,0.0,4.179764253786493
New Forest West,17.13011792876636,26.26163615970622,29.92779585610222,13.787964804591244,8.24507915108171,0.7889150730760696,0.0,0.0,3.8584910266761803
Newark,23.40272830913286,30.614764093723217,28.714498140710575,4.713727418636453,6.423182255909361,2.191077185,0.0,0.0,3.9400225968875304
Newbury,6.371809342246795,25.09493780857789,25.25249427763645,29.850262799136104,9.685069807493168,0.51,0.0,0.0,3.1354259649095875
Newcastle upon Tyne Central and West,31.0674604994371,11.137326614239154,21.042326601608913,4.2658582706148085,17.827282023473146,10.795,0.0,0.0,3.7647459906268836
Newcastle upon Tyne East and Wallsend,33.140448140338016,7.209687678662407,27.65882853484716,6.175855651937118,19.365676526875646,1.9549999999999998,0.0,0.0,4.39450346733967
Newcastle upon Tyne North,34.41591415238734,14.106572869266273,19.96284984485831,9.940254924234187,17.894460144637048,1.02,0.0,0.0,2.659948064616843
Newcastle-under-Lyme,26.605669850879014,23.89914662719197,29.5434688760184,4.170034417552311,10.899102553376439,0.0,0.0,0.0,4.882577674981863
Newton Abbot,12.100475133637175,16.69453754748289,32.482286040633895,23.532776020136684,7.7204939984917065,3.085031412311361,0.0,0.0,4.384399847306293
Newton Aycliffe and Spennymoor,29.00290478697285,17.636519168881314,33.76831081999566,3.980569470175029,8.955772353346973,0.9788856900000041,0.0,0.0,5.677037710628181
Normanton and Hemsworth,29.19468031600753,17.121688789754423,34.327860081339146,3.9934130179255276,9.117874684973378,0.0,0.0,0.0,6.1444831099999995
North Bedfordshire,20.261346942058886,37.61824255048093,21.596278951831703,8.702079132725698,8.380237398177098,0.0,0.0,0.0,3.441815024725688
North Cornwall,4.533847925000001,22.134369698553407,26.415101779348145,32.587015774565145,9.553351950103595,0.41215207499999995,0.0,0.0,4.364160797429707
North Cotswolds,13.02228631732471,27.673545312271926,24.5537312244092,21.70026018679644,9.123411074400181,0.7352226579674356,0.0,0.0,3.191543226830109
North Devon,5.367496128875553,21.18493813664219,28.4362303406773,30.364715553711747,9.038332605594851,1.3018535450000002,0.0,0.0,4.306433689498345
North Dorset,7.292210903143854,27.900461111320393,27.75108328266538,25.004328621959687,7.305692356822188,0.81454565,0.0,0.0,3.931678074088503
North Durham,27.6298480635327,14.211159673962776,33.6222894350793,8.199992124461268,8.193525974726002,2.4248499550000004,0.0,0.0,5.618334773237951
North East Cambridgeshire,15.684076234504694,24.501900966466888,39.521476874773114,5.5842060661758035,6.8046181985274075,2.3532816050000003,0.0,0.0,5.450440054552092
North East Derbyshire,25.701447868738857,23.770724231299567,33.749263328772344,3.8682516582234903,8.156422294637581,0.17,0.0,0.0,4.583890618328164
North East Hampshire,7.881009052269739,32.42593066573471,21.005896115030197,29.405489680866147,5.654469042598427,0.9960057849999999,0.0,0.0,2.631199658500776
North East Hertfordshire,24.785961461194844,30.233142432006275,23.01735811192148,8.507498866570625,9.95785260165586,0.0,0.0,0.0,3.49818652665092
North East Somerset and Hanham,26.440571900399934,25.724960364401923,26.798939310122112,6.428180609375956,10.297288664186581,0.6646485900000115,0.0,0.0,3.645410561513503
North Herefordshire,5.031484840000001,24.293350087014748,19.86468171287931,2.524,44.194515159999995,0.17,0.0,0.0,3.9219682001059413
North Norfolk,4.787419612447044,26.807922277478916,27.237591968728022,29.920519190835744,6.96606762368404,0.0,0.0,0.0,4.1804793268262275
North Northumberland,26.479621456912387,19.08133939089121,29.81445001060535,8.7303733844004,6.190864954590374,5.426520757002178,0.0,0.0,4.2768300455981025
North Shropshire,5.430503848196673,20.42858250253341,25.310822850374766,33.67226840925842,10.984560009636725,0.255,0.0,0.0,3.9182623800000003
North Somerset,24.99703827837349,27.815998059451637,25.138780762456815,10.402156786926364,8.449300066746543,0.17,0.0,0.0,2.9267260460451583
North Warwickshire and Bedworth,24.383579560905428,27.026768905617075,31.658249277872862,2.725544446438498,8.652036914948827,0.0,0.0,0.0,5.553820894217314
North West Cambridgeshire,24.069821344524208,31.36826463852469,24.70286620441077,6.142964436803873,9.66689331041162,0.0,0.0,0.0,4.049190065324838
North West Essex,22.126978573300377,34.05243189850314,21.296519296256605,8.923643399733546,7.826879137635663,2.5252527650000003,0.0,0.0,3.148294929570681
North West Hampshire,20.771391658610344,26.934139167212894,28.07970835638053,11.870684995484268,7.9820549864528045,0.765,0.0,0.0,3.597020835859166
North West Leicestershire,24.12190884690902,27.51487969478662,29.977063129105247,3.3458511919977756,7.502837217600346,2.804845910134076,0.0,0.0,4.732614009466917
North West Norfolk,18.027009972177378,23.55863687555912,35.085767967776434,11.448943566362654,6.9428306990879625,0.0,0.0,0.0,4.9368109190364535
Northampton North,32.40573332891803,18.962352927579623,24.76005040481808,5.018776882930006,9.930330648790017,5.27,0.0,0.0,3.6527558069642465
Northampton South,28.037523078830738,27.31825589813903,24.96801535825248,6.323525750070653,8.88857725021196,0.765,0.0,0.0,3.699102664495144
Norwich North,31.502653884477002,14.502193297728457,33.05215236645256,4.027564787464579,11.72566815064827,0.68,0.0,0.0,4.5097675132291375
Norwich South,33.15823375539588,9.089465257690133,22.71112218721314,6.99374835575888,23.59967123891877,1.4449999999999998,0.0,0.0,3.0027592050231977
Nottingham East,37.64591871690243,9.689161118823403,11.676703084166231,4.928421020298607,26.177180079612814,7.734999999999999,0.0,0.0,2.147615980196508
Nottingham North and Kimberley,35.25755624810799,16.722753194988286,26.648324886798175,3.7725326457497816,13.256317252461319,0.0,0.0,0.0,4.342515771894453
Nottingham South,30.89303732526269,17.442128825212077,15.314055398199859,5.70406215293456,22.32907385567833,5.44,0.0,0.0,2.8776424427124816
Nuneaton,26.49748552142812,21.46724434631289,32.84503543458366,2.985148636782563,9.301445910347688,1.9549999999999998,0.0,0.0,4.948640150545079
Old Bexley and Sidcup,22.255170478205464,32.10907678139686,29.9024756764599,3.6786535356455294,8.179960606936588,0.765,0.0,0.0,3.1096629213556697
Oldham East and Saddleworth,28.74089223065268,17.397381657263203,22.92228739906455,6.937526590504419,6.172266737940072,13.855,0.0,0.0,3.9746453845750653
"Oldham West, Chadderton and Royton",26.906867365590035,10.542979102044264,19.23729463500966,2.9929149780929754,11.822847383240035,24.905,0.0,0.0,3.592096536023029
Orpington,20.066010169829852,32.1926751309402,28.19532469435226,8.47051133771821,7.877534013154629,0.425,0.0,0.0,2.772944654004853
Ossett and Denby Dale,26.30524902096823,27.166827380615363,27.813168174445792,3.6836944168724326,9.015604991530466,1.53,0.0,0.0,4.485456015567714
Oxford East,36.12618750303721,7.401129505790298,15.894257052999972,7.983564106915114,19.984513574106693,10.765260524999997,0.0,0.0,1.845087732150723
Oxford West and Abingdon,10.365,24.612515946997025,10.44756308962969,34.7474054350369,16.637924440075626,1.275,0.0,0.0,1.914591088260763
Peckham,47.37542194798675,5.0889287283189635,5.804995998593679,8.159523778417551,28.94388711179225,3.4849999999999994,0.0,0.0,1.1422424348908045
Pendle and Clitheroe,27.276120313682952,26.88609859831977,26.233767081440597,3.7261675267225836,4.897703501402888,6.885,0.0,0.0,4.095142978431209
Penistone and Stocksbridge,28.394048087960556,22.055880309293855,30.557346465204013,5.636000885025989,8.469941208485466,0.0,0.0,0.0,4.786783044030126
Penrith and Solway,25.776876093311593,23.58996142583385,30.023008295702752,8.39494271283157,7.06972328348068,0.7341918350000108,0.0,0.0,4.41129635383956
Peterborough,25.24581436369226,23.913733892750813,23.723135858355132,3.8741778877120874,8.95453366313626,11.135,0.0,0.0,3.1536043343534548
Plymouth Moor View,28.68392800334594,18.034404560602756,38.58675585460384,3.3999447710890713,5.8398343132672155,0.0,0.0,0.0,5.45513249709118
Plymouth Sutton and Devonport,32.99654469695818,12.807834940277445,27.058427827509448,5.09590905981315,15.344320947371873,2.6785886700000003,0.0,0.0,4.018373858069899
"Pontefract, Castleford and Knottingley",30.721493745640096,11.939646771461575,38.34631159509411,3.3184257571594125,8.886446696909465,0.34,0.0,0.0,6.447675433735348
Poole,23.408175000264922,21.646585489956486,31.602272884097665,9.916404923304773,7.609214769914313,1.8906702899999999,0.0,0.0,3.92667664246184
Poplar and Limehouse,39.37365005187472,12.811943243699096,7.187567914655016,8.351247888749576,19.323158815676607,12.24,0.0,0.0,0.7124320853449846
Portsmouth North,24.92725419017838,25.006120629965,32.522720030438435,6.039619023828521,6.962857071485562,0.0,0.0,0.0,4.541429054104102
Portsmouth South,36.66793954875273,15.170146443331506,20.295139917733472,9.710544347297459,13.416925191031593,1.615,0.0,0.0,3.124304551853236
Preston,27.998018663443034,10.151501153673541,21.396820425068064,6.684531855133517,9.279902729717179,21.067520455,0.0,0.0,3.321704717964667
Putney,39.57742161130264,24.73708505320484,8.367645791164978,10.84194609341399,13.6324301912123,1.4449999999999998,0.0,0.0,1.2984712597012542
Queen's Park and Maida Vale,44.628383677767374,14.901957180114879,4.624077176885504,8.781048341367754,20.74056798086487,5.27,0.0,0.0,1.0539656429996178
Rawmarsh and Conisbrough,31.785168941732156,10.993208449814288,37.704685942150846,3.2635722159680602,9.356786451808844,0.6420402749999999,0.0,0.0,6.254537723525801
Rayleigh and Wickford,17.730545131538253,30.454026012573085,34.36418461361525,6.742765568399858,6.280296705199574,0.0,0.0,0.0,4.428181968673978
Reading Central,37.6466861777609,18.799992512817845,13.440599395063941,8.00561181133491,19.307244024311537,0.85,0.0,0.0,1.9498660787108795
Reading West and Mid Berkshire,25.261774826658545,29.589185482646975,21.8783821685125,8.948860966862732,9.70570459477988,1.53,0.0,0.0,3.0860919605393717
Redcar,27.75509414312938,18.844901086199865,37.779449745801,3.3077894144509696,6.681812770524863,0.34,0.0,0.0,5.190952839893923
Redditch,24.782951672597566,26.72389376189589,31.16269521933755,4.234636028339839,6.977908085019516,1.53,0.0,0.0,4.587915232809629
Reigate,21.671945621848185,30.71460201989674,23.0558871735264,10.24493535180663,11.570153967944739,0.0,0.0,0.0,2.642475864977311
Ribble Valley,25.00266183950032,31.77300532199152,24.44676796147823,7.645510653475421,5.417304427141924,2.04,0.0,0.0,3.574749796412585
Richmond Park,7.920977078917579,27.935381080086767,8.701394955383815,40.66850893728718,12.651954397583886,0.935,0.0,0.0,1.1867835507407734
Richmond and Northallerton,17.0690120118094,35.16623307729417,28.173250505858455,7.311877996110903,6.647633988332709,1.774562535,0.0,0.0,3.75742988559436
Rochdale,25.904368669822475,10.926277146417464,19.490173873569326,5.91786844671798,9.415569611357027,24.82,0.0,0.0,3.5257422521157302
Rochester and Strood,26.26971162891563,27.852409214113013,27.879224346191705,4.045042428138279,8.703127284414837,0.85,0.0,0.0,4.400485098226542
Romford,24.11859051421458,27.338407309186447,30.61041235868479,4.199332471638131,8.595997414914397,2.125,0.0,0.0,2.9122599313616506
Romsey and Southampton North,7.668629952591363,34.69737819152184,20.227524577415558,26.64624161935989,7.622811675437547,0.34,0.0,0.0,2.797413983673809
Rossendale and Darwen,29.196837717926684,24.136805401347154,31.044815760971822,2.4902695438227482,7.453395495701916,0.935,0.0,0.0,4.742876080229683
Rother Valley,26.796469564690963,25.870860805371375,33.371399905274615,2.414371021162992,6.83771305767797,0.0,0.0,0.0,4.7091856458220835
Rotherham,31.593676234011003,7.7053744553801975,31.511169636717057,4.392411305104925,11.21700272939282,8.33,0.0,0.0,5.150365639393998
Rugby,28.406143652079972,26.43070821163364,26.317202396137265,5.618085526223533,8.77705601616961,0.595,0.0,0.0,3.85580419775598
"Ruislip, Northwood and Pinner",23.386824681930875,46.06705043933399,11.607990353815257,7.8786222422333765,9.708267964358624,0.0,0.0,0.0,1.3512443183278742
Runcorn and Helsby,34.015814683419755,14.106398264887233,31.332260949411992,5.3798388250092914,9.302859958090638,1.1502786299999999,0.0,0.0,4.612548689181098
Runnymede and Weybridge,15.994450320375101,33.60423385704138,21.51771972458977,17.6624101201252,7.223230360375612,1.19,0.0,0.0,2.707955617492935
Rushcliffe,29.30733969564612,32.344195960782784,18.325514317814687,5.470429229744989,10.888066672090984,1.105,0.0,0.0,2.559454123920437
Rutland and Stamford,16.462718005106183,36.28741938216637,24.569711704559815,10.281653494779402,8.194960484338202,0.68,0.0,0.0,3.423536929050039
Salford,38.280343326026895,9.067283065689981,18.642133659286586,6.5636172761503,22.05114932283542,2.21,0.0,0.0,3.1854733500108154
Salisbury,19.51107844614051,23.52957938317111,27.402378003708574,18.26478756076395,7.217830291601701,1.003779525,0.0,0.0,3.0705667896141673
Scarborough and Whitby,28.46969406880378,19.711480923488963,35.36503249617395,3.652826186963697,6.030478560891091,1.5558590749999999,0.0,0.0,5.214628688678516
Scunthorpe,27.113882382191033,19.169049989274093,36.2383274342527,2.165758530873366,7.1601688981408325,2.8049999999999997,0.0,0.0,5.347812765267983
Sefton Central,37.55973177226331,15.289185711416582,28.997318493414394,5.212322190712722,8.781935174073364,0.7995862865563202,0.0,0.0,3.259920371563304
Selby,28.847580402402833,25.504195727294885,28.213457974630302,4.235739053592024,8.478542197085869,0.0,0.0,0.0,4.6204846449940895
Sevenoaks,10.833006779599362,32.80256534723474,25.19565026366199,20.065125945226878,6.775377835680636,0.85,0.0,0.0,3.3782738285963996
Sheffield Brightside and Hillsborough,35.0903016809046,3.2944241088783284,24.15954723892546,5.163155887061736,18.044552814229874,13.005,0.0,0.0,1.24301827
Sheffield Central,37.64514855097862,7.827648448016923,8.3622499517246,6.227978281208203,35.899412700934334,2.465,0.0,0.0,1.5725620671373104
Sheffield Hallam,29.37262976816566,10.885592347571436,16.491459810614682,23.7868700557479,16.36706111790032,2.21,0.0,0.0,0.8863869000000002
Sheffield Heeley,35.86166729555746,5.628421678776664,27.584062829953922,8.462985512961696,17.546315022750264,1.4449999999999998,0.0,0.0,3.47154766
Sheffield South East,36.75138343477586,6.0846292883750435,28.95673686845631,8.081754908493163,12.163573855077086,3.995,0.0,0.0,3.9669216448225413
Sherwood Forest,26.23779688232178,23.343808084921527,32.26052197272069,3.488389791036898,7.708129662761045,1.7112788399999999,0.0,0.0,5.250074766238075
Shipley,31.907814679420632,24.55068338064264,25.023898165388754,3.0646444690659327,9.74013486180614,2.21,0.0,0.0,3.5028244436759017
Shrewsbury,30.790564272441284,15.718942262344635,30.704724312593388,10.283462499701516,7.942615046299262,0.67276298,0.0,0.0,3.8869286266199228
Sittingbourne and Sheppey,22.809234628446525,21.908802285193563,33.65617792715993,2.888575403324667,6.548290898020659,6.713103960860018,0.0,0.0,5.375814896994653
Skipton and Ripon,22.97529387812902,30.3834119895699,25.72025696372203,6.406453582438913,8.68020914830739,1.8542778269640683,0.0,0.0,3.780096610868683
Sleaford and North Hykeham,20.140371304982715,32.02162423815926,28.142925479571602,3.911401390732738,7.038357107473911,4.094115379172907,0.0,0.0,4.6512050999068695
Slough,29.657654966323882,17.653931464825593,6.941104838677367,5.173032339721238,12.056657198954875,27.152655495,0.0,0.0,1.2649636964970412
Smethwick,39.60047102784439,12.923613077721592,15.57710756391639,3.8470389574349073,14.722319472771265,10.37,0.0,0.0,2.859449900311454
Solihull West and Shirley,18.50783068446816,34.24549846564288,19.813192769482555,13.445297388339947,9.97789216501984,1.105,0.0,0.0,2.9052885270466233
South Basildon and East Thurrock,23.239342744463702,21.746081448190502,35.66058151775387,2.645151424746586,6.797454274239758,4.8207243900000005,0.0,0.0,4.990664200605591
South Cambridgeshire,8.732591102588852,29.55944003093795,14.615903255877331,34.294985558629435,9.65281753966529,0.68,0.0,0.0,2.264262512301142
South Cotswolds,6.220706804572097,30.301549949694248,19.75592619869731,32.67412949385732,6.991881229207489,1.06248035,0.0,0.0,2.8933259739715282
South Derbyshire,26.6746567084671,25.65757096833732,29.01285529538872,4.388374679403517,7.2737562607611865,2.43734773,0.0,0.0,4.555438357642158
South Devon,5.103297950049485,25.865595571475772,24.395924672891216,33.27391320099784,7.515315664744775,0.255,0.0,0.0,3.590952939840918
South Dorset,22.76067463900134,20.45607264140611,31.98423930868212,12.779829968168684,6.865489904506053,0.74447744,0.0,0.0,4.40921609823568
South East Cornwall,21.765834730180813,24.047224937652892,28.66822447552804,13.099639082653232,7.503956328710855,0.40615689000000005,0.0,0.0,4.50896355527417
South Holland and The Deepings,16.356780244862186,28.96075360802088,33.10480626325064,3.4925540032379687,6.084885435725206,6.665301536966089,0.0,0.0,5.334918907937025
South Leicestershire,17.640870543500526,33.73486067852899,25.868694961966,11.57812028225087,6.878360846752605,0.0,0.0,0.0,4.199092687001017
South Norfolk,24.660245964152665,26.073167917064655,25.55300101197147,9.18378987207633,10.276702056228988,0.64733646,0.0,0.0,3.6057567185058947
South Northamptonshire,20.800481386575896,34.72212401088393,22.462421964129454,7.637236643011125,7.8753465940003275,2.8715732725417045,0.0,0.0,3.630816128857555
South Ribble,28.15174693595797,24.69459109109275,29.587840294236635,5.141248668519781,8.140430581179036,0.0,0.0,0.0,4.284142429013847
South Shields,29.690031607722958,6.753641480590601,33.85615203496476,3.229216763861476,16.956846451584436,4.36281344,0.0,0.0,5.151298221275787
South Shropshire,10.217047459322746,28.172663129163638,27.33894524107469,23.401001731205252,6.7146369189077,0.0,0.0,0.0,4.155705520325973
South Suffolk,18.888749772032455,29.920024281799527,26.360928266818053,10.373970462009462,10.141019976028396,0.0,0.0,0.0,4.315307241312129
South West Devon,21.651528254792908,27.33344013105816,29.886545515885707,8.370624648744176,7.573873946232529,1.05593112,0.0,0.0,4.128056383286524
South West Hertfordshire,15.202585489799192,34.364279925955714,18.827390888736296,19.468939983508182,8.230819950524547,1.4449999999999998,0.0,0.0,2.46098376147607
South West Norfolk,21.955168733950725,19.193083863444766,31.206127876898957,4.844279684475362,7.100243448575655,10.47293554224968,0.0,0.0,5.228160850404849
South West Wiltshire,19.71771032317165,21.301995632416624,33.5523782147841,12.254270185505385,7.2548105565161585,1.56420351,0.0,0.0,4.354631577606086
Southampton Itchen,29.894929111214413,22.967170812665184,26.075942800140297,6.068484729051966,10.417394208836495,0.595,0.0,0.0,3.9810783380916464
Southampton Test,32.65083853077043,17.562199056508835,21.885694340154615,7.862371564477981,14.093114693433945,2.72,0.0,0.0,3.225781814654204
Southend East and Rochford,28.307102554150973,21.678746649685518,29.450298740034327,5.044484502805334,9.941453508416002,1.53,0.0,0.0,4.047914044907852
Southend West and Leigh,26.022920832355297,23.6854950393772,29.924981616439133,5.750637115730123,9.733911347190368,1.105,0.0,0.0,3.777054048907888
Southgate and Wood Green,40.82241958933848,19.054850241272682,9.749247153555215,8.100309371680092,17.978168346794565,2.975,0.0,0.0,1.3200052973589707
Southport,27.46683701420118,17.617820354537756,31.290826677310456,10.339243893645078,7.463731680935232,1.6529931900000001,0.0,0.0,4.068547189370294
Spelthorne,20.20431422319208,28.056102459009274,24.39622232059344,15.065405859814524,8.600217579443575,0.51,0.0,0.0,3.1677375579471017
Spen Valley,29.025822944842474,22.77600575790853,29.345418901507614,3.0324504994095998,7.753036815871366,3.145,0.0,0.0,4.922265080460428
St Albans,7.942169679864078,24.471655705146972,11.296547412264315,41.67802332692189,12.345880426272053,0.34,0.0,0.0,1.925723449530695
St Austell and Newquay,24.341638963110718,20.34273861722756,33.383901253373054,8.191113491374558,7.183340474123678,1.6058142450000001,0.0,0.0,4.951452955790433
St Helens North,34.48077348640405,10.187978322427082,34.321392785660855,4.662196623637317,10.350280574614775,0.595,0.0,0.0,5.302378207255933
St Helens South and Whiston,35.245256071913325,4.2170941665116715,35.58567295116427,5.0436525330229856,9.448804406481763,5.966556200905993,0.0,0.0,4.39296367
St Ives,4.575116904464614,19.498004434277554,24.786470608697915,35.399708432971835,11.47041566619424,0.5101839533938417,0.0,0.0,3.7601000000000004
St Neots and Mid Cambridgeshire,11.39460923961336,23.102225683566537,21.432661507514226,28.014973479588065,8.752587259747937,4.544376271661819,0.0,0.0,2.7585665583080567
Stafford,28.572308055318853,25.65829227983295,29.008948545984914,3.2111897301410215,8.570386153233263,0.765,0.0,0.0,4.213875235488997
Staffordshire Moorlands,22.70527711234963,28.709418367682467,33.67786953569117,2.899429560052813,6.810288680158439,0.0,0.0,0.0,5.197716744065478
Stalybridge and Hyde,30.80196236297561,15.193197125420337,30.94222715246521,2.8413658967809456,10.054927483597824,5.490996865000001,0.0,0.0,4.675323113760081
Stevenage,29.505582232359405,23.657935293230743,26.590081861813463,6.773672678565597,9.205018035696792,0.255,0.0,0.0,3.812709898334
Stockport,34.89122018967837,10.407618718408413,26.129302029190214,7.608977104101786,13.807345555783893,3.57,0.0,0.0,3.5855364028373216
Stockton North,32.783189904331756,16.25620385618688,34.85866788160276,2.6894901421329065,7.9228196615438735,0.0,0.0,0.0,5.489628554201822
Stockton West,26.743694528649293,34.35928535292282,27.388301284279265,2.235719694226898,4.855757150225603,0.935,0.0,0.0,3.4822419896961225
Stoke-on-Trent Central,31.051570367318295,14.012054211476778,31.439188706387483,2.6766175806803663,8.56691921559072,6.885,0.0,0.0,5.2686499185463544
Stoke-on-Trent North,29.913991455043586,19.12275002803594,35.09350487741774,2.2708800737174855,5.337188264426917,2.635,0.0,0.0,5.626685301358329
Stoke-on-Trent South,25.264506960438364,26.04304961308832,32.486844715804395,3.2642191417145874,4.7317425320746915,3.06,0.0,0.0,5.049637036879655
"Stone, Great Wyrley and Penkridge",24.852130962359592,23.632357729943266,30.07281113210757,5.686091148052297,7.543851612995169,5.762049046860419,0.0,0.0,2.4507083676816936
Stourbridge,27.5461618886956,25.277686029432747,30.32521953246591,3.482808852755463,6.553705046817346,2.295,0.0,0.0,4.519418649832929
Stratford and Bow,39.09816077654551,8.98795788830448,3.9583955390874666,5.194299323898348,22.96028525825167,18.869999999999997,0.0,0.0,0.9309012139125331
Stratford-on-Avon,5.938894914239771,29.497038717408167,21.264938874446486,32.92352312576085,6.239899128335013,0.746030165,0.0,0.0,3.3896750748097104
Streatham and Croydon North,40.53631134550745,14.201361088476801,6.558194543630022,11.058294858402794,24.006820951928724,2.55,0.0,0.0,1.0890172120542063
Stretford and Urmston,35.461418267695976,14.703101254443212,19.8316383405581,5.270658579083806,13.02864370627234,8.84,0.0,0.0,2.8645398519465597
Stroud,31.011581494819083,19.15454487290056,28.383734445307848,5.084383851089979,12.382372895703266,0.5354588050000031,0.0,0.0,3.447923635179272
Suffolk Coastal,22.388684763991474,23.39076910506012,27.941689136176038,11.028940566995738,11.206018070987213,0.0,0.0,0.0,4.043898356789418
Sunderland Central,29.689297334700267,15.349791197580553,32.263371374417204,7.304849184363101,10.098547553089304,0.0,0.0,0.0,5.2941433558495765
Surrey Heath,5.6723509837796025,30.1098634201775,21.06590129959131,33.08469330427597,7.123475051073287,0.17,0.0,0.0,2.7737159411023313
Sussex Weald,13.17137501751091,28.044913624103113,27.666914873023863,15.663108723390437,9.955508190171303,1.74636293,0.0,0.0,3.75181664180038
Sutton Coldfield,24.254834033239263,35.446578235859214,23.279554280209354,4.832695389853995,8.062086169561985,1.19,0.0,0.0,2.9342518912761837
Sutton and Cheam,14.090894450105148,30.28295239912834,16.499920103148504,27.696588728462398,8.718855384535697,0.595,0.0,0.0,2.1157889346199137
Swindon North,28.82821069448752,25.12687471572687,29.293963975250797,4.057677335247103,7.849916004241726,0.765,0.0,0.0,4.078357275045993
Swindon South,34.34803268108387,20.26524815509893,26.851677780554418,3.783367916858889,10.351293721079452,0.935,0.0,0.0,3.465379745324436
Tamworth,24.71327547316845,26.75660406172431,33.89785009562712,2.8436968840673043,5.439090652201913,0.9124791750000001,0.0,0.0,5.437003658210902
Tatton,25.21437314326774,35.12767272366289,21.1660959983332,7.299977595441627,8.468267219467199,0.0,0.0,0.0,2.7236133198273453
Taunton and Wellington,5.8046247225839,19.41257325891898,27.133355372244182,34.57667772427421,8.805160161551614,0.255,0.0,0.0,4.0126087604271214
Telford,31.989119713625232,17.76907060572647,32.83841856465846,3.5376311801533205,8.393581505574064,0.0,0.0,0.0,5.372178430262463
Tewkesbury,7.267212626670335,21.282209038885195,26.39273619913856,31.535062379966348,9.799494751027927,0.34,0.0,0.0,3.3832850043116443
The Wrekin,22.381950786880935,29.012397317815207,26.862608028257007,7.769003443180125,8.745010329540376,0.935,0.0,0.0,4.294030094326354
Thirsk and Malton,17.672661013289613,30.21726833344278,29.588793397222485,8.600814385213456,8.167873668713518,1.3063130707805373,0.0,0.0,4.44627613133761
Thornbury and Yate,7.460935459131692,25.32754772436818,27.12613114905634,29.090727866530326,7.335893882715315,0.0,0.0,0.0,3.658763918198148
Thurrock,31.983882337704717,20.002269723382565,29.34368667120951,3.5652762422580646,8.905828726774194,2.55,0.0,0.0,3.5490562986709606
Tipton and Wednesbury,27.888856700886848,23.63491391248582,28.266733437999996,2.413077548274272,8.421232644822817,4.25,0.0,0.0,5.125185755530251
Tiverton and Minehead,7.095049728705558,24.47028994363766,27.50530042223751,28.160639712944224,8.525676482444451,0.0,0.0,0.0,4.243043710030595
Tonbridge,13.932758372263741,35.45537932203385,22.00156992883155,6.774679737437064,17.092729122311173,1.390585315,0.0,0.0,3.352298202122607
Tooting,43.166701440285436,17.808636649119833,10.253119918047325,8.13565649285187,17.266123138715248,2.21,0.0,0.0,1.1597623609802896
Torbay,6.072729604012793,17.377448106554823,34.264846310359815,29.082387012609665,8.06320643415019,0.425,0.0,0.0,4.714382532312728
Torridge and Tavistock,15.543327127047213,22.19014825788698,31.848166598400304,18.08701192541683,7.193697655537683,0.64848603,0.0,0.0,4.489162405710986
Tottenham,44.38543517125773,8.845781006870634,5.267616676667654,6.373433928574574,26.677733216629388,7.6499999999999995,0.0,0.0,0.8
Truro and Falmouth,28.47914655729023,19.280874024671533,26.388225213170728,10.345040002298422,11.019407680496577,1.0647138649999999,0.0,0.0,3.322592657072511
Tunbridge Wells,9.348052561733638,25.47347285870784,20.132740980309386,32.35118533897804,8.912038400183272,0.935,0.0,0.0,2.847509860087821
Twickenham,9.96289190017995,21.918434580628393,10.97340689956805,41.417692520885836,13.629183680815085,0.51,0.0,0.0,1.5883904179226846
Tynemouth,34.77312336292877,15.628906754353734,28.973009261440577,5.153155438988743,9.831940624047348,1.912440550469973,0.0,0.0,3.7274240077708525
Uxbridge and South Ruislip,27.479493907482816,34.70560090871136,16.79270384425417,4.092029789570506,13.971812223190156,1.105,0.0,0.0,1.8533593267910051
Vauxhall and Camberwell Green,46.14040336401775,8.777929800243541,5.356204982367585,11.821106842397336,26.29348979358491,0.425,0.0,0.0,1.1858652173888713
Wakefield and Rothwell,31.700002550463623,14.916088735950758,30.551791156575327,6.558910163413757,8.501281601264015,3.145,0.0,0.0,4.62692579233252
Wallasey,38.69457086996935,6.367227750673527,33.9176321024517,4.462112717050836,11.4145229098546,0.79945558,0.0,0.0,4.24447807
Walsall and Bloxwich,27.802792696030327,17.869232070685236,20.82026645766878,2.6099878500203233,9.77396355006097,17.34,0.0,0.0,3.7837573755343623
Walthamstow,45.761121301253,8.704077216268733,7.54087690130686,5.417096170215347,24.94251185095606,6.63,0.0,0.0,1.0043165600000001
Warrington North,30.741415097327742,16.608672322200338,31.121900464372917,5.915080368255915,9.092852873385134,1.3510849,0.0,0.0,5.068993974457949
Warrington South,31.52480503370914,20.222035453178577,27.75523995626201,6.5236293617512,9.258344008336046,0.935,0.0,0.0,3.7809461867630283
Warwick and Leamington,33.47627642009932,21.32685290699924,19.451200330948495,7.183942765810297,15.74479779247035,0.255,0.0,0.0,2.5619297836723067
Washington and Gateshead South,31.324635566082254,11.589969422190496,36.92172578075407,3.9124424333991237,8.712772082493345,1.313099625000008,0.0,0.0,6.225355090080709
Watford,27.077309087549768,27.731737198497406,13.672193963075356,13.966516823896228,10.025550471688685,5.44,0.0,0.0,2.0866924552925568
Waveney Valley,7.026569298333589,20.211491707798945,23.289143586497673,2.198111189166794,42.87398664750039,0.17,0.0,0.0,4.230697570702617
Weald of Kent,16.50279053768206,40.17083878646359,22.344926523374667,6.264466928841029,10.731544106523087,0.0,0.0,0.0,3.885433117115575
Wellingborough and Rushden,28.748153585098883,23.110660797228626,30.30728873518392,3.2967145039973778,9.138000552963693,0.51,0.0,0.0,4.789181825527504
Wells and Mendip Hills,6.232396204815343,23.2064730690942,21.343586767768354,34.377948775221455,8.222323803257185,3.0244785230232516,0.0,0.0,3.492792856820205
Welwyn Hatfield,29.669300417451982,32.58929127285484,19.696922979156042,5.650441182477964,9.621797419152887,0.0,0.0,0.0,2.772246728906299
West Bromwich,36.01391737989569,20.492275097290065,20.477087234947266,4.230811266390992,11.09879037122837,4.25,0.0,0.0,3.4371186502476294
West Dorset,5.0601586057037915,20.316081902061267,24.61899369046194,36.713533405322465,9.48387015523605,1.5465525499999997,0.0,0.0,2.1608096912144927
West Ham and Beckton,38.87798322432444,10.997605744725814,7.356443547878236,5.440590273441887,18.02453315298562,18.275,0.0,0.0,0.9278440566440143
West Lancashire,31.217698789094563,17.68147406993278,28.480101621226382,4.478382016684677,13.903935495288414,0.0,0.0,0.0,4.238408007773191
West Suffolk,20.205526234405085,28.695428886994222,28.183382266027422,7.651797460816718,8.967392382450152,1.7433104250000002,0.0,0.0,4.553162344306404
West Worcestershire,11.467289118368733,28.727041789930844,25.453927681604544,18.72739995659024,11.605542269770718,0.49930159999999996,0.0,0.0,3.519497583734921
Westmorland and Lonsdale,3.7100502000000004,20.68922574826503,23.440400614126204,38.40782284622755,10.916356391381218,0.2908842,0.0,0.0,2.54526
Weston-super-Mare,27.285653357467094,17.63675526672735,34.493920424545315,7.223832407028017,8.80549722108405,0.0,0.0,0.0,4.55434132314818
Wetherby and Easingwold,20.622134559547543,38.081934418015464,20.57288249029534,5.703288688637572,10.642181681181793,1.0755445399999999,0.0,0.0,3.202033622322293
Whitehaven and Workington,32.51739382902733,13.710195619324848,37.47531593648331,3.0911087500856493,7.7880858650788625,0.0,0.0,0.0,5.4179
Widnes and Halewood,38.17637933230692,7.586732781674689,34.82326271305029,4.488912294208548,9.754667053759555,0.599224105,0.0,0.0,4.5708217200000005
Wigan,34.20729727852482,7.920557850964295,34.47610994411037,3.8462254842873915,6.4710706801468305,7.578259333043157,0.0,0.0,5.400479428923133
Wimbledon,16.779,29.043603680444004,6.434590066242293,33.42286939649908,12.153492519374499,0.935,0.0,0.0,1.2314443374401154
Winchester,4.37796683388706,27.435612924988718,16.91998431592193,37.939877738982574,10.353122516966398,0.6778936099999999,0.0,0.0,2.2955420592533224
Windsor,18.178506125793938,34.51773929193317,14.399639210974192,17.058376650454406,9.455129951363213,4.25,0.0,0.0,2.1406087694810947
Wirral West,32.283274510172475,19.60327879325135,29.688152471806667,4.931428683427901,10.311861220283701,0.0,0.0,0.0,3.182004321057904
Witham,19.564924638005103,33.83495812251809,26.188981713562885,5.5275508332909,9.028282050886325,1.6168026169591245,0.0,0.0,4.238500024777593
Witney,7.772634421554463,27.212527578920845,22.7652153688216,30.67742577907721,7.46878562011633,0.83747802,0.0,0.0,3.2659332115095485
Woking,7.356890698209582,29.398548082912725,14.45379938398829,36.79624878549289,9.346877148870252,0.255,0.0,0.0,2.2926359005262547
Wokingham,5.644188600224357,31.656569525417858,16.522389572270875,36.00427538177726,8.021856549712044,0.0,0.0,0.0,2.1507203705976017
Wolverhampton North East,31.56342373653775,21.692270042420635,29.998229768509916,3.369453541971807,8.54636062591542,0.0,0.0,0.0,4.830262284644476
Wolverhampton South East,37.295517111788484,17.046353275377722,24.48917959461625,3.040165751702651,11.166512621685413,2.295,0.0,0.0,4.567271644829485
Wolverhampton West,34.409830767793416,25.01399888155237,16.45804580329341,4.063029711027872,11.707089133083617,5.5249999999999995,0.0,0.0,2.823005703249315
Worcester,28.758511542130616,17.184853440824604,29.316418380895286,7.12335933835612,13.092078015068362,0.765,0.0,0.0,3.759779282725039
Worsley and Eccles,32.913654120347175,17.065694280105536,27.653603062457393,4.1920680577223415,11.44179435708559,2.295,0.0,0.0,4.4381861222819765
Worthing West,28.661375208834457,22.558361135336522,31.119184490725473,4.510847044618954,8.864541133856862,0.595,0.0,0.0,3.5906909866277386
Wycombe,28.85229181745442,24.80597254523733,14.80682499153547,8.049279042008354,9.768173926715477,11.39,0.0,0.0,2.327457677048943
Wyre Forest,22.28005922687225,22.438869376238408,34.517173323337396,5.034329939280085,7.3543721311518535,3.3318179850652,0.0,0.0,5.043378018054811
Wythenshawe and Sale East,37.044155911615356,12.706343317389699,25.52068958423225,5.1639853220737235,13.667313202203399,2.295,0.0,0.0,3.602512662485563
Yeovil,4.992702045625086,17.562886244853452,27.565968672577743,34.617550885358014,9.802453357441637,0.98727082,0.0,0.0,4.371167974144073
York Central,34.06619672014897,7.3521311709192645,23.311714157328684,6.103981761147659,25.26842482065103,0.85,0.0,0.0,2.947551369804393
York Outer,28.66094630098829,22.96393977903221,25.802256831655626,9.127327862153107,9.273099004280885,0.917788085,0.0,0.0,3.2546421368898804
