Seat,Labour,Conservative,Reform,Restore,LibDem,Green,Oth,SNP,Plaid
Aberafan Maesteg,30.414065754005687,1.7982919919999998,28.564666853865976,4.18,1.68688,4.6082643573337005,0.618112,0.0,28.129719042794644
Aberdeen North,18.96814687603554,9.237980209072823,15.352751839081154,1.35,6.403290745072821,11.6587920652974,1.5,35.07903826544026,0.0
Aberdeen South,18.36575583106803,21.71843775068397,10.184704495205388,1.035,5.0513299835386105,13.82638116596032,0.509964,28.963426773543674,0.0
Aberdeenshire North and Moray East,5.558956710683401,24.242408017202404,23.253209358530608,2.19,6.619808771001363,5.739617791147294,0.0,31.665999351434934,0.0
Airdrie and Shotts,31.264807519708572,6.283105239981042,18.050952138567265,1.215,2.9225811673305224,7.432396569037392,1.00224,31.42391736537521,0.0
Aldershot,30.692070201635822,28.380179004533296,24.50790155977224,3.657100464784097,5.045284816337576,7.2592399529369755,0.358224,0.0,0.0
Aldridge-Brownhills,18.594603178821536,34.9470520965045,31.645600466870015,4.895983865962392,3.179014677333196,6.737745714508363,0.0,0.0,0.0
Alloa and Grangemouth,26.670750405498737,5.095803669225283,18.649464060426215,1.38,3.1489601400243865,9.050957826401836,1.45152,33.992543898423534,0.0
Altrincham and Sale West,31.09868498983011,36.624367919908025,13.815270196454753,2.1757344895380037,5.850133228013065,9.593249176256037,0.74256,0.0,0.0
Alyn and Deeside,22.09359003163322,9.552069227951273,30.850872216548552,4.420000000000001,3.1142399999999997,8.271587600386848,1.0298880000000001,0.0,20.667752923480123
Amber Valley,26.998685713746333,15.584684009640831,41.59345813194484,6.220734603750026,2.4969629107759737,7.105474630142005,0.0,0.0,0.0
Angus and Perthshire Glens,9.316147294974616,20.26888303629042,17.454143206816408,1.035,6.619290696733699,5.558346430738258,0.75,38.65318933444661,0.0
Arbroath and Broughty Ferry,19.36913515203053,9.099202396227245,17.311331121845768,1.2899999999999998,5.6931767132272455,6.49599028587571,1.05,39.26116433079349,0.0
"Argyll, Bute and South Lochaber",11.7435735785317,12.573683558103257,16.59087068064226,1.02,15.98804920247711,5.641288608398617,1.05,34.95253437184705,0.0
Arundel and South Downs,13.032871830884474,37.61895430380415,19.64885598444676,3.1168069318306557,14.049662768508492,12.290644355525464,0.2422038249999999,0.0,0.0
Ashfield,23.429110540424176,8.502309268915166,43.4155528971226,7.024564981771968,1.5262886352120857,5.300312868471973,10.80186080808205,0.0,0.0
Ashford,25.63388228286566,26.30839289854697,27.714280628084886,4.341233666988881,3.3073906625665876,11.283047803427026,1.41177205752,0.0,0.0
Ashton-under-Lyne,35.6348010311358,9.877913761261182,31.996580776521206,4.947859075394074,2.8776121625751485,9.714833193112582,4.9504,0.0,0.0
Aylesbury,24.42618491252686,28.776319637435737,22.014506962683054,3.043294300556596,13.229624661645062,7.739575125152681,0.7704944,0.0,0.0
"Ayr, Carrick and Cumnock",22.56999274067554,11.72148944236719,20.292760138823706,1.305,2.777914102790378,7.650504015701464,0.41472,32.832619559641714,0.0
Banbury,28.555483272359307,26.0064321522134,25.630226055948743,3.534226629685749,5.536640344880763,9.084687544912033,1.552304,0.0,0.0
Bangor Aberconwy,19.058369231715815,12.618803908918789,21.948411731462574,2.92,2.4005600000000005,5.439102064164695,0.375232,0.0,34.01208920670392
Barking,37.95962415101133,11.870467036484335,14.059360435808138,1.538992914046178,3.8288894318408566,19.60766603080918,11.135,0.0,0.0
Barnsley North,36.09595646633256,6.242281844327675,39.47542233129844,6.341909522243521,2.983150480198261,6.8600456702395505,2.00123368536,0.0,0.0
Barnsley South,33.68461140792502,7.0806968055696515,40.93846421880046,6.858495355328505,2.5046167844474447,7.005703179448924,1.8274122484800002,0.0,0.0
Barrow and Furness,29.851433640392347,14.796009898101367,39.26515076602083,4.781091076798924,3.0298682319422596,7.912397516104274,0.36404887063999686,0.0,0.0
Basildon and Billericay,20.053478113606015,28.294931928706923,34.94492002527363,4.453348209458359,3.838377924301679,7.411495798653397,0.903448,0.0,0.0
Basingstoke,31.72245480645287,21.715555575970857,27.913182578923415,3.350141451474428,4.410400656004187,10.158760931174275,0.7295039999999999,0.0,0.0
Bassetlaw,28.89912658199102,14.791589475996133,39.754571318759055,5.391333221141254,3.1559748858669185,7.9074045162456255,0.0,0.0,0.0
Bath,11.347271022865542,14.862561608890045,14.223435756572915,2.111695519895796,37.44346652223227,17.039165720683904,2.9724038488595297,0.0,0.0
Bathgate and Linlithgow,29.27774177561998,6.728833162525934,16.779924203742,1.26,5.1742872393818224,9.12605742909304,0.5184,30.714756189637235,0.0
Battersea,39.34277669051068,24.06874074859021,5.973610947546854,1.2176483038629382,9.931643336511527,17.170579972977794,2.295,0.0,0.0
Beaconsfield,10.396440663178698,42.15159110035111,15.665599946684761,2.5548712344711983,20.215021055314217,7.479676,1.5368,0.0,0.0
Beckenham and Penge,40.23663330844298,25.321971191056793,14.8363616780743,1.8947344390129448,6.1245518411418125,11.58574754227117,0.0,0.0,0.0
Bedford,37.70185247243859,16.596411538510704,22.67006597914123,2.745459822053224,6.896791923465291,9.554218264390961,3.8351999999999995,0.0,0.0
Bermondsey and Old Southwark,40.4878075918192,10.24156268651364,7.836450535769172,1.1635494642308204,13.72642316381125,24.98020655785591,1.564,0.0,0.0
"Berwickshire, Roxburgh and Selkirk",7.699173306671287,34.94492626781095,15.35016046026863,1.08,6.587183394142563,8.76869284387808,0.1855039999999995,25.024359727228497,0.0
Bethnal Green and Stepney,38.901659132809456,5.501489630628068,3.223279648910157,0.7944265496367189,4.461899146020633,20.96452640251428,26.152719489480667,0.0,0.0
Beverley and Holderness,23.52643219441713,29.680765436774315,30.997008719603055,4.394159695654836,4.768970717079115,5.495031933855552,1.137631302616,0.0,0.0
Bexhill and Battle,21.3166693918111,30.958117030869136,27.46820786073706,3.8107980855843295,4.668694766594439,8.527826662493347,3.24968620191059,0.0,0.0
Bexleyheath and Crayford,27.944790617014682,28.469289929806056,28.51442556130771,3.270417051464799,3.563412955998989,8.23766388440778,0.0,0.0,0.0
Bicester and Woodstock,8.413854309171217,25.874695306340524,20.36477333829109,3.020869862384467,34.186754469998256,7.7155487138144405,0.423504,0.0,0.0
Birkenhead,37.943205756349975,4.098017790876453,28.24894733300952,3.53395894,3.8817170723574943,21.802921107406558,0.491232,0.0,0.0
Birmingham Edgbaston,41.055111170856094,22.480161597258906,11.784164801350784,2.10170214294788,4.541330564350682,12.348649723235658,5.68888,0.0,0.0
Birmingham Erdington,37.11478235860469,13.999796846990739,26.980751184187618,3.805208369395597,2.9235194574062087,10.87562178341513,4.300319999999999,0.0,0.0
Birmingham Hall Green and Moseley,35.46482426038313,9.694604160886588,4.769092490822611,1.141010276758068,5.996999926558966,13.599678491136753,29.233790393453887,0.0,0.0
Birmingham Hodge Hill and Solihull North,32.208872794449384,12.462939483806466,20.42660140693085,3.1082295459351466,2.2350788959900956,8.930556973107647,20.627720899780407,0.0,0.0
Birmingham Ladywood,42.523610726184856,5.7637374999999995,3.2307405440674493,0.7692594559325511,1.5346002757206256,20.358567081369394,25.819484416725125,0.0,0.0
Birmingham Northfield,30.6366917212256,21.059040016287554,29.318153714979513,4.382580171400942,3.3899672129213703,10.11931116318502,1.0942560000000001,0.0,0.0
Birmingham Perry Barr,35.323526087633155,11.208402057993789,5.49659797936044,1.0034020206395513,3.3307898742496214,10.711147167093488,32.926134813029954,0.0,0.0
Birmingham Selly Oak,36.59764190017922,15.22204145008289,16.938682195532884,2.8288012998670498,4.235893395878743,19.447499758459212,4.62944,0.0,0.0
Birmingham Yardley,36.30849360467789,11.356841132648725,12.04690286064914,2.42866771161631,6.867675078243906,8.264672118605404,22.726747493558623,0.0,0.0
Bishop Auckland,28.418699744075525,17.669788369619468,36.69431269683016,5.523896433989211,2.845169913622472,8.275674539679173,0.47245830218400003,0.0,0.0
Blackburn,22.069104581929786,8.161782644626145,13.89326371015257,2.6407404014468416,1.860547387470605,11.849561274374048,39.525,0.0,0.0
Blackley and Middleton South,42.17832911140343,11.02032885483131,23.30581948824699,3.624152827220386,5.05539764551772,14.81597207278016,0.0,0.0,0.0
Blackpool North and Fleetwood,29.785230661236888,15.180870659245102,42.131539653161326,5.255298870324474,2.2429607886605387,4.645107455611682,0.65899191176,0.0,0.0
Blackpool South,35.313520805850494,10.590669279807543,39.63358562253361,5.898359040700429,2.225023695741992,5.534401555365919,0.80444,0.0,0.0
Blaenau Gwent and Rhymney,25.09757465384016,2.6068136906,30.885571018789296,0.0,2.7249600000000003,6.806438733039533,2.675070965911639,0.0,29.10357093781938
Blaydon and Consett,34.30917375954956,11.20257559300969,35.82111198629295,5.311600523517208,4.305627331903182,8.764270805727419,0.18564,0.0,0.0
Blyth and Ashington,33.9083529857057,8.992425535267984,39.49799647347474,5.963192670693886,2.6556202161189932,8.982412118738717,0.0,0.0,0.0
Bognor Regis and Littlehampton,19.170024487351327,24.73689996043195,36.64035703424902,4.810374436033576,6.946301823924552,6.6829620859615595,1.0130801720479998,0.0,0.0
Bolsover,28.22051010204546,13.428272254246805,39.7729295417754,5.6560683628944055,3.0992276785892745,9.72299206044866,0.0,0.0,0.0
Bolton North East,31.01799280131776,20.227840046179523,26.649960796768752,4.298507723096182,2.4641279103630858,12.4235547222747,2.9180159999999997,0.0,0.0
Bolton South and Walkden,39.30286706588757,10.723781332188338,24.50203639720887,3.969964799850868,2.8247268080712526,9.855663596793109,8.82096,0.0,0.0
Bolton West,30.759643921188392,26.685562832879594,24.87149681246864,3.972726536361058,2.746135177065501,10.665914720036795,0.29852,0.0,0.0
Bootle,43.63639206342371,4.581188175474109,33.849970400834465,2.81269204,2.846990868445009,11.548972682982715,0.6237937688399999,0.0,0.0
Boston and Skegness,14.40277712816455,25.591574691645995,43.36147134839644,6.650649998301812,2.910542005872803,5.193626017618409,1.88935881,0.0,0.0
Bournemouth East,32.53781093355119,18.865348046181566,29.572668436778745,3.239422117063945,4.6233110394683745,9.008834160964197,2.1526052659920003,0.0,0.0
Bournemouth West,28.16697214589188,27.139877743612306,24.869208728480995,3.6182209762198063,6.521261672191723,9.147122733603283,0.537336,0.0,0.0
Bracknell,26.394803440835393,30.49665248356775,24.81133282613171,3.4667135124441364,6.484218555330765,7.35071918169025,0.8955599999999999,0.0,0.0
Bradford East,41.575114270938414,9.573341816767249,12.776259695222398,2.580682330531172,3.614814226411312,10.891542170022175,18.98824549010728,0.0,0.0
Bradford South,33.39426553408983,12.132004332914818,27.61668568741001,4.4214134967375065,2.151005904101477,11.758921044746366,8.525704,0.0,0.0
Bradford West,35.36119092170393,7.773976021725076,6.915924127450444,1.3674393154753917,1.6838881347602839,12.21885660620324,34.67872487268164,0.0,0.0
Braintree,18.16486583443181,33.76947498036588,30.553543152797683,4.7424946693367,3.9935526449336423,7.70139337054229,1.074675347592,0.0,0.0
"Brecon, Radnor and Cwm Tawe",7.922083337523005,4.56206936053399,24.783011058354678,2.8200000000000003,28.600455825901967,5.102261593321713,0.20974720000000002,0.0,12.193685652062092
Brent East,44.43978197617121,17.93944753825754,4.73208861580826,0.8284638459341951,7.190504096324726,16.539713927504067,8.33,0.0,0.0
Brent West,36.91238650621757,35.784815982091274,3.8665123301142437,0.4980638198385682,5.002531491238037,13.789729870500302,4.1459600000000005,0.0,0.0
Brentford and Isleworth,41.94290253870351,23.988461343370385,7.937377140317461,1.2636180010833995,6.428030800629515,13.801290175895728,4.53832,0.0,0.0
Brentwood and Ongar,14.493524236261353,40.82240786829456,26.80191173219451,3.184190764627248,8.217413113165026,6.178632285457299,0.30192,0.0,0.0
Bridgend,22.510759154186804,8.15529613433581,29.56201472334251,3.82,2.2708000000000004,5.998493269787073,2.275776,0.0,25.406860718347804
Bridgwater,16.73704576232259,22.618155723448833,38.28937891459415,5.405619205298157,9.618652756200966,6.416790467295304,0.9143571708399999,0.0,0.0
Bridlington and The Wolds,17.030766629424217,28.783687437529338,36.03976851851014,5.480809252275071,4.959855002139174,5.5618042279220665,2.1433089322,0.0,0.0
Brigg and Immingham,18.638605343748175,33.65714582255581,33.85940480960364,5.578615992265811,2.34205022558975,5.924177806236812,0.0,0.0,0.0
Brighton Kemptown and Peacehaven,33.862571831745484,7.587687217449431,24.949647050466442,2.6266682545346107,6.016412355007619,23.248677290796422,1.608336,0.0,0.0
Brighton Pavilion,21.08717224167892,3.1806834516642164,11.340196083299032,1.60060824,3.324085370839459,58.44725461251837,1.02,0.0,0.0
Bristol Central,25.835129773892614,3.2124100692214763,4.88488347910067,0.8172559900000002,3.5695750769463093,61.25574561083892,0.425,0.0,0.0
Bristol East,33.101661635833544,4.214885765205396,20.297780749968723,2.863505129042677,3.9634446866169633,34.2230260333327,1.235696,0.0,0.0
Bristol North East,35.56278674008371,9.204614817397319,25.035333378192945,3.287858528548627,3.7371602250185414,20.900298310758856,2.271948,0.0,0.0
Bristol North West,37.61819810835047,10.260503098301898,23.201993860108182,2.725656905071058,6.031775389950937,19.851962638217444,0.30990999999999996,0.0,0.0
Bristol South,30.84856213742178,3.096791257399397,29.33222622237244,3.852887130976972,3.8650022014489376,28.783123050380468,0.22140800000000002,0.0,0.0
Broadland and Fakenham,20.570528748205035,32.542224897124996,26.919263375351903,4.317938942342765,7.322071705993135,8.327972330982172,0.0,0.0,0.0
Bromley and Biggin Hill,24.170103120927436,34.70858223108708,23.688886719539926,2.211783973741596,6.2438642015572245,8.740507753146737,0.136272,0.0,0.0
Bromsgrove,18.010247540182963,34.09477433635059,26.862941487212023,3.868472694313136,9.48195034524749,5.422336417989798,2.259277178704,0.0,0.0
Broxbourne,21.716996817376916,33.18003454326256,28.209917033350667,3.6605320578935214,4.362164243799603,8.472963304316737,0.39739199999999997,0.0,0.0
Broxtowe,30.849091925204434,18.109065368405165,29.1487624185429,3.987576232123749,5.0816592063156705,11.026991274176087,1.796853575232,0.0,0.0
Buckingham and Bletchley,29.538208713046956,34.51797353334321,17.94174361716561,3.331356851675505,5.547085141283356,8.410272143485358,0.6133599999999999,0.0,0.0
Burnley,25.817032002834242,16.928937619295255,28.84337111911862,4.461190154048047,11.00450286208333,11.961360642620512,0.8836055999999999,0.0,0.0
Burton and Uttoxeter,27.764124106513947,26.265828553548317,29.904158853198073,4.737696374027379,2.31000889606148,6.331503216650814,2.68668,0.0,0.0
Bury North,35.20530204670586,23.192343220668647,26.41610779050434,3.705289564770725,2.040041255846794,5.65794012150363,3.7829759999999997,0.0,0.0
Bury South,32.89315270918215,30.23053925452013,16.36380144068876,3.4549622248643743,3.515925994165408,11.088178376579169,2.4534399999999996,0.0,0.0
Bury St Edmunds and Stowmarket,25.67345345813695,21.351632727253072,30.491873503878985,4.127624054961515,3.8528421097890058,13.372863162929274,1.0297109830512001,0.0,0.0
Caerfyrddin,12.636449798499209,11.37976604483698,22.54420919024728,3.04,2.5600000000000005,5.151674026079494,0.44,0.0,42.24790094033703
Caerphilly,20.75282137076566,3.74340773375098,27.109393044852343,4.0600000000000005,3.04936,5.621213604217605,0.0,0.0,35.66380424641343
"Caithness, Sutherland and Easter Ross",5.021942060776554,3.249096583548395,17.80354005235027,1.095,44.16982109718639,8.917078287875702,0.0,19.37852191826269,0.0
Calder Valley,31.75061481136089,21.746179653195508,28.664660266120634,3.811089293908237,3.9503825181255556,9.34756945728918,0.7295039999999999,0.0,0.0
Camborne and Redruth,30.06496576225344,14.945871618917769,34.96182362839656,4.679917973722215,5.685821529900116,8.39866530076991,1.16293418604,0.0,0.0
Cambridge,33.63989611698957,9.466052295114913,10.612417042936858,0.57719873,12.894555296063686,30.113816518894982,2.696064,0.0,0.0
Cannock Chase,26.637429770600463,18.821430028906434,40.58015754291347,5.912436279825365,1.6862622016074842,6.36228417614679,0.0,0.0,0.0
Canterbury,32.363274925336725,23.736558604914773,20.23009289995318,2.951951303574332,5.108759865826093,15.247180800394894,0.3621816,0.0,0.0
Cardiff East,17.525145046871266,4.664553255999522,15.536291043520844,2.54,12.350176810228447,23.186384312218642,0.1079453033515192,0.0,20.052300898554986
Cardiff North,22.657510547067776,19.098341675408022,13.181544483436438,2.52,4.00259675,11.672946483998828,0.0,0.0,25.225408693293154
Cardiff South and Penarth,16.0645115579872,10.291625757031632,10.71767715705776,2.3000000000000003,4.117360000000001,35.37053371607346,0.0,0.0,18.069510928916362
Cardiff West,21.238300449981217,9.991656681945837,18.712906578934156,2.52,2.78984,9.970464269642196,0.8659200000000001,0.0,33.9109120194966
Carlisle,29.199565988532996,13.831228186207351,39.6563627389847,5.132513986817722,4.264515627661515,6.953481472075706,0.96233199972,0.0,0.0
Carshalton and Wallington,7.236935670579005,31.185667909383575,13.41483798620315,2.555635836328946,36.6459150589177,7.796847538587628,1.16416,0.0,0.0
Castle Point,14.426634693029692,31.106393276970145,40.0387103649464,5.316362901352217,2.399358329986356,6.712540433715203,0.0,0.0,0.0
Central Ayrshire,26.559398396956084,8.709055624747231,18.64955472820491,1.245,2.848351654005005,7.672821303242272,0.41472,33.486098292844495,0.0
Central Devon,21.362842649878537,33.71385982974574,22.463242462606264,3.73877902844462,9.96510027195776,8.17922663201442,0.5769491253526368,0.0,0.0
Central Suffolk and North Ipswich,15.188748545186769,31.118762516155993,26.780236969739178,4.25215826445594,7.2723551209968225,14.587079383465296,0.8006591999999999,0.0,0.0
Ceredigion Preseli,6.339741463964842,5.286375814700377,17.81125914400731,2.32,12.0,6.28008374249674,0.2,0.0,49.66253983483073
Chatham and Aylesford,26.608932297636105,22.33785880069909,33.00496684755682,4.690840748146923,3.6303004971408583,8.511260808820214,1.21584,0.0,0.0
Cheadle,8.188510811799038,25.219828187838164,15.26851282529329,2.3568341902883825,41.31588178418676,6.291792200594354,1.35864,0.0,0.0
Chelmsford,6.722675708138359,26.894818049621694,21.783733725937935,3.066415431151148,33.976234795074575,6.709114290076286,0.847008,0.0,0.0
Chelsea and Fulham,33.857732071923486,42.145907436454614,5.109727557093478,1.134938155677834,5.539271298689162,11.407983480161427,0.80444,0.0,0.0
Cheltenham,3.42870031878883,16.009055484853942,23.81672705759375,1.732403235978203,43.22789494573978,10.5634095939255,1.22180936312,0.0,0.0
Chesham and Amersham,3.7786245206937066,36.174421752400264,13.931952291844318,2.160929010820348,36.937519358330164,6.216193065911188,0.80036,0.0,0.0
Chester North and Neston,35.94333168757904,15.495514876388619,28.633627619045264,3.3944521720864618,3.556419193850984,12.876654451049635,0.0,0.0,0.0
Chester South and Eddisbury,20.80231830729451,41.16937949201229,19.101833170517043,2.9988140479004817,6.94222472715248,6.72993220075919,2.155498054364,0.0,0.0
Chesterfield,34.13588854928783,8.534850718852834,38.68441329642351,4.915455783415449,4.168620830759438,8.65254319186094,0.9082276293999999,0.0,0.0
Chichester,3.509548838133222,20.786188114989976,22.797941614207097,3.647224377694712,41.615734807811585,7.341170247163417,0.302192,0.0,0.0
Chingford and Woodford Green,25.45929797446136,34.94503609263742,11.506057875478165,1.7351114762682094,2.45868994817471,7.0379599831058,16.757846649874335,0.0,0.0
Chippenham,4.623288854284369,17.86948108496766,27.156266847623627,3.4896395241160216,38.760236280734354,7.202127914577981,0.7989594936960001,0.0,0.0
Chipping Barnet,34.56619438658297,39.24631834272354,9.008348179387138,1.447790557716552,3.6575340456883345,11.29313448790146,0.6806800000000001,0.0,0.0
Chorley,10.87121132283656,5.15797022628125,25.67429048504879,0.0,0.0,18.40375826301073,39.89276970282267,0.0,0.0
Christchurch,11.256654335306516,29.518148315646776,32.85289683481605,4.134654047067376,13.198574914670218,6.146947448784985,2.7921241037080584,0.0,0.0
Cities of London and Westminster,33.92409953278757,37.71356552528162,3.7221405188136907,0.7205314304555507,6.048537512506198,15.705325480155373,2.1658,0.0,0.0
City of Durham,29.676260023358413,11.334700359540662,25.6970675164545,3.8795002220497072,8.478830008552206,20.700701070044516,0.2329408,0.0,0.0
Clacton,12.198016504704285,21.85551464026144,49.3522576520357,6.440317428844373,3.6456682535385454,5.605004760615637,0.90322076,0.0,0.0
Clapham and Brixton Hill,44.761757156830335,10.648322879695328,6.260351369785138,1.1322040772030286,13.620907318364122,22.45645719812205,1.02,0.0,0.0
Clwyd East,20.807562334263714,21.002799442445497,23.998580952722964,3.18,2.278068,5.2094631682497194,0.3545984,0.0,22.473334710722046
Clwyd North,19.656500547256858,10.545487513446734,27.636516088693114,3.3600000000000003,2.53052,5.755562229180762,0.0,0.0,19.82321052399795
Coatbridge and Bellshill,30.277080408153168,5.728054021851406,17.304073602535617,1.005,2.644288645193789,10.415293321206665,0.55296,31.73825000105936,0.0
Colchester,33.413106036342036,18.13171345804847,27.080688845289664,3.365804661501431,9.175745612934843,8.707685385883556,0.125256,0.0,0.0
Colne Valley,30.56823344953534,25.67086553512293,27.27724822027999,3.6959665554898655,2.739434696014645,9.351211543557234,0.59704,0.0,0.0
Congleton,28.894384596781443,28.098646760021357,27.206149985248206,3.756561633027124,3.4508008625442077,5.695859370549155,2.897596791828513,0.0,0.0
Corby and East Northamptonshire,29.899705350323543,19.82261101090505,33.24962420403467,4.521888029705259,3.1400488717675925,8.885360369367909,0.48076216389600834,0.0,0.0
Coventry East,39.22296593793131,17.38656808780365,19.918586723039223,3.4635914544093,3.748008646772656,12.095279150043844,4.165,0.0,0.0
Coventry North West,38.42797762564315,18.35561109001504,23.71334572054025,3.823983157949564,3.6144219359454333,11.29762046990656,0.7670399999999999,0.0,0.0
Coventry South,37.31872579598758,25.524344100973263,12.70200027049805,2.2089743349766224,4.454512920077127,15.388322577487347,2.40312,0.0,0.0
Cowdenbeath and Kirkcaldy,28.26690534788282,5.7733879582585885,16.54283031781828,1.155,4.02210845979042,9.304678001434986,1.0788,33.47128991481492,0.0
Cramlington and Killingworth,34.47798861499454,14.355829051329826,34.67612562540742,4.721262247682887,3.2626942946574187,7.154067420215911,1.352032745712,0.0,0.0
Crawley,30.795014329409234,29.290028064214187,21.093971758692504,3.712889283733116,3.1771196707423943,8.244248893208566,3.5867280000000004,0.0,0.0
Crewe and Nantwich,32.5673666856275,12.818557748541147,36.919409206977825,4.8081375874049375,3.36698352994701,7.85923392166159,1.56031131984,0.0,0.0
Croydon East,33.901615991303494,30.740683442142977,13.092571071823851,2.1066101443156824,5.664870781414475,14.493648568999529,0.0,0.0,0.0
Croydon South,24.40628157751749,45.784437165844174,10.295743197216968,1.6848255752660393,6.501425946240961,10.141366537914381,1.18592,0.0,0.0
Croydon West,43.31570890465354,18.681174600912183,5.384439916716909,1.020807132895163,9.690721515481949,18.677147929340247,3.23,0.0,0.0
Cumbernauld and Kirkintilloch,27.50303390345741,4.849070437915519,15.66476146355636,1.155,3.5392846704859924,10.447844413609534,0.0,36.456005110975184,0.0
Dagenham and Rainham,34.45847927382161,15.807314041830619,28.268329795059202,2.681451387668444,2.693047781495023,14.901445720125112,1.189932,0.0,0.0
Darlington,29.371476332533195,14.501978766224662,40.32181056729771,4.438686202548217,2.890756944247796,8.475291187148422,0.0,0.0,0.0
Dartford,27.205046802485697,28.435478960174475,26.859950276688487,3.2783711501670063,3.515441170201171,10.705711640283162,0.0,0.0,0.0
Daventry,18.305150867192857,38.84149055382437,22.70666573439518,4.155920498222258,8.261578330947302,7.729194015418027,0.0,0.0,0.0
Derby North,34.96498480467055,19.412198386618115,27.61658549946035,3.927341420859,3.3244898834743832,10.754400004917603,0.0,0.0,0.0
Derby South,36.332218330001844,12.492760698397227,26.019315613868876,3.589813342894891,3.770522637500579,8.499089377336574,9.29628,0.0,0.0
Derbyshire Dales,25.21625178045391,33.42053898322265,23.776835004495464,3.7807039663837343,5.891320448338224,7.157011677810029,0.7573381392959999,0.0,0.0
Dewsbury and Batley,19.75557878703425,10.786845639773981,15.500146787200238,3.126382332009649,2.864269433783318,11.064279013316972,36.90249800688159,0.0,0.0
Didcot and Wantage,7.771824828258995,23.288404430801183,21.815612812331455,3.0218460173908306,36.09210196444024,7.6180819467773,0.29212800000000005,0.0,0.0
Doncaster Central,35.15575035361053,11.071522884556634,35.9584458233184,4.830087179501961,2.43191915518885,8.077074603823645,2.4752,0.0,0.0
Doncaster East and the Isle of Axholme,26.422185680515405,22.979617478648517,35.40232267649906,5.183141124493531,2.1063939875708497,7.663171052272632,0.24316800000000002,0.0,0.0
Doncaster North,35.80404625433187,7.474322135146159,40.172905716525655,1.88811606,3.0368302181476925,9.128815107448627,2.4949645084,0.0,0.0
Dorking and Horley,4.591108765140817,29.901055619072302,20.053098608642284,2.9173087170935474,34.967483234943955,7.569945055107089,0.0,0.0,0.0
Dover and Deal,30.406596114909238,15.873367136966241,35.20802323305366,5.057875940560998,3.5642859458147944,8.329814800741403,1.4600368279536653,0.0,0.0
Droitwich and Evesham,14.589464707072135,33.42995810980293,31.18146668561013,4.338627717503741,6.711073068170151,9.401929711840909,0.34748,0.0,0.0
Dudley,27.233084302311873,21.78414083312095,35.3191989499432,5.318352540980354,2.202661808363625,5.406921565280004,2.73564,0.0,0.0
Dulwich and West Norwood,45.161302631484034,10.2846689838393,7.826750500320884,1.128396620345446,8.751924146841066,26.25195711716925,0.595,0.0,0.0
Dumfries and Galloway,13.542103093187798,23.324816724879792,18.82385150235165,1.41,4.091822535710585,7.586678583270986,0.18672,30.56400756059919,0.0
"Dumfriesshire, Clydesdale and Tweeddale",12.258196088535763,28.037327990067645,17.824423371304952,1.305,5.360702115888642,7.8821517101371485,0.18672,26.71047872406586,0.0
Dundee Central,23.666687063398424,3.60412230729432,13.190234438698663,0.915,6.362434119679366,12.808044286117651,1.8699922686251966,37.27848551618638,0.0
Dunfermline and Dollar,29.053650063922365,6.688538534575963,14.710797019306462,0.975,6.550873093536596,10.282266956604072,0.522,30.891874332054545,0.0
Dunstable and Leighton Buzzard,25.351718154294392,27.592213150518077,27.87957809037125,3.807533985686116,8.223736339268807,7.025812279861357,0.11940800000000001,0.0,0.0
Dwyfor Meirionnydd,7.800513400145189,3.1224,20.343095002750825,2.4000000000000004,2.72,5.60548143403509,0.2799999999999999,0.0,57.628510163068896
Ealing Central and Acton,38.917253192853885,19.679126013057196,5.915097370509933,1.0481739940478474,11.57174006159624,18.44860936793489,4.42,0.0,0.0
Ealing North,40.4952365159514,20.126256937945563,9.228697699831928,1.105677511086547,6.2175359994048565,15.176595335779709,7.649999999999999,0.0,0.0
Ealing Southall,39.92388466754284,16.424498470065753,4.795577198018932,0.9852527009810684,6.624493081582244,18.73629388180917,12.41,0.0,0.0
Earley and Woodley,31.099450236739074,31.10481498487514,12.685754011118647,2.214782388617411,7.843336105821904,14.035507072827839,1.0163552,0.0,0.0
Easington,32.81659580004087,9.884830428269709,39.41965508716756,6.260300000000001,2.3219808999045575,7.715352687365342,1.5812850972519503,0.0,0.0
East Grinstead and Uckfield,16.44671061618821,26.52100870243176,22.14755685482176,1.7130054219477864,16.660231153761487,12.958763184750747,3.55272406609824,0.0,0.0
East Ham,47.09761360687388,11.270585169453549,2.515398911410969,0.4742775685890306,3.2224247712692944,18.149699972403283,17.169999999999998,0.0,0.0
East Hampshire,5.551010522804273,27.943929616341194,26.19922876319368,3.104289603296948,29.92801774945332,6.510461941950585,0.6630618029600001,0.0,0.0
East Kilbride and Strathaven,29.6333718857944,6.644787846398248,15.056683931624107,1.08,2.936072194320178,9.891963698305581,0.4524,33.94472044355747,0.0
East Renfrewshire,27.438275087394267,14.205537978181297,10.48921378859433,0.705,2.8573742932699338,10.052015881134654,0.9396,33.07798297142552,0.0
East Surrey,13.52978762024,38.46031369131042,22.199088904969667,2.9667291483335685,12.077974386396633,8.566221757549709,2.1998844912,0.0,0.0
East Thanet,30.930104556728363,11.26918454164164,36.80154101383152,4.595623866290676,2.4188634030391327,12.579440156308687,1.3052424621599998,0.0,0.0
East Wiltshire,17.622671921568607,36.68273865501805,23.076238337583554,3.720151277097744,11.430306008300347,7.0370458004316845,0.430848,0.0,0.0
East Worthing and Shoreham,33.36174153955733,15.591907544992118,33.16030996940716,3.676508516806512,4.254678558347099,9.03728908877779,0.9175647821120012,0.0,0.0
Eastbourne,3.4551943188637075,15.415789467933452,26.314453151447662,3.5855161559765336,42.92325279224783,8.075274113530803,0.23052,0.0,0.0
Eastleigh,8.115208080773346,18.19474191798767,30.96492948844719,3.416662450981069,31.220424480490223,7.382193581320498,0.70584,0.0,0.0
Edinburgh East and Musselburgh,26.69550573095174,4.642944705770578,9.018766503720604,0.705,3.4070313382761994,26.35764334194458,0.25536000000000003,28.6827483793363,0.0
Edinburgh North and Leith,29.95406454312815,5.345359424399367,8.018467758664457,0.555,6.072111817866307,20.048032068193603,0.5004,29.32156438774811,0.0
Edinburgh South,35.60120785865666,8.87036095863687,7.62715690703703,0.585,5.506498577518639,19.625326523319508,0.9752400000000001,20.914209174831292,0.0
Edinburgh South West,28.273605681936562,9.16737433067813,9.352367040243942,0.69,5.337100634272964,21.123615794207375,0.3336,25.492336518661027,0.0
Edinburgh West,10.340561292494405,5.8216596416570825,9.978679861258597,0.63,45.90427507429429,10.786064454081,0.0,16.32875967621463,0.0
Edmonton and Winchmore Hill,41.63654702304302,20.151295258274192,8.084213721520557,1.3174310119976456,7.015996284631459,16.099516700533123,5.695,0.0,0.0
Ellesmere Port and Bromborough,38.77711345398372,6.052583988508547,36.24255983845103,4.65132229,4.497454120534672,9.20768630852203,0.37128,0.0,0.0
Eltham and Chislehurst,34.896250356326846,26.851361350683977,19.988495607585975,2.5044687703344817,3.9345196078624753,10.472344307206253,1.25256,0.0,0.0
Ely and East Cambridgeshire,9.808407489760821,26.99612406441903,23.374931821645248,3.278952886057708,29.146547248723596,6.624396911175995,0.7706395782176,0.0,0.0
Enfield North,40.60783614625007,20.403326979061056,11.674119010675588,1.8670174175681309,6.217940049838979,14.964760396606184,4.165,0.0,0.0
Epping Forest,23.647558950649454,32.91589917132024,19.55709078430767,1.4533530022020904,8.115571368973331,9.022473831622094,5.288052890925119,0.0,0.0
Epsom and Ewell,8.281019727681496,30.13776728004393,18.217371490984437,2.264123492460692,33.67583165572602,6.153374353103412,1.270512,0.0,0.0
Erewash,29.420771270392414,13.096415171773433,39.42885749099487,5.237543739717718,3.747985375174066,8.5857172481075,0.48270970384,0.0,0.0
Erith and Thamesmead,43.31287192033811,14.294196766684449,15.36436874391189,1.9539714246873487,5.749050458036201,16.590540686342,2.635,0.0,0.0
Esher and Walton,3.203574947978885,29.432480857782085,14.668013519577553,1.9775254506015167,43.80485988619464,6.611625337865312,0.30192,0.0,0.0
Exeter,32.1375512561228,10.361212553382376,23.640809535452807,3.005979011362112,6.449073107831038,23.352286535848865,0.953088,0.0,0.0
Exmouth and Exeter East,20.874723728263973,22.8835940035919,29.849137382123075,3.5992622989634087,14.662779985790678,6.685436139034977,1.445066462232,0.0,0.0
Falkirk,26.1858154534246,5.679222699845579,16.996427618062057,1.185,2.9629669412384545,9.873858610439088,0.9743999999999999,35.747308676990215,0.0
Fareham and Waterlooville,14.297115727166087,29.313544703290603,32.71419339714714,4.163092064994931,12.590211065238085,6.277757556523159,0.64408548564,0.0,0.0
Farnham and Bordon,7.29759750345926,28.487769472482967,24.42816517960046,2.7668237706463006,29.92055434162604,6.451825732184972,0.547264,0.0,0.0
Faversham and Mid Kent,20.050405430819634,30.337270520776283,28.53971737194443,4.403304515032506,5.648649784417158,10.755724377009997,0.26492800000000005,0.0,0.0
Feltham and Heston,39.40954923381885,21.651864482622365,13.450062298813126,1.5520814289420397,4.087421699982725,11.539420855820902,8.3096,0.0,0.0
Filton and Bradley Stoke,33.83267825368637,23.228527934181717,22.155772416426004,3.0187388077586506,4.649098192271694,13.015184395675568,0.0,0.0,0.0
Finchley and Golders Green,34.79044014806561,42.09299366139515,3.8084383055289415,1.06,5.036961338366952,11.849806546643341,1.3613600000000001,0.0,0.0
Folkestone and Hythe,26.585870285174273,21.54910153342429,32.60034518688669,4.959851357162545,2.7112734387356303,10.751732110792581,0.7418260878240001,0.0,0.0
Forest of Dean,24.286768988137936,27.721873927325934,29.238715853393693,4.330312616953327,3.4660045993770123,10.736916014812097,0.11940800000000001,0.0,0.0
Frome and East Somerset,7.009590025845375,15.051179542514042,28.42097493376185,3.931015504016659,31.596129865630836,13.034976778637638,0.9561333495936,0.0,0.0
Fylde,26.872308150778487,29.03434312362429,27.59347142503877,3.824084489479856,2.754052212100758,5.653291208395536,4.2684493905823055,0.0,0.0
Gainsborough,17.866102026840927,34.71627750604353,29.38383860283413,4.786513181732744,6.983384885309282,5.88589979723939,0.277984,0.0,0.0
Gateshead Central and Whickham,34.76480390757143,7.53490342367944,32.17477861391415,4.732902828827521,8.110289602281327,11.877881623726138,0.80444,0.0,0.0
Gedling,35.220828304099825,15.220921684041432,32.45134579936087,3.966192392838465,3.5688490677798037,9.265182751879617,0.30667999999999995,0.0,0.0
Gillingham and Rainham,29.477777579183496,21.487867161326182,31.752326769245496,4.332435033891407,3.782047929887092,8.25566552646632,0.9118799999999999,0.0,0.0
Glasgow East,29.109153677329413,5.271563062651692,12.352542960731803,1.005,2.6580835755542975,17.435159746898137,0.44304,31.39045697683466,0.0
Glasgow North,28.57225875196353,5.591843170097073,4.8557743936443725,0.72,2.784687858071012,33.93357730723317,0.52096,22.780898518990853,0.0
Glasgow North East,29.83868945747681,3.8268517549461905,12.96479744639251,1.005,2.085160581973626,17.526015690061346,0.9201600000000001,31.49832506914952,0.0
Glasgow South,27.5358922125602,3.3478743606896004,10.776957734410969,0.6149999999999999,3.0101347790261004,19.165934928034414,0.74976,34.59344598527872,0.0
Glasgow South West,28.359482116110325,4.642429941595432,11.0327731694148,0.945,2.859441761997,17.800835861952752,0.5112,33.53383714892968,0.0
Glasgow West,30.348351988496425,4.1636562307462235,10.561980768070969,0.7949999999999999,3.1090656875416274,20.142224263354993,0.26688,30.34784106178977,0.0
Glastonbury and Somerton,3.418580457997153,28.633819450516018,21.19648951242965,4.0354433389010005,34.27142249653863,8.344244743617557,0.0,0.0,0.0
Glenrothes and Mid Fife,26.753686024704887,4.886546452613258,19.928946920978994,1.47,4.42873044928554,6.525241091635713,0.0,35.51684906078161,0.0
Gloucester,29.695581893203002,15.566124596455825,34.009235841931535,4.003461944199228,6.739397915863184,7.532757808347238,2.4534399999999996,0.0,0.0
Godalming and Ash,3.113916528257029,33.455393437494955,22.343448672997813,2.417841133468269,33.32958383813001,5.057480389651933,0.28233600000000003,0.0,0.0
Goole and Pocklington,20.962683916012523,33.405985710060996,29.233484359181464,4.368306338398593,4.359623325610414,7.08413826151201,0.585778089224,0.0,0.0
Gordon and Buchan,5.558369559434996,30.542297297386938,14.448886687390093,1.365,14.665052847533802,5.242387229152203,0.0,27.723006379101964,0.0
Gorton and Denton,43.1311028561299,7.997301484541629,16.47866718560944,2.973820966962368,4.003488852645855,16.660618654110802,8.755,0.0,0.0
Gosport,16.70791819537078,28.39713056023753,36.50010815147859,4.482555515433193,6.2532820500970665,6.540785639262838,1.11821988812,0.0,0.0
Gower,24.279272259354634,15.209233378718473,22.180641652440936,3.620000000000001,3.39053,6.940284939732511,0.1661184,0.0,24.213919369753437
Grantham and Bourne,18.325123591519343,30.780225320040284,32.098345776100736,4.668018383799062,3.0749369745061568,7.839061588475353,3.2142883655590646,0.0,0.0
Gravesham,29.672127539394243,29.553220871544433,25.01399111095359,3.996817240607202,2.776253313016999,8.987589924483542,0.0,0.0,0.0
Great Grimsby and Cleethorpes,30.748709398124376,10.893861432174766,44.38280298174383,6.644628833110513,2.0226765392109147,4.750400815635602,0.55692,0.0,0.0
Great Yarmouth,22.77470556012817,21.63565263899043,39.33805483425526,6.624997429276978,2.41558687058729,6.134760611761871,1.076242055,0.0,0.0
Greenwich and Woolwich,44.41600696383231,13.66159317678138,8.26401406239622,1.3803810497116995,9.179906996488535,20.973097750789844,2.125,0.0,0.0
Guildford,4.412140290237623,34.572572216171096,11.195882926348787,2.053739182635528,38.447330758491425,8.854534626115527,0.3638,0.0,0.0
Hackney North and Stoke Newington,44.74388548580185,15.5819498575371,5.334713185255069,0.6200000000000001,4.298245542923353,27.757205928482637,1.564,0.0,0.0
Hackney South and Shoreditch,49.4226192960949,7.697523643201813,3.96805057,0.86311673,5.304650538787703,30.742119221915573,2.00192,0.0,0.0
Halesowen,29.23708834740084,25.95596529178935,28.738495809796085,4.705740727768213,3.662537451176255,7.70017237206925,0.0,0.0,0.0
Halifax,30.149567887027317,16.102554278161822,27.749379038552892,4.205424379960021,3.686809863642072,12.351914152655885,5.754350399999999,0.0,0.0
Hamble Valley,9.479810033757964,29.37399217559037,28.765829080595758,3.4144195126249866,22.240685251392367,6.413511946038552,0.211752,0.0,0.0
Hamilton and Clyde Valley,30.447361554661427,8.30149238599552,17.55132282676698,1.17,4.00597361899635,6.693221814915155,0.10368,31.23694779866457,0.0
Hammersmith and Chiswick,41.6644226418354,21.089512609530644,6.2054727568659,1.1873712667705412,9.1641666652068,17.96905405979072,2.72,0.0,0.0
Hampstead and Highgate,39.28078152378578,27.99155138838328,3.6739900805768944,0.9187265802946948,8.781366455768023,18.152023971191312,1.20156,0.0,0.0
"Harborough, Oadby and Wigston",24.06863863296178,38.070915117861794,17.197006815204443,2.980950798091988,6.204147062493425,11.201989573386573,0.27635200000000004,0.0,0.0
Harlow,27.942524274498588,29.419651453664095,28.19789879711573,4.403895885842203,2.1822449618508966,7.514968627028491,0.23881600000000003,0.0,0.0
Harpenden and Berkhamsted,4.351123828682941,29.06744270570183,14.652263851438494,1.9837205456672165,42.95398919523928,6.689539873270232,0.30192,0.0,0.0
Harrogate and Knaresborough,4.865780546023708,17.494870175572586,27.213292524474944,3.0260455078524107,39.33518829628664,6.98693168151771,1.077891268272,0.0,0.0
Harrow East,25.314919962185733,53.079084239112106,4.630585920732005,0.7303298401558852,3.403469156477681,7.826610881336588,5.015000000000001,0.0,0.0
Harrow West,37.2324721536904,35.579995474498524,4.361017163026753,0.7222651793363758,4.28771220852949,11.319137820918456,6.497399999999999,0.0,0.0
Hartlepool,32.86815899616391,10.91551472630458,40.62549360294535,5.6585970180755805,1.2507811208491937,6.553477602861391,2.0279769328,0.0,0.0
Harwich and North Essex,21.67365469257423,35.64339372231648,24.518077446077886,4.383647846646506,4.778471481526665,9.002754810858233,0.0,0.0,0.0
Hastings and Rye,31.690720802329597,12.441587667639,32.59007560941844,4.008668023063601,3.681523282392074,14.750426215157292,0.8369983999999999,0.0,0.0
Havant,19.50098934586061,25.750630094337087,35.714147018888305,5.079471876468816,5.118217033940726,8.489064630504462,0.34748,0.0,0.0
Hayes and Harlington,44.852314023197245,22.14701080522724,9.708693730170694,1.3242954646020708,4.431897250333046,13.115788726469708,4.42,0.0,0.0
Hazel Grove,12.8566241369703,12.356098248601938,30.794498119729088,3.687007062920266,33.94868101502335,6.119949016755067,0.1371424,0.0,0.0
Hemel Hempstead,29.795640852767402,20.05785387999146,31.172957590450483,3.575185462414927,7.258218873871371,8.140143340504354,0.0,0.0,0.0
Hendon,34.94946910369783,40.68632872964407,5.772778641891423,1.0752258392023524,3.721347114423317,10.948370571141016,2.84648,0.0,0.0
Henley and Thame,3.859234905222157,34.331100036378636,14.428071996422526,2.544275611833917,37.05832249758431,6.717146542118463,1.0618484104400001,0.0,0.0
Hereford and South Herefordshire,19.30259111679471,24.714981126916474,34.33932077055671,4.517196285031113,7.642248349508359,9.136182351192634,0.34748,0.0,0.0
Herne Bay and Sandwich,19.229061245870465,29.84893162615991,33.3945058985832,4.693940539855535,3.7391630785084056,8.994397611022489,0.0,0.0,0.0
Hertford and Stortford,29.049613043045404,28.98570760495913,23.51805823938433,3.1560990468922,4.688184503723044,10.203817561995892,0.29852,0.0,0.0
Hertsmere,20.037062892191592,46.73979439425301,13.536229470516725,2.449369290692657,6.906161114931743,9.296382837414283,0.935,0.0,0.0
Hexham,33.923841630753195,24.36523247753304,26.276685118212878,2.134959728014134,3.7879795614853613,6.633665012004415,2.8776364719969574,0.0,0.0
Heywood and Middleton North,33.087521951097244,14.902903606052908,31.29078096600812,4.812819645329653,4.141309455731305,4.634812624252774,7.129851751528,0.0,0.0
High Peak,31.925377800307018,20.307845268387155,32.57313794418877,3.967881976327664,2.827098086148167,8.39865892464122,0.0,0.0,0.0
Hinckley and Bosworth,10.834942542233096,28.62270828286412,32.624021204026754,4.454652733977557,17.674328773063426,5.402658463835037,0.28668800000000005,0.0,0.0
Hitchin,31.771150788528796,30.144684864971556,20.04345403998461,2.9165783070801896,5.846263803034994,9.095492196399855,0.18237599999999998,0.0,0.0
Holborn and St Pancras,41.64115210719344,9.360074333257257,5.200330698625442,1.0233395543745576,4.9547328661647985,24.335625125344496,13.38474531504,0.0,0.0
Honiton and Sidmouth,3.3694634333631504,24.765337479450064,23.911273208119486,3.619374722127256,37.379346877230205,5.977481935709836,0.9777223439999998,0.0,0.0
Hornchurch and Upminster,18.442112648781254,30.288089138401446,35.13029291347693,3.375051395326431,3.7870410825673844,8.421444821446562,0.555968,0.0,0.0
Hornsey and Friern Barnet,40.95842127101364,16.78315348086271,7.858367006794229,0.82,12.018281980127332,19.846776261202088,1.615,0.0,0.0
Horsham,5.988685605823109,28.93909904904115,21.78049869903578,2.792644675772177,33.40171030083815,6.462105669489632,0.635256,0.0,0.0
Houghton and Sunderland South,32.5439080215675,9.360198421600456,39.717406134864625,6.127103960934223,3.793129369233136,8.458254091800068,0.0,0.0,0.0
Hove and Portslade,37.940075961589535,11.20346492228286,19.57993888038864,2.2453143488774576,5.803896622237131,18.658075989624397,4.569233274999995,0.0,0.0
Huddersfield,30.595597596608314,14.81978834955411,18.68121400393775,3.1886734341212657,2.8440105458596676,29.770716069918898,0.0,0.0,0.0
Huntingdon,22.89199401812863,32.347212941909845,25.624272391818064,3.551214208373523,6.006060158387409,8.133258621302533,1.44598766008,0.0,0.0
Hyndburn,25.522237499015983,24.39984900514727,28.862596874627343,4.659431342681409,2.0417473665753,14.514137911952686,0.0,0.0,0.0
Ilford North,28.472062397508182,25.965369835743086,5.935127686544284,0.8218016525279673,2.532457146696845,8.644494098991803,27.528687181987834,0.0,0.0
Ilford South,44.570570830326716,14.710575919871957,5.11909397942296,0.5550704578458481,3.049346276474035,12.836895135026209,19.15844740103227,0.0,0.0
Inverclyde and Renfrewshire West,28.69176617258006,5.808411085381978,16.09920508719677,0.915,3.477593496307243,8.533232446072244,0.9396,35.1301917124617,0.0
"Inverness, Skye and West Ross-shire",6.068909458710763,3.5132056707857577,13.211858786378608,0.6449999999999999,40.030410276040215,9.094448051746026,0.0,27.12116775633864,0.0
Ipswich,33.02878465642101,15.046682200095475,32.91999319709572,3.931378223628452,3.6305561888084346,10.851917533950914,0.490688,0.0,0.0
Isle of Wight East,10.99774793434152,23.9572689925019,30.922981233528954,4.883545482858871,6.772820458442601,21.778902873518156,0.5867330248079999,0.0,0.0
Isle of Wight West,29.095516656914906,16.648848911643448,36.03780971567891,4.407105631361964,5.040644843304625,8.386066241096165,0.184008,0.0,0.0
Islington North,41.824838887975964,6.046097697475,5.839933161353062,0.7000000000000001,3.4905440000000003,11.954035488412526,30.14455076478345,0.0,0.0
Islington South and Finsbury,42.90508190233597,12.011481575152334,6.823058860209173,1.2642527817908282,9.63881354297216,24.80731133753955,2.55,0.0,0.0
Jarrow and Gateshead East,35.564617205550775,6.219406113636005,38.31404775411983,5.929165033857433,3.614958680794409,9.391485212041559,0.86632,0.0,0.0
Keighley and Ilkley,30.110091233527772,29.95607706330676,25.36324138916313,3.1129401666800547,1.4665805124175284,6.826757634904767,3.164312,0.0,0.0
Kenilworth and Southam,17.11161129701709,36.788098338192206,18.188074477682825,2.870591522781138,15.312281620456869,8.810748988869868,0.918593755,0.0,0.0
Kensington and Bayswater,35.09964839773866,36.752261269608574,4.6973398954129015,0.8114694925979946,4.939743033028258,13.762977911613621,3.8365599999999995,0.0,0.0
Kettering,27.67633334370201,18.265070833279804,30.7968101472209,4.194835957559043,1.9590505386677353,15.926294123037714,1.1816050565328,0.0,0.0
Kilmarnock and Loudoun,26.784822492288193,5.4605263968798825,17.74746610990386,1.2299999999999998,2.5332696171937545,8.490024271494162,0.3132,37.03069111224014,0.0
Kingston and Surbiton,7.516317,21.859961444145856,9.18897026070372,1.889656546168595,45.587287328987514,11.191567419994318,2.76624,0.0,0.0
Kingston upon Hull East,31.797063594221388,3.7164059273921195,41.208492634745106,6.811991990993251,6.964217029153911,9.501828823494218,0.0,0.0,0.0
Kingston upon Hull North and Cottingham,36.61818395871101,6.405618588195142,33.702390495055305,4.734989859683601,5.696541397107936,10.428955701247009,2.4133199999999997,0.0,0.0
Kingston upon Hull West and Haltemprice,35.13490709735547,9.966514065835554,36.909129726320636,5.283852145702364,4.664320201919429,7.855636762866547,0.18564,0.0,0.0
Kingswinford and South Staffordshire,17.279506449531052,35.63935070360229,31.725140631509348,4.529293583952264,3.148907894474123,6.219477463418926,1.4583232735120002,0.0,0.0
Knowsley,41.65632420988367,4.454784017700755,36.55285351787784,3.67286169,2.96980267842887,10.270327815388857,0.42304607072,0.0,0.0
Lancaster and Wyre,30.01401404537752,21.69199677832677,22.932780276742346,3.5599268826779134,2.5041874525579577,19.297094564317497,0.0,0.0,0.0
Leeds Central and Headingley,33.92162853661469,6.640805866527114,8.011682405866821,1.6483570891802968,4.855661971860751,43.00290412995034,1.91896,0.0,0.0
Leeds East,38.7600194756725,13.746740811231378,24.856329918031143,4.000646110896245,2.9223779691255523,13.057085715043197,2.5568,0.0,0.0
Leeds North East,37.77482905462409,19.00967943292765,12.419567356973404,1.8312351341166484,5.825493007039875,17.104196014318326,6.034999999999999,0.0,0.0
Leeds North West,33.54579996687767,22.283430449361745,22.664146445963034,2.8997551722821298,7.417660212891385,9.82756421022405,1.3616435424,0.0,0.0
Leeds South,40.30278390514991,4.542900923959046,21.0762916015814,3.1811311200000008,4.912735788302065,22.754156661007595,3.23,0.0,0.0
Leeds South West and Morley,31.506716774650208,18.418281698028576,31.277804684549903,4.517412155669101,3.172375186066484,10.01648077950773,1.0909287215279986,0.0,0.0
Leeds West and Pudsey,38.118211002761896,11.224982133656361,28.877037850889245,3.966664117693117,3.690236214316923,12.288908680682454,1.8339599999999998,0.0,0.0
Leicester East,17.688789857931276,36.53972531628859,5.304294796856825,1.12,4.709808230294652,14.577381798628656,20.06,0.0,0.0
Leicester South,24.39528414532254,9.284211081918988,7.163360681832202,1.4343913400000003,2.948160187562573,22.055490687403804,32.61910187595989,0.0,0.0
Leicester West,34.58731956480218,19.168075749187125,19.43978980159131,3.403598569316319,5.843769403128052,16.027446911975023,1.53,0.0,0.0
Leigh and Atherton,33.925881095001756,11.374178389565198,36.825339927005174,5.5511176704472325,2.823190044934557,8.843372873046073,0.55692,0.0,0.0
Lewes,3.9415829123242925,17.521850653653413,24.804513758167467,3.2271094560288693,42.83930148630808,7.258281733517897,0.30736,0.0,0.0
Lewisham East,44.51359065461068,13.393160713790476,9.850046642723598,1.6584133791621871,7.117047569367454,21.1727410403456,2.295,0.0,0.0
Lewisham North,48.34608617800546,6.575209194151889,6.473396323895378,1.1003540219486063,6.574300292187828,29.391773989810837,1.4388800000000002,0.0,0.0
Lewisham West and East Dulwich,43.16211967243483,10.192735082194204,9.450442649011988,1.265562681335492,8.517158229671507,26.051981685351983,1.36,0.0,0.0
Leyton and Wanstead,38.33465106329084,13.19336616391287,8.008425284549588,1.1998938836215154,6.77352735003766,20.760136254587533,11.73,0.0,0.0
Lichfield,25.476644796116766,31.182111733971503,28.23740710716193,4.321946238537558,4.292080979771187,5.9667766951210695,0.52303244932,0.0,0.0
Lincoln,32.60911544000414,14.788417433168776,32.46733811547375,4.23050336635709,4.066787249630502,10.276229373645744,1.5616090217199998,0.0,0.0
Liverpool Garston,40.725346900717405,8.095392518358272,29.825909619536354,2.64336479,5.920486755167538,10.441162390540434,2.3483370256800002,0.0,0.0
Liverpool Riverside,42.128274627181426,2.7798643793018423,16.788886449239747,2.24062155,3.603332515476338,30.34082047880067,2.1182,0.0,0.0
Liverpool Walton,43.58301522679282,3.9296611956813976,34.50105013864213,3.43884785,2.3567104435228936,11.431835145360765,0.75888,0.0,0.0
Liverpool Wavertree,42.19704162655839,5.65525065033612,17.369669820787447,2.06118497,5.229859046440916,24.546673885877123,2.9403200000000003,0.0,0.0
Liverpool West Derby,43.9613621595953,3.7362534765027196,33.038482726188086,2.9143970500000007,2.830025511802188,11.454204885431704,2.06527419048,0.0,0.0
Livingston,25.51186049453689,5.71192802228541,16.292070457925,1.335,4.364596948489405,10.086327226836254,0.41759999999999997,35.83561684992704,0.0
Llanelli,17.356986481246338,7.467821717890066,27.864657076757883,5.5200000000000005,2.01128,4.2280405055269465,0.42912000000000006,0.0,35.12209421857875
Lothian East,30.522274790084946,8.390935692868656,15.397053152867684,0.945,5.465561577997137,10.892214811474634,0.41472,27.657239974706943,0.0
Loughborough,28.61670477978335,30.87198988477178,19.273982709063077,3.490118973313852,3.6747630466370826,14.07244060643086,0.0,0.0,0.0
Louth and Horncastle,14.261017520908684,33.532400787131834,33.84484485032015,5.6017381316351855,3.5662095637882176,7.216490898605578,1.9772982476103562,0.0,0.0
Lowestoft,25.858329431232054,13.645252030795163,43.5108537716695,5.844706971712137,2.4775536397706097,8.663304154820553,0.0,0.0,0.0
Luton North,40.08704959502916,19.279756818924074,12.890076038853689,1.9620112835676509,3.7127442598628964,8.197722003762527,13.87064,0.0,0.0
Luton South and South Bedfordshire,37.38065169056243,18.56328590448177,12.467425846087036,2.098514421870457,4.619932765720418,9.638791148411281,15.231398222866591,0.0,0.0
Macclesfield,33.97664719108256,24.651075793606097,26.780438162998628,3.18998065811448,3.3434830019062334,6.923465370724016,1.1349098215679998,0.0,0.0
Maidenhead,6.814779873821337,27.703193637874183,14.738116871133563,1.2093119177900098,39.395312341002445,7.4974853583784675,2.6418,0.0,0.0
Maidstone and Malling,19.96306925081953,27.241092911407673,29.041828675438165,3.951032438672513,8.713365836386362,10.559754887275759,0.5298560000000001,0.0,0.0
Makerfield,32.00330749283347,9.559272855418845,39.18343643400797,6.142174241953538,4.475034209689042,8.082268788617124,0.55450597748,0.0,0.0
Maldon,12.144067613320042,37.81850789092212,31.335446116950642,4.469908723759793,7.896851652155576,6.33521800289183,0.0,0.0,0.0
Manchester Central,43.5114842544474,7.260500559906671,11.831332086909985,2.475267006659842,5.780467042129317,25.19966904994679,3.9412800000000003,0.0,0.0
Manchester Rusholme,45.034888084922656,3.8821009599875316,4.996544756981725,1.0503651547727222,0.7608134605024042,35.56040758283296,8.71488,0.0,0.0
Manchester Withington,44.322608173867486,8.030580735731384,9.766418749381758,1.18500587,9.043199469041415,24.774427001977962,2.8777600000000003,0.0,0.0
Mansfield,29.306932502156698,15.000824415725607,42.38870036955773,5.586234283617501,1.4574836549565455,4.822667466945926,1.4371573070399999,0.0,0.0
Melksham and Devizes,4.759080832531289,25.718423486318418,27.005982080656473,3.6172359509625513,32.19440491955098,6.704872729980288,0.0,0.0,0.0
Melton and Syston,17.474043993043935,37.46753453579137,25.590170941969127,4.404795633573491,3.7633521210893868,9.93768245118131,1.3624203233513816,0.0,0.0
Meriden and Solihull East,17.404880937880186,42.51416118734479,21.618211421410255,3.981839691362737,5.368809620552228,9.112097141449809,0.0,0.0,0.0
Merthyr Tydfil and Aberdare,25.283835094988902,1.8028245102000002,29.74162246614689,4.74,2.3356800000000004,5.131257455213069,0.8990720000000001,0.0,29.96570847345114
Mid Bedfordshire,21.92925627803229,37.365567002708005,19.37714323927373,3.3693544174585583,7.176134955513441,7.665102152013964,3.117441955,0.0,0.0
Mid Buckinghamshire,12.68010342816228,39.059963175095234,15.938833244260852,2.723092495016353,20.58825191436632,8.244755743098956,0.765,0.0,0.0
Mid Cheshire,32.92481635229006,12.471512329925943,37.01817043164688,4.654613838393161,4.037378088767589,7.300649909376374,1.5928590496000001,0.0,0.0
Mid Derbyshire,26.601277909928204,28.644350023121557,28.156656553339396,4.056096788880447,3.144881026279108,8.871112584202843,0.5256251142484438,0.0,0.0
Mid Dorset and North Poole,5.249571777092282,15.244312384599338,32.039099852870564,2.263729138133412,36.466748161787706,7.300821607052716,1.435717078464,0.0,0.0
Mid Dunbartonshire,12.438766731683437,5.096490100753242,9.597332575048451,0.6,40.01294996070072,9.145804713996943,0.0,22.90865591781719,0.0
Mid Leicestershire,21.264942269621937,41.540053407482375,20.33801771121775,3.8387195878708167,3.624815825118729,9.393451198688394,0.0,0.0,0.0
Mid Norfolk,18.80982589271527,31.329257615041463,32.44153331514491,4.84415265955549,4.523190426586851,7.952040090956022,0.0,0.0,0.0
Mid Sussex,9.250471854652561,21.67560682483057,22.684758975589684,2.6959381400287588,36.59110209462332,6.490898110275118,0.5112239999999999,0.0,0.0
Mid and South Pembrokeshire,19.322429143394192,11.09712325030474,28.80632777394041,3.3600000000000003,3.226413,6.177688635928667,0.42566400000000004,0.0,19.228105886176667
Middlesbrough South and East Cleveland,32.31026517258441,11.91191112598821,40.10261871271427,3.0556185025634104,3.867999470760602,5.813604486189105,2.8379825292,0.0,0.0
Middlesbrough and Thornaby East,38.59928091722295,11.996565066846287,30.421090446500607,4.564073351459679,2.320422134247459,7.635008083723045,4.36356,0.0,0.0
Midlothian,29.914321335746816,7.040538977309195,15.497190946719902,1.11,5.754195253824229,6.26671097750291,0.20879999999999999,33.83824250889695,0.0
Milton Keynes Central,33.80160775435187,32.021899213795855,13.144043427665668,2.662594539363925,6.707717360337441,11.414617704485233,0.24752000000000002,0.0,0.0
Milton Keynes North,32.819059290328354,31.017223058838738,17.99380418594492,3.0835889516969783,4.740333204281825,10.345991308909184,0.0,0.0,0.0
Mitcham and Morden,43.76228166376829,16.45920256334446,11.801905804736958,1.6382521635073013,7.73509490117563,15.783262903467358,2.72,0.0,0.0
Monmouthshire,20.505797064207233,24.826039324337795,20.94768132637995,2.14,2.5609725,9.461605615789539,0.4341350400000001,0.0,17.26905017938753
Montgomeryshire and Glyndwr,17.551755470252555,6.132367858967621,27.150592634227387,4.12,10.533017897585857,5.409277117791947,0.0,0.0,23.68461281799923
"Moray West, Nairn and Strathspey",10.213409980033315,20.73430723157796,18.313369593319038,1.125,7.755872793025003,9.079196432336948,0.36747,31.93637396970773,0.0
Morecambe and Lunesdale,28.34256333327792,20.39437835460247,31.592413281053577,4.271926246543476,6.2870087897235685,9.11170999479899,0.0,0.0,0.0
"Motherwell, Wishaw and Carluke",29.555586379188252,5.5348457644889955,16.828729079393845,1.155,2.7766416503293283,9.73127780516344,0.3132,33.719719321436145,0.0
Na h-Eileanan an Iar,30.114509391697393,4.705901204543327,21.97148163165918,0.78,3.4086161087257105,4.614407233280316,3.205370987091513,30.939713443002567,0.0
Neath and Swansea East,24.378624524429036,5.044527959446706,27.90354178870269,5.0600000000000005,3.7630399999999997,5.9348198627404045,0.0,0.0,27.815445864681166
New Forest East,12.587577205451657,30.139633522468436,32.444329844725566,4.179764253786493,10.574121167762698,9.02258694235638,1.0519870634487765,0.0,0.0
New Forest West,15.640733730152423,30.02771681514092,30.364020343722036,3.85849102667618,11.337671109255322,8.126350011306133,0.6450169637469945,0.0,0.0
Newark,22.720108373194613,32.58179657943211,29.081321719587418,3.9400225968875295,3.7312687814071506,6.238194606939171,1.707287342552,0.0,0.0
Newbury,4.253119017856314,25.362697573306797,25.3334675560732,3.1354259649095875,33.11442213263995,8.290419755214153,0.41044800000000004,0.0,0.0
Newcastle upon Tyne Central and West,35.6386068685626,9.97365000377951,21.742207223659868,3.764745990626884,3.336434399904607,17.572641513466536,7.871714,0.0,0.0
Newcastle upon Tyne East and Wallsend,35.78414104619608,6.100522289848188,28.49650639869668,4.39450346733967,4.830291101771318,18.881743696148074,1.412292,0.0,0.0
Newcastle upon Tyne North,38.12558954412605,12.757631838642684,20.76450456875454,2.659948064616843,8.061546743553926,16.863739240305954,0.7670399999999999,0.0,0.0
Newcastle-under-Lyme,28.098763094155064,21.83962864079006,31.69439207246568,4.882577674981863,3.213324271305372,10.271314246301959,0.0,0.0,0.0
Newport East,22.359725789979308,9.01578075444764,27.74729227968977,3.82,3.241221625,11.0374441521297,1.386048,0.0,20.886705224452022
Newport West and Islwyn,23.070758415837602,9.429961819699745,27.85579530360965,4.08,3.16315,6.584080972717368,1.0598656,0.0,24.75638788813565
Newton Abbot,8.478802926139569,11.811385314844145,36.584834843349206,4.384399847306293,29.491047316713363,6.6087428627089,2.640786888938525,0.0,0.0
Newton Aycliffe and Spennymoor,30.902839151288546,13.271480674583188,37.76785197507395,5.677037710628181,3.2282418403119486,8.439919865794188,0.7126287823200029,0.0,0.0
Normanton and Hemsworth,30.8598629560194,12.884070814290203,38.18024005903389,6.14448311,3.2386579575376033,8.592685103118912,0.0,0.0,0.0
North Ayrshire and Arran,24.172401907951457,8.037328631910956,18.289527470245883,1.215,2.7100675449317118,8.607404411651164,0.38280000000000003,36.18047003330883,0.0
North Bedfordshire,20.26134694205889,37.61824255048093,21.596278951831703,3.441815024725688,8.702079132725698,8.380237398177098,0.0,0.0,0.0
North Cornwall,3.165016896033532,18.39065962865341,27.84414656423945,4.364160797429707,37.69829079163522,8.177669269288678,0.3600560527199999,0.0,0.0
North Cotswolds,10.636155157347991,29.91532522876991,24.78407232674304,3.191543226830109,22.513222966778734,8.374561493413413,0.585119600116804,0.0,0.0
North Devon,3.671877264283122,18.83540344615421,30.482891436516493,4.306433689498345,33.88552226939063,7.736812710389192,1.0810591837680001,0.0,0.0
North Dorset,4.867477855739491,28.221674615246403,27.85557395582145,3.931678074088503,28.21437650254437,6.253672657439793,0.65554633912,0.0,0.0
North Durham,30.553308753064258,10.69389765465699,36.89739556028093,5.618334773237951,6.6501936129380885,7.721578878581784,1.7652907672400002,0.0,0.0
North East Cambridgeshire,13.304801869730333,27.440183163438807,40.122219885423405,5.450440054552092,4.763327774447961,6.804618198527408,2.01440905388,0.0,0.0
North East Derbyshire,27.029151450800175,21.704459029280336,35.893524509589305,4.583890618328164,2.9807780215355657,7.686612370466456,0.12158400000000001,0.0,0.0
North East Fife,6.9029229614381125,3.6947408274547575,10.887004171304268,0.735,49.14379814298205,16.278643955265665,0.0,12.112889941555142,0.0
North East Hampshire,5.31138634825456,35.336864044424516,17.94238933401374,2.631199658500776,33.09810303643015,4.840225500464253,0.839832077912,0.0,0.0
North East Hertfordshire,26.404680006808427,32.88320013859698,21.617902738716655,3.49818652665092,6.211750297426542,9.384280291800483,0.0,0.0,0.0
North East Somerset and Hanham,27.98291337691892,26.69117166886019,26.81595431402611,3.645410561513503,4.6935360719358545,9.704164837129433,0.4668491696160081,0.0,0.0
North Herefordshire,5.031484840000001,24.293350087014748,19.86468171287931,3.921968200105941,2.524,44.19451516,0.17,0.0,0.0
North Norfolk,3.1955547171122776,26.984578061178215,27.27881165159119,4.180479326826228,32.29762235741855,5.962953885873539,0.0,0.0,0.0
North Northumberland,29.98770638882051,15.66748757942748,33.41405733197863,4.276830045598103,6.903870142716531,5.834271133205968,3.9157773782527716,0.0,0.0
North Shropshire,3.790960066998185,16.980904808541872,26.614056255770745,3.91826238,39.07026512044016,9.402783368249036,0.22276800000000002,0.0,0.0
North Somerset,26.802422923491996,29.350555107129814,25.143132762456812,2.9267260460451583,7.595134777974285,7.962620382901942,0.11940800000000001,0.0,0.0
North Warwickshire and Bedworth,25.21677002245145,27.427423939243536,31.658249277872866,5.553820894217314,1.9900562775670694,8.153679588647774,0.0,0.0,0.0
North West Cambridgeshire,25.381297580265272,33.77321467596303,23.200931939182595,4.049190065324838,4.485285483532348,9.11008025573191,0.0,0.0,0.0
North West Essex,20.48797350508389,40.30287610432153,18.7412059874358,3.148294929570681,7.3378004220583986,7.714172078053709,2.1676769734760004,0.0,0.0
North West Hampshire,20.56182362222333,29.74392233115271,28.352435932621376,3.597020835859166,9.396537475300459,7.7521718028429625,0.596088,0.0,0.0
North West Leicestershire,25.6382731080119,28.096474889134587,30.048867184404678,4.732614009466917,2.442973247837176,7.0706737938665665,1.9701237672781748,0.0,0.0
North West Norfolk,15.292312559398066,27.45895380639225,35.603143153977925,4.9368109190364535,9.765948862107344,6.9428306990879625,0.0,0.0,0.0
Northampton North,35.620054711505304,16.970357685500485,26.546766168300245,3.6527558069642474,3.9687860243100124,9.35834360341971,3.8829359999999995,0.0,0.0
Northampton South,29.509950266839123,28.272294183399413,24.987599358252478,3.699102664495144,4.617122326414087,8.37659520059975,0.537336,0.0,0.0
Norwich North,33.42876146398404,10.912900456540662,36.33690585844146,4.5097675132291375,3.2663550426337733,11.05026966517093,0.49504000000000004,0.0,0.0
Norwich South,35.41866166400999,8.059231179888815,23.23049660795821,3.0027592050231977,5.268040948975377,24.00006239414441,1.0207479999999998,0.0,0.0
Nottingham East,41.97605646269383,9.155046112148264,11.676703084166231,2.147615980196508,3.854641290501048,25.496977070294108,5.692959999999999,0.0,0.0
Nottingham North and Kimberley,37.29852171222733,14.27705054022125,28.529634621234354,4.342515771894453,3.059523975703073,12.492753378719549,0.0,0.0,0.0
Nottingham South,34.09792050987661,17.353672089787946,14.732121293068266,2.8776424427124816,4.210114799498315,22.885712865056377,3.842816,0.0,0.0
Nuneaton,28.403685400868895,17.342074178144696,36.768571416919976,4.948640150545079,2.3606182276096908,8.765682625911662,1.4107280000000002,0.0,0.0
Old Bexley and Sidcup,21.458070892494757,33.787633238664455,30.192237033549702,3.1096629213556697,2.91193017247861,7.9443777414568135,0.596088,0.0,0.0
Oldham East and Saddleworth,33.430332799283164,15.616842105564444,24.665900116229185,3.974645384575065,5.486109308688513,5.777340422979715,11.048829862679906,0.0,0.0
"Oldham West, Chadderton and Royton",28.509349850418225,8.840946913257993,20.423379783989642,3.592096536023029,2.4272540472334034,10.839943143186993,25.367029725890713,0.0,0.0
Orkney and Shetland,4.842967337160567,2.451872504400173,15.168058968175876,1.155,48.78424687258958,15.3230817485789,0.0,11.889772569094914,0.0
Orpington,18.029886244868393,35.44123569829603,28.679160287851552,2.772944654004853,6.965195591613964,7.764097523365202,0.34748,0.0,0.0
Ossett and Denby Dale,27.64428972759316,27.75729045989561,27.852336174445792,4.485456015567714,2.6896494784794065,8.496306144018313,1.074672,0.0,0.0
Oxford East,36.12618750303721,7.401129505790298,15.894257052999972,1.845087732150723,7.983564106915114,19.984513574106693,10.765260524999997,0.0,0.0
Oxford West and Abingdon,7.294627875000001,22.457062097627276,9.550326371492291,1.914591088260763,43.38872924691494,14.242063320704736,1.1526,0.0,0.0
Paisley and Renfrewshire North,29.427321325231947,6.532346745772779,14.996931820980734,1.17,3.655401573056098,9.71466613567165,0.0,34.11333239928679,0.0
Paisley and Renfrewshire South,29.276420272189604,4.94276970868825,15.78145471732443,1.08,3.5186475625130083,10.666093758993483,0.348,34.02661398029122,0.0
Peckham,47.37542194798675,5.088928728318964,5.804995998593679,1.1422424348908045,8.159523778417551,28.94388711179225,3.4849999999999994,0.0,0.0
Pendle and Clitheroe,29.668387716021627,27.65416522474799,26.4100230814406,4.095142978431209,2.7206612196364945,4.6155957797220815,4.836024,0.0,0.0
Penistone and Stocksbridge,29.95921306235065,20.28659422372317,32.54237569304046,4.786783044030126,4.342961381978901,7.982072594876703,0.0,0.0,0.0
Penrith and Solway,27.881589290170854,21.883330603429417,32.1672495488758,4.41129635383956,6.468932980940187,6.662507222352192,0.5250940003920077,0.0,0.0
Perth and Kinross-shire,10.757138980933346,22.74752830496546,14.459145988162382,0.885,7.08836855126682,5.8411088067421275,0.5796,37.34710936792988,0.0
Peterborough,28.38643407883219,24.769757485262872,23.952351412769833,3.1536043343534548,2.8287309847129807,8.38158678123415,8.527534922834528,0.0,0.0
Plymouth Moor View,30.06866612413953,13.570889431853576,42.64449688073946,5.45513249709118,2.7573552093532374,5.503459856823024,0.0,0.0,0.0
Plymouth Sutton and Devonport,35.91863010586585,10.934689080261867,28.54216667701066,4.018373858069899,4.132782247508464,14.460488060803252,1.9928699704800001,0.0,0.0
"Pontefract, Castleford and Knottingley",32.2107775958431,8.984584195524835,41.04361211867296,6.447675433735348,2.6912432890562834,8.374587367167479,0.24752000000000002,0.0,0.0
Pontypridd,23.045685554689467,2.7342872078466556,28.861307670432133,3.98,2.66008,6.457360409704915,1.994816,0.0,30.26646315732683
Poole,26.041261347687886,20.262680012953695,33.60491688254575,3.92667664246184,7.641333723775574,7.170923999167249,1.352207391408,0.0,0.0
Poplar and Limehouse,39.37365005187472,12.811943243699096,7.187567914655016,0.7124320853449846,8.351247888749576,19.323158815676607,12.24,0.0,0.0
Portsmouth North,26.495097439456096,22.974426685849863,34.77327088713528,4.541429054104102,4.653979429286663,6.561796504167994,0.0,0.0,0.0
Portsmouth South,36.66793954875273,15.170146443331506,20.295139917733472,3.124304551853236,9.71054434729746,13.416925191031591,1.615,0.0,0.0
Preston,32.17978778986558,8.589756148063074,22.538864304856336,3.321704717964667,5.421155334513282,8.626894534432441,19.22183717030462,0.0,0.0
Putney,43.46981378036725,24.574522050286696,8.049675251100709,1.2984712597012542,8.573675446345614,12.847202212198471,1.0866399999999998,0.0,0.0
Queen's Park and Maida Vale,44.628383677767374,14.90195718011488,4.624077176885504,1.0539656429996178,8.781048341367754,20.74056798086487,5.27,0.0,0.0
Rawmarsh and Conisbrough,33.34237184629513,8.272389358485253,40.19870313215906,6.254537723525801,2.6467570671500966,8.817835552184654,0.4674053201999999,0.0,0.0
Rayleigh and Wickford,15.0408214350839,33.62606960230707,34.8730512588904,4.428181968673978,5.751579029845079,6.280296705199574,0.0,0.0,0.0
Reading Central,37.6466861777609,18.799992512817845,13.44059939506394,1.9498660787108797,8.00561181133491,19.307244024311537,0.85,0.0,0.0
Reading West and Mid Berkshire,27.287390981096955,32.283833680621356,20.567760532666938,3.086091960539372,6.534010834954824,9.146656010120559,1.0942560000000001,0.0,0.0
Redcar,29.270749032482342,14.180788067365398,42.03043249019597,5.190952839893923,2.6826172151197363,6.296940354942631,0.24752000000000002,0.0,0.0
Redditch,26.072304214376242,27.395345258061848,31.20186321933755,4.587915232809629,3.0919194960923333,6.575980579322392,1.074672,0.0,0.0
Reigate,21.56820148551478,34.68866518135765,21.654089233375995,2.642475864977311,8.109634701106334,11.236933533667932,0.0,0.0,0.0
Rhondda and Ogmore,28.169921750072156,1.3538407498,29.03448872001674,5.220000000000001,1.68688,4.91437496235671,0.0,0.0,29.620493817754387
Ribble Valley,26.74354955828315,34.448538880110284,22.986516469420355,3.574749796412585,5.582369603635079,5.10526769213855,1.4590079999999999,0.0,0.0
Richmond Park,5.574585643715219,25.32915227583127,7.954119156615453,1.1867835507407734,48.28004640876548,10.830072964331807,0.84524,0.0,0.0
Richmond and Northallerton,14.724583211987378,40.21035862533129,26.74715082699166,3.75742988559436,6.2370319306826,6.647633988332709,1.57581153108,0.0,0.0
Rochdale,27.76232534938201,9.732630118374534,20.473538816746903,3.5257422521157302,4.679776394308995,8.63279681614725,25.193190252924587,0.0,0.0
Rochester and Strood,27.471945222794712,28.47423045104934,27.900984346191706,4.400485098226542,2.9534877289051646,8.201827152832543,0.59704,0.0,0.0
Romford,23.415583164431947,29.26134383581661,30.982493777787973,2.91225993136165,3.324086601236954,8.348432689364863,1.6558,0.0,0.0
Romsey and Southampton North,5.919310016743426,39.44569932448852,17.545447513801797,2.797413983673809,26.921135926486418,7.073969234806044,0.297024,0.0,0.0
Rossendale and Darwen,30.456079825711797,21.945256478084758,33.24405624709306,4.742876080229683,1.9189394537312139,7.0240799151494855,0.668712,0.0,0.0
Rother Valley,27.799620385536397,23.487101855695087,35.69977737775804,4.709185645822084,1.8604539496326724,6.443860785555719,0.0,0.0,0.0
Rotherham,35.24251225313491,5.798294277673598,33.5114388891776,5.150365639393998,3.5622455684400944,10.570903372179794,6.06424,0.0,0.0
Rugby,29.7446838855079,27.2756067839885,26.332434396137266,3.85580419775598,4.102045146972113,8.27149758963824,0.41792799999999997,0.0,0.0
"Ruislip, Northwood and Pinner",23.386824681930875,46.06705043933399,11.607990353815255,1.3512443183278742,7.878622242233376,9.708267964358624,0.0,0.0,0.0
Runcorn and Helsby,36.16190978709249,10.615064694327643,34.543009475171615,4.612548689181098,4.363049287082536,8.767015224504616,0.8374028426400001,0.0,0.0
Runnymede and Weybridge,13.912372749920271,40.893635090631555,19.021010349112824,2.707955617492935,15.066035832466797,7.223230360375612,1.0757599999999998,0.0,0.0
Rushcliffe,30.871734566832735,35.41209159860156,16.104203776768422,2.559454123920437,3.9942339020983035,10.260914031778544,0.797368,0.0,0.0
Rutherglen,31.40133114830779,6.830225173222097,14.684801773797943,0.945,4.36454576499736,6.800649872883048,1.2528,33.40564626679177,0.0
Rutland and Stamford,14.319683688791486,42.88017709600658,21.69667137076688,3.423536929050039,8.77025043104683,8.194960484338202,0.61472,0.0,0.0
Salford,38.280343326026895,9.06728306568998,18.642133659286586,3.1854733500108154,6.5636172761503,22.05114932283542,2.21,0.0,0.0
Salisbury,18.593111207707395,25.61408443935414,27.666837574718265,3.0705667896141677,17.738607659886352,6.552635051927688,0.764157276792,0.0,0.0
Scarborough and Whitby,30.32434828202575,14.832889394925445,39.84990319435897,5.214628688678516,2.962442037627558,5.683122995783765,1.1326654066000001,0.0,0.0
Scunthorpe,29.040140097817684,14.424710116928754,40.641123681839375,5.347812765267983,1.7564301685382997,6.74774316960792,2.04204,0.0,0.0
Sefton Central,39.75861085886847,13.053142301121907,30.730145266533665,3.259920371563304,4.227193296668018,8.27609570804674,0.5948921971979022,0.0,0.0
Selby,29.85630497568876,26.126849368172913,28.213457974630305,4.6204846449940895,3.0927248699802163,7.990178166533722,0.0,0.0,0.0
Sevenoaks,8.82820992119128,37.95720335693675,23.81004643169539,3.3782738285964,18.652242227984054,6.531464233596132,0.74256,0.0,0.0
Sheffield Brightside and Hillsborough,40.356422334946,2.979394803466838,24.448898595049865,1.24301827,4.187319424407068,17.005186572130235,9.77976,0.0,0.0
Sheffield Central,39.17753667871355,7.158384505711476,8.3622499517246,1.5725620671373104,4.331558894580305,37.76094790213275,1.6367599999999998,0.0,0.0
Sheffield Hallam,32.672345912975835,9.184046698110697,16.75333126135565,0.8863869000000002,23.89688016143852,15.024030266119292,1.5829788,0.0,0.0
Sheffield Heeley,39.00859853447635,4.805265008255576,28.240380268816292,3.47154766,6.863481251011935,16.53564727743985,1.0750799999999998,0.0,0.0
Sheffield South East,40.143613205016166,5.194752254950194,29.7051776633985,3.966921644822541,6.554303230787956,11.462952001024647,2.97228,0.0,0.0
Sherwood Forest,27.84651352342854,21.316548195595505,34.41074953095563,5.250074766238075,2.6880659632282575,7.264141394186009,1.223906626368,0.0,0.0
Shipley,33.91901343715134,24.36938244826742,25.055722165388758,3.5028244436759017,2.361538411750481,9.179103093766107,1.612416,0.0,0.0
Shrewsbury,33.70677262765446,11.828504052414338,34.263014736980935,3.8869286266199223,8.339888087257929,7.485120419632425,0.48977144944000006,0.0,0.0
Sittingbourne and Sheppey,25.690090511408286,17.730719410484298,37.803840698904914,5.375814896994653,2.2842493217566053,6.1711093422946695,4.844175818156589,0.0,0.0
Skipton and Ripon,22.4471728196124,32.559384683302355,26.06708498409094,3.780096610868683,5.071188494519083,8.430219124836139,1.4448532827704021,0.0,0.0
Sleaford and North Hykeham,18.16326402372089,34.85681262479103,28.82806828136101,4.6512050999068695,3.216296471082146,6.937004765126287,3.3473487340117685,0.0,0.0
Slough,31.879814043606576,17.186267164716188,6.677342854807627,1.2649636964970412,4.090769311347309,11.054314946062563,27.746527982962686,0.0,0.0
Smethwick,39.60047102784439,12.923613077721592,15.57710756391639,2.859449900311454,3.8470389574349073,14.722319472771265,10.37,0.0,0.0
Solihull West and Shirley,16.09857382511752,41.012252308803106,17.538234501758946,2.9052885270466238,11.468838672253977,9.97789216501984,0.99892,0.0,0.0
South Basildon and East Thurrock,22.978266464291938,18.010948417005654,40.64854541604058,4.990664200605591,2.4338947529895596,6.699570932690706,4.138109816376001,0.0,0.0
South Cambridgeshire,5.904104844460323,32.146809937516835,11.927746329056372,2.264262512301142,38.71218456271184,8.262811813953489,0.58208,0.0,0.0
South Cotswolds,4.192429799174354,33.00304163162641,16.87413789985758,2.893325973971528,36.05613093204852,5.98505033220161,0.8958834311199999,0.0,0.0
South Derbyshire,28.217700353651665,26.380657173569638,29.075251397276723,4.555438357642158,3.204171772166478,6.854787900141341,1.7119930455519998,0.0,0.0
South Devon,3.5178181011729865,24.566084842046855,23.91023318889805,3.590952939840918,37.76270471901966,6.433110209021527,0.219096,0.0,0.0
South Dorset,25.907052176531494,16.8813848292579,35.688964498311215,4.40921609823568,10.106129790953194,6.4700376860065045,0.537214920704,0.0,0.0
South East Cornwall,23.904830929618505,25.985868903282913,28.67862209191204,4.50896355527417,9.564701476199257,7.0717284441771096,0.285284599536,0.0,0.0
South Holland and The Deepings,13.875456681716592,32.0192671395722,34.00082515464401,5.334918907937025,2.9791485647619873,6.084885435725206,5.705498115642972,0.0,0.0
South Leicestershire,15.21789697435073,39.19487939728976,24.533633493845908,4.199092687001017,9.876136600759992,6.878360846752605,0.0,0.0,0.0
South Norfolk,26.535773338776032,27.443899794979874,25.56957282534747,3.605756718505895,6.7055441750965326,9.684764017790197,0.454689129504,0.0,0.0
South Northamptonshire,19.27397203584141,40.818262659216614,19.770044849797877,3.630816128857555,6.280004226090011,7.761941603046722,2.464958497149799,0.0,0.0
South Ribble,29.252238136361537,25.45035464536516,29.587840294236635,4.284142429013847,3.753882715319718,7.671541779703123,0.0,0.0,0.0
South Shields,32.47610009061734,5.0821152141444275,35.51533139817764,5.151298221275787,2.618894795491657,15.980132095973172,3.17612818432,0.0,0.0
South Shropshire,6.8197770086233405,28.54967218041265,27.42691401969946,4.155705520325973,27.300202068353585,5.747729202584991,0.0,0.0,0.0
South Suffolk,17.061052355167867,33.30365091728291,26.79461396158392,4.315307241312129,8.530386236279606,9.994989288373587,0.0,0.0,0.0
South West Devon,21.196718443392683,29.688309287279367,30.18241077442673,4.128056383286524,6.625977206329671,7.355746376581032,0.8227815287039999,0.0,0.0
South West Hertfordshire,12.569117618328729,41.314037948852146,15.815384894356264,2.46098376147607,18.599685344681134,7.934510432305663,1.3062799999999999,0.0,0.0
South West Norfolk,26.05857938135444,15.654664021225171,34.97926021280341,5.228160850404849,3.8307958209870603,6.691269425937697,7.557270287287369,0.0,0.0
South West Wiltshire,17.89944975403771,25.149961884166004,34.09018951474812,4.354631577606086,10.076533195163758,7.150341284502326,1.278892789776,0.0,0.0
Southampton Itchen,31.79070403633481,21.148974529796646,28.160124173280163,3.9810783380916464,4.676222620089218,9.817352302407514,0.425544,0.0,0.0
Southampton Test,36.2929017506486,15.882813771730177,22.89532803708323,3.225781814654204,6.376383338791642,13.28135128709215,2.04544,0.0,0.0
Southend East and Rochford,30.228600242182825,19.927800342322847,31.445449938506023,4.047914044907852,3.8871536457492204,9.36882578633124,1.0942560000000001,0.0,0.0
Southend West and Leigh,27.958631673578076,21.780982858485018,32.088500169983085,3.777054048907888,4.431297195453739,9.173238053592202,0.790296,0.0,0.0
Southgate and Wood Green,40.82241958933848,19.05485024127268,9.749247153555215,1.3200052973589709,8.100309371680092,17.978168346794565,2.975,0.0,0.0
Southport,30.393718941012494,14.522683082950737,34.51228533410325,4.068547189370294,8.176144830545857,7.033820736113363,1.1927998859039999,0.0,0.0
Spelthorne,19.99036380642485,30.848978447904514,24.649873447875688,3.1677375579471017,12.87014791960902,8.080076420238827,0.3928224,0.0,0.0
Spen Valley,30.905016761378285,20.79438629958219,31.485835419719375,4.922265080460428,2.3367305435825525,7.306461895277176,2.249304,0.0,0.0
St Albans,7.942169679864078,24.47165570514697,11.296547412264315,1.925723449530695,41.67802332692189,12.345880426272052,0.34,0.0,0.0
St Austell and Newquay,26.91962399883653,16.628746305784517,37.094410957522015,4.951452955790433,6.477430160060359,6.769580062814154,1.158755559192,0.0,0.0
St Helens North,36.33013432162392,7.666453687626379,36.632727908206945,5.302378207255933,3.781041461769864,9.754104413516966,0.43316,0.0,0.0
St Helens South and Whiston,38.26961564143197,3.1733633603000335,36.72544893705839,4.39296367,4.0904022042816415,8.904553272668416,4.343652914259563,0.0,0.0
St Ives,3.2479898684020414,16.098039911050407,24.803275619440193,3.7601,41.81071249697706,9.81867581026227,0.4612062938680329,0.0,0.0
St Neots and Mid Cambridgeshire,7.654841514126057,25.11961513615231,20.017684501633514,2.7585665583080567,33.18342753944786,7.492214694344234,3.773650055987974,0.0,0.0
Stafford,29.64405695609291,26.15481717016368,29.028532545984913,4.213875235488997,2.344650181462467,8.076731910807027,0.537336,0.0,0.0
Staffordshire Moorlands,20.13688156935228,31.369833780865434,34.19918269819072,5.197716744065478,2.3841646843619273,6.712220523164158,0.0,0.0,0.0
Stalybridge and Hyde,33.5778305234444,11.432880836878804,34.53640840536479,4.675323113760081,2.304347742289347,9.47576366054259,3.9974457177200007,0.0,0.0
Stevenage,31.36609760125996,21.817744641075468,28.72664003820423,3.812709898334,5.219622824285684,8.674808996840657,0.18237599999999998,0.0,0.0
Stirling and Strathallan,22.340708547023635,12.525659686045891,13.557829109941231,0.945,4.586274763068087,12.82267132484335,0.0,32.90685656907781,0.0
Stockport,38.332677098113045,8.885504480841181,27.357279135011158,3.5855364028373216,6.170880431426548,13.01204245177074,2.65608,0.0,0.0
Stockton North,34.11362254046402,12.232793401780626,38.51631374924481,5.489628554201822,2.181176505269787,7.466465249038946,0.0,0.0,0.0
Stockton West,25.817279645984136,37.721294636867896,25.744036566195085,3.4822419896961225,1.769739816957657,4.715911344299106,0.7494959999999999,0.0,0.0
Stoke-on-Trent Central,34.018576856643136,10.544070794136275,34.81222090396976,5.268649918546354,2.170736857931777,8.073464668772695,5.01228,0.0,0.0
Stoke-on-Trent North,31.713271708637986,14.389869396097046,39.48044363372583,5.626685301358329,1.8416837397848802,5.029766220395927,1.9182799999999998,0.0,0.0
Stoke-on-Trent South,27.014816146475507,23.7536678083086,34.91884718098234,5.049637036879655,2.515325665126718,4.45919416222719,2.1885120000000002,0.0,0.0
"Stone, Great Wyrley and Penkridge",24.602080616410234,26.01361271867923,30.616253392854805,2.4507083676816936,4.5009676005194965,7.326588686540909,4.489788617313638,0.0,0.0
Stourbridge,29.24501144402307,23.06790156319643,32.66630727511486,4.519418649832929,2.683765431712041,6.176211636120668,1.641384,0.0,0.0
Stratford and Bow,39.09816077654551,8.98795788830448,3.9583955390874666,0.9309012139125332,5.194299323898348,22.96028525825167,18.87,0.0,0.0
Stratford-on-Avon,4.002503380214609,32.35130090754674,18.156552576797207,3.3896750748097104,36.12956177164897,5.341353653854771,0.6290526351279999,0.0,0.0
Streatham and Croydon North,40.53631134550745,14.2013610884768,6.558194543630022,1.0890172120542063,11.058294858402794,24.006820951928724,2.55,0.0,0.0
Stretford and Urmston,35.461418267695976,14.703101254443212,19.8316383405581,2.86453985194656,5.270658579083806,13.02864370627234,8.84,0.0,0.0
Stroud,33.074963644442406,15.553079765033806,31.84783047010195,3.447923635179272,4.020667194643817,11.669148216910758,0.38638707368800224,0.0,0.0
Suffolk Coastal,24.389056753535765,25.012023368408492,27.94168913617604,4.043898356789418,8.052780954991938,10.56055143009835,0.0,0.0,0.0
Sunderland Central,31.996960471548398,11.550717876179366,35.71707439387283,5.2941433558495765,5.924232688518475,9.51687121403136,0.0,0.0,0.0
Surrey Heath,3.822866764640804,32.89315147334517,17.97893808982579,2.7737159411023318,36.29028908736717,6.097694643718734,0.14334400000000003,0.0,0.0
Sussex Weald,11.799534141433481,31.295773556974908,28.059581679648314,3.75181664180038,14.209213602175888,9.475254475077442,1.4088259028896,0.0,0.0
Sutton Coldfield,22.2040765623711,41.45537392751195,20.464944479735898,2.934251891276184,3.9738650103845665,7.945992128720292,1.021496,0.0,0.0
Sutton and Cheam,9.496523087412239,32.85106489595703,14.105671778592392,2.1157889346199137,33.46590709425588,7.463340209162556,0.5017039999999999,0.0,0.0
Swansea West,19.57451952469839,2.663191212655356,21.773273641118685,3.5,8.142854388707233,15.407684968842156,0.12025728,0.0,25.404821029712462
Swindon North,29.96245151696695,25.747833284008195,29.3135479752508,4.078357275045993,2.962713106330672,7.397760842397403,0.537336,0.0,0.0
Swindon South,36.368317988967,18.04073289189692,28.689762114513318,3.465379745324436,2.9918400565530487,9.755059202745276,0.6889080000000001,0.0,0.0
Tamworth,25.929774969938993,24.33131164739255,36.33222386142231,5.437003658210902,2.191281726440163,5.125799030635083,0.65260510596,0.0,0.0
Tatton,24.666113204339624,40.0151138622389,18.592298724935883,2.7236133198273453,5.778479765111706,8.224381123546543,0.0,0.0,0.0
Taunton and Wellington,4.10299898515843,15.263135724825046,28.73649714036656,4.0126087604271214,40.12110229093467,7.537217098288181,0.22644,0.0,0.0
Telford,33.54100639002412,13.371225630809167,36.83645945094692,5.372178430262463,2.869018887104343,7.910111210852998,0.0,0.0,0.0
Tewkesbury,5.073141210504945,17.703967483478607,27.762440719552618,3.3832850043116443,37.39177407527229,8.388367506879908,0.297024,0.0,0.0
The Wrekin,21.865081347121105,31.307992802677227,27.161440823290402,4.294030094326354,6.149748900535307,8.493154032049613,0.728552,0.0,0.0
Thirsk and Malton,15.98805554959896,33.30940718058993,30.065621125138076,4.44627613133761,7.072342158781209,8.050256287884043,1.0680415666701673,0.0,0.0
Thornbury and Yate,4.9800998096158136,25.60285624281014,27.190369803359467,3.658763918198148,32.28838506241213,6.279525163604309,0.0,0.0,0.0
Thurrock,34.083775381318226,16.1932442200558,33.02161522141837,3.5490562986709606,2.819375886424649,8.392852992112001,1.84008,0.0,0.0
Tipton and Wednesbury,29.690366278034134,24.12563631208214,28.375533437999998,5.125185755530251,1.7619085718724599,7.936169644481023,2.9852,0.0,0.0
Tiverton and Minehead,4.735874743413673,24.732097278626895,27.566388800401665,4.243043710030595,31.42461639855472,7.297979068972451,0.0,0.0,0.0
Tonbridge,12.119061551154306,40.96378030479608,19.436239878821993,3.352298202122607,5.778801816033816,17.092729122311173,1.25708912476,0.0,0.0
Tooting,43.16670144028544,17.808636649119833,10.253119918047323,1.1597623609802896,8.13565649285187,17.266123138715248,2.21,0.0,0.0
Torbay,4.255161633531765,12.294544535387537,38.27666670846401,4.714382532312728,33.19333988267142,6.902104707632564,0.3638,0.0,0.0
Torfaen,22.96067451386293,6.426216416282829,31.76428790045968,4.4,2.98448,7.065339689470632,0.8296319999999999,0.0,23.569369479923935
Torridge and Tavistock,12.482807157413799,26.074876404445714,32.25562167707497,4.489162405710986,17.21600439492021,6.934724539938326,0.5468034204960001,0.0,0.0
Tottenham,44.38543517125773,8.845781006870634,5.267616676667654,0.8,6.373433928574574,26.677733216629388,7.649999999999999,0.0,0.0
Truro and Falmouth,31.15597399586726,18.149463358237984,28.154167634703164,3.322592657072511,7.971629199771106,10.384689798099974,0.7614833562480001,0.0,0.0
Tunbridge Wells,6.468256434368868,25.51653963605806,18.258770770203625,2.847509860087821,38.46340242872475,7.628704870556881,0.816816,0.0,0.0
Twickenham,9.96289190017995,21.918434580628396,10.97340689956805,1.5883904179226846,41.41769252088584,13.629183680815084,0.51,0.0,0.0
Tynemouth,37.299850855915004,13.3431791415295,30.76186032011289,3.727424007770853,4.17920906101987,9.265620844102221,1.42285576954966,0.0,0.0
Uxbridge and South Ruislip,29.052176151187307,37.89498027210485,14.240212859927535,1.853359326791005,2.987795550854905,13.167035839134403,0.80444,0.0,0.0
Vale of Glamorgan,20.377331404423234,20.676373960392986,22.09414061561801,3.04,1.9918675000000001,6.932518500787565,0.50892032,0.0,21.45253805194354
Vauxhall and Camberwell Green,46.14040336401775,8.777929800243541,5.356204982367585,1.1858652173888713,11.821106842397336,26.29348979358491,0.425,0.0,0.0
Wakefield and Rothwell,34.51972238814052,11.224356773802945,34.00855112216425,4.62692579233252,5.319276142528557,8.011607781031207,2.28956,0.0,0.0
Wallasey,40.53051865668973,4.791338882381829,35.37584092491324,4.24447807,3.6187734135282277,10.757046390246975,0.58200366224,0.0,0.0
Walsall and Bloxwich,32.43564175009489,17.96217068177568,21.020742070916437,3.7837573755343614,2.011191387529411,9.148586266273869,13.637910467875356,0.0,0.0
Walthamstow,45.761121301253,8.704077216268733,7.54087690130686,1.00431656,5.417096170215347,24.94251185095606,6.63,0.0,0.0
Warrington North,32.90850944864467,13.548343085138075,34.15253446332898,5.068993974457949,4.677571616712174,8.56910454787815,0.9749428638400001,0.0,0.0
Warrington South,33.77156371554753,16.465295812493576,31.423630337834155,3.780946186763028,5.158804553905828,8.72506339345589,0.674696,0.0,0.0
Warwick and Leamington,36.451104206846146,20.825136098990797,19.45313833094849,2.5619297836723067,5.68097213991821,14.837897439624058,0.189822,0.0,0.0
Washington and Gateshead South,33.14186107994559,8.721451990198348,39.57148808874693,6.225355090080709,3.1729908134866895,8.210916410541728,0.9559365270000058,0.0,0.0
Watford,30.24638931209617,31.202114362897568,12.042730377165393,2.0866924552925568,11.355864988934304,9.173779703614013,3.8924288000000002,0.0,0.0
Waveney Valley,7.026569298333589,20.211491707798945,23.289143586497676,4.230697570702617,2.198111189166794,42.87398664750039,0.17,0.0,0.0
Weald of Kent,16.50279053768206,40.17083878646359,22.344926523374667,3.885433117115575,6.264466928841029,10.731544106523089,0.0,0.0,0.0
Wellingborough and Rushden,30.118938573160438,21.073173894346798,32.401936206934494,4.789181825527504,2.5403657789177796,8.611651721112985,0.36475199999999997,0.0,0.0
Wells and Mendip Hills,4.368477367088847,20.799850152650965,20.498148587742755,3.492792856820205,41.01426534884602,7.03830917558815,2.6881565112630663,0.0,0.0
Welwyn Hatfield,30.91767264806261,35.81505196094447,17.301777144890664,2.772246728906299,4.125669629386286,9.06758188780968,0.0,0.0,0.0
West Aberdeenshire and Kincardine,7.320351962037121,34.515720626909975,11.724537454279707,1.065,10.716688040114027,7.1643360983235365,0.0792000000000007,27.059165818335643,0.0
West Bromwich,36.01391737989569,20.492275097290065,20.477087234947263,3.4371186502476294,4.230811266390992,11.09879037122837,4.25,0.0,0.0
West Dorset,3.592333098154265,16.773465120389332,24.704994821348787,2.1608096912144927,43.15212091081108,8.118192852882059,1.3980835051999998,0.0,0.0
West Dunbartonshire,29.272733405530282,4.38956320289474,17.136772452975862,1.05,2.783930736914169,9.79564091273594,0.348,34.873359288949004,0.0
West Ham and Beckton,38.87798322432444,10.997605744725814,7.356443547878236,0.9278440566440144,5.440590273441887,18.02453315298562,18.275,0.0,0.0
West Lancashire,33.109184965434444,14.345122743199251,31.662766953814284,4.238408007773191,3.541448519019034,13.103068810759801,0.0,0.0,0.0
West Suffolk,19.916924713146617,30.91198038826701,28.493442014238394,4.553162344306404,6.056971575045994,8.709131481835588,1.35838748316,0.0,0.0
West Worcestershire,8.691001086366072,30.877731079714902,25.696609732267714,3.519497583734921,20.03059724292917,10.769943226347227,0.4146200486399999,0.0,0.0
Westmorland and Lonsdale,2.633857388235,17.08154200841132,23.57259311576278,2.54526,44.559387099768585,9.344401071022322,0.26295931679999995,0.0,0.0
Weston-super-Mare,29.554981315831192,13.27165833821233,38.46219035955897,4.55434132314818,5.858528082099722,8.298300581149608,0.0,0.0,0.0
Wetherby and Easingwold,20.622134559547543,38.08193441801546,20.57288249029534,3.202033622322293,5.703288688637572,10.642181681181793,1.07554454,0.0,0.0
Whitehaven and Workington,33.858686530056865,10.316922203541948,40.560109950831404,5.4179,2.5068891963194617,7.33949211925032,0.0,0.0,0.0
Widnes and Halewood,39.90116785099657,5.7090164182102034,36.549452760287096,4.5708217200000005,3.6405078706031326,9.192798231463005,0.43623514844,0.0,0.0
Wigan,37.30396235780864,5.960219782850632,36.50073975923472,5.400479428923133,3.119288867757075,6.098337008970374,5.516972794455418,0.0,0.0
Wimbledon,11.3442819,30.700646470512837,5.25114026125901,1.2314443374401154,40.268737434203466,10.403389596584573,0.80036,0.0,0.0
Winchester,3.0811036085188657,25.16239740654098,15.466896062870553,2.2955420592533224,44.51897216485305,8.862272874523237,0.6128158234399999,0.0,0.0
Windsor,18.178506125793938,34.51773929193317,14.399639210974192,2.1406087694810947,17.058376650454406,9.455129951363212,4.25,0.0,0.0
Wirral West,34.08058325405503,15.903059596303558,33.21674265459191,3.182004321057904,3.8997121599962417,9.717898013995358,0.0,0.0,0.0
Witham,17.81191104229886,38.28858534988793,24.851617987045316,4.238500024777593,4.545235955829691,8.898274789353561,1.3658748508070682,0.0,0.0
Witney,5.221616941228181,28.939095917204593,21.14286296015184,3.2659332115095485,34.34176873127825,6.393280490819579,0.695441747808,0.0,0.0
Woking,5.1097284344414655,29.04608020279789,12.740156929022639,2.2926359005262547,42.4840316937788,8.000926839432935,0.22644,0.0,0.0
Wokingham,3.816035912611688,34.37624329975131,13.483591682138815,2.1507203705976017,39.306699528347075,6.8667092065535105,0.0,0.0,0.0
Wolverhampton North East,32.77630658250422,19.79239014355592,31.950534072327777,4.830262284644476,2.5964166631049252,8.054090253862693,0.0,0.0,0.0
Wolverhampton South East,39.73529972608736,15.416295743419727,25.466396966356246,4.567271644829485,2.4655744246308497,10.523321494676331,1.72584,0.0,0.0
Wolverhampton West,37.49393898941899,26.201591066495276,15.20723432224311,2.823005703249315,3.1308691195753027,11.032760799018,4.1106,0.0,0.0
Worcester,31.234054957624636,14.05015591522592,32.43294800024372,3.759779282725039,5.63306352278029,12.337974321400424,0.552024,0.0,0.0
Worsley and Eccles,35.49176952017839,14.569836491640102,29.61021366896927,4.4381861222819765,3.399767194812819,10.78274700211746,1.7074799999999999,0.0,0.0
Worthing West,30.22115185379485,20.666150640717696,33.16657299290576,3.5906909866277386,3.4759459614072505,8.353943564546707,0.425544,0.0,0.0
Wrexham,21.59818527700912,11.437734648501296,28.333343939688053,3.4200000000000004,2.7835720000000004,5.311732124390225,0.3346944,0.0,24.766328393106626
Wycombe,33.13739256594396,28.154206483383273,13.079211072564757,2.327457677048943,5.8771810925224,9.205527108536666,8.219024000000001,0.0,0.0
Wyre Forest,20.03658013515167,25.597837328221242,35.209974381573936,5.043378018054811,4.139666579945773,7.248469172463266,2.7240943845893075,0.0,0.0
Wythenshawe and Sale East,39.85849864605643,11.491299237664311,26.25378139583542,3.602512662485563,4.187992096201791,12.880075961756486,1.72584,0.0,0.0
Yeovil,3.5290914409500926,13.808819310016027,28.974788391019604,4.371167974144073,39.94853632174017,8.39090007397004,0.8766964881599999,0.0,0.0
Ynys Môn,12.290658186470491,16.473911434902124,23.66798734754897,1.98,1.04,4.091847901274037,0.24,0.0,40.21559512980438
York Central,36.02487899422018,6.518813053515384,23.730031535692895,2.947551369804393,4.597824261584474,25.480460785182675,0.60044,0.0,0.0
York Outer,31.04519999895238,21.376052948136273,27.895443708616522,3.2546421368898804,7.033290667378631,8.738968501634304,0.656402038392,0.0,0.0
