Seat,Tribe,Labour,Conservative,Reform,LibDem,Green,Oth,SNP,Plaid
Aberdeen North,Muslim,0.0,0.0,0.0,0.0,0.0,0.0,2.8889703,0
Aberdeen North,Left,0.0,0.0,0.0,0.0,0.0,0.0,10.7746640070632,0
Aberdeen North,Progressives,10.023641830905932,0.0,0.0,0.0,0.0,0.0,0.0,0
Aberdeen North,Average,20.276358169094067,0.0,0.0,0.0,0.0,0.0,14.381331026340078,0
Aberdeen North,Liberal,0.0,0.0,0.0,6.1,3.0,3.0,4.2172184729839675,0
Aberdeen North,Blues,0.0,2.4177336,0.0,0.0,0.0,0.0,0.0,0
Aberdeen North,Reforms,0.0,11.5822664,9.0,0.0,0.0,0.0,2.3378161936127544,0
Aberdeen South,Muslim,0.0,0.0,0.0,0.0,0.0,0.0,2.8795274,0
Aberdeen South,Left,0.0,0.0,0.0,0.0,0.0,0.0,14.06774457634053,0
Aberdeen South,Progressives,17.59411076037977,0.0,0.0,0.0,0.0,0.0,0.0,0
Aberdeen South,Average,7.105889239620229,0.0,0.0,0.0,0.317624180533425,0.0,15.852728023659466,0
Aberdeen South,Liberal,0.0,11.79151110119163,0.0,6.3,3.182375819466575,1.4,0.0,0
Aberdeen South,Blues,0.0,3.3982769,0.0,0.0,0.0,0.0,0.0,0
Aberdeen South,Reforms,0.0,9.21021199880837,6.9,0.0,0.0,0.0,0.0,0
Aberdeenshire North and Moray East,Muslim,0.0,0.0,0.0,0.0,0.0,0.0,0.2274777,0
Aberdeenshire North and Moray East,Left,0.0,0.0,0.0,0.0,0.0,0.0,8.18591656613117,0
Aberdeenshire North and Moray East,Progressives,3.101213491586125,0.0,0.0,0.0,0.0,0.0,0.0,0
Aberdeenshire North and Moray East,Average,6.9987865084138745,2.0277462624315525,0.0,0.0,0.0,0.0,26.786605733868832,0
Aberdeenshire North and Moray East,Liberal,0.0,10.16520719464696,0.0,7.3,0.0,0.0,0.0,0
Aberdeenshire North and Moray East,Blues,0.0,0.1117,0.0,0.0,0.0,0.0,0.0,0
Aberdeenshire North and Moray East,Reforms,0.0,20.49534654292148,14.6,0.0,0.0,0.0,0.0,0
Airdrie and Shotts,Muslim,0.0,0.0,0.0,0.0,0.0,0.0,1.5756833,0
Airdrie and Shotts,Left,0.0,0.0,0.0,0.0,0.0,0.0,9.832236710398105,0
Airdrie and Shotts,Progressives,3.824389495905119,0.0,0.0,0.0,0.0,0.0,0.0,0
Airdrie and Shotts,Average,34.00523049386712,0.0,0.0,0.0,0.0,0.0,0.0,0
Airdrie and Shotts,Liberal,13.670380010227767,0.0,0.0,2.0,0.0,2.9,0.32723787304813357,0
Airdrie and Shotts,Blues,0.0,0.1300077,0.0,0.0,0.0,0.0,0.0,0
Airdrie and Shotts,Reforms,0.0,4.4699922999999995,8.1,0.0,0.0,0.0,19.164842116553757,0
Alloa and Grangemouth,Muslim,0.0,0.0,0.0,0.0,0.0,0.0,1.1969451,0
Alloa and Grangemouth,Left,0.0,0.0,0.0,0.0,0.0,0.0,8.640228467579654,0
Alloa and Grangemouth,Progressives,4.061402889098369,0.0,0.0,0.0,0.0,0.0,0.0,0
Alloa and Grangemouth,Average,38.20591694344478,0.0,0.0,0.0,0.0,0.0,0.0,0
Alloa and Grangemouth,Liberal,1.5326801674568529,0.0,0.0,2.8,3.4,4.2,4.806491583520195,0
Alloa and Grangemouth,Blues,0.0,0.1821756,0.0,0.0,0.0,0.0,0.0,0
Alloa and Grangemouth,Reforms,0.0,7.4178244,9.2,0.0,0.0,0.0,14.25633484890015,0
Angus and Perthshire Glens,Muslim,0.0,0.0,0.0,0.0,0.0,0.0,0.3982346,0
Angus and Perthshire Glens,Left,0.0,0.0,0.0,0.0,0.0,0.0,7.304932680984344,0
Angus and Perthshire Glens,Progressives,5.923643442210061,0.0,0.0,0.0,0.0,0.0,0.0,0
Angus and Perthshire Glens,Average,8.47635655778994,0.0,0.0,0.0,0.0,0.0,27.24794296209059,0
Angus and Perthshire Glens,Liberal,0.0,8.715861917462686,0.0,6.7,0.0,1.5,5.4488897569250625,0
Angus and Perthshire Glens,Blues,0.0,0.118,0.0,0.0,0.0,0.0,0.0,0
Angus and Perthshire Glens,Reforms,0.0,21.266138082537317,6.9,0.0,0.0,0.0,0.0,0
Arbroath and Broughty Ferry,Muslim,0.0,0.0,0.0,0.0,0.0,0.0,1.0915627,0
Arbroath and Broughty Ferry,Left,0.0,0.0,0.0,0.0,0.0,0.0,8.370236994500946,0
Arbroath and Broughty Ferry,Progressives,5.127442892425142,0.0,0.0,0.0,0.0,0.0,0.0,0
Arbroath and Broughty Ferry,Average,28.272557107574855,0.0,0.0,0.0,0.0,0.0,7.309633566404202,0
Arbroath and Broughty Ferry,Liberal,0.0,0.0,0.0,5.1,0.0,2.1,15.314504615908389,0
Arbroath and Broughty Ferry,Blues,0.0,0.1857667,0.0,0.0,0.0,0.0,0.0,0
Arbroath and Broughty Ferry,Reforms,0.0,15.3142333,8.6,0.0,0.0,0.0,3.214062123186464,0
"Argyll, Bute and South Lochaber",Muslim,0.0,0.0,0.0,0.0,0.0,0.0,0.3774206,0
"Argyll, Bute and South Lochaber",Left,0.0,0.0,0.0,0.0,0.0,0.0,7.421072651198157,0
"Argyll, Bute and South Lochaber",Progressives,5.498359917429609,0.0,0.0,0.0,0.0,0.0,0.0,0
"Argyll, Bute and South Lochaber",Average,13.601640082570391,0.0,0.0,0.0,0.0,0.0,25.410575803497174,0
"Argyll, Bute and South Lochaber",Liberal,0.0,1.327676235971719,0.0,16.4,0.0,2.1,1.4909309453046689,0
"Argyll, Bute and South Lochaber",Blues,0.0,0.1777,0.0,0.0,0.0,0.0,0.0,0
"Argyll, Bute and South Lochaber",Reforms,0.0,19.29462376402828,6.8,0.0,0.0,0.0,0.0,0
"Ayr, Carrick and Cumnock",Muslim,0.0,0.0,0.0,0.0,0.0,0.0,0.4229219,0
"Ayr, Carrick and Cumnock",Left,0.0,0.0,0.0,0.0,0.0,0.0,8.445271799541972,0
"Ayr, Carrick and Cumnock",Progressives,4.656839178365052,0.0,0.0,0.0,0.0,0.0,0.0,0
"Ayr, Carrick and Cumnock",Average,31.843160821634946,0.0,0.0,0.0,0.0,0.0,7.106277162057829,0
"Ayr, Carrick and Cumnock",Liberal,0.0,0.49532027387886757,0.0,2.6,2.2,1.2,10.225529138400198,0
"Ayr, Carrick and Cumnock",Blues,0.0,0.2181043999999999,0.0,0.0,0.0,0.0,0.0,0
"Ayr, Carrick and Cumnock",Reforms,0.0,21.886575326121132,8.7,0.0,0.0,0.0,0.0,0
Bathgate and Linlithgow,Muslim,0.0,0.0,0.0,0.0,0.0,0.0,0.8680096,0
Bathgate and Linlithgow,Left,0.0,0.0,0.0,0.0,0.0,0.0,8.486099786959828,0
Bathgate and Linlithgow,Progressives,4.897188708155465,0.0,0.0,0.0,0.0,0.0,0.0,0
Bathgate and Linlithgow,Average,33.250416677094506,0.0,0.0,0.0,0.0,0.0,0.0,0
Bathgate and Linlithgow,Liberal,8.852394614750025,0.0,0.0,5.2,3.3,1.5,6.048554542399381,0
Bathgate and Linlithgow,Blues,0.0,0.2953101,0.0,0.0,0.0,0.0,0.0,0
Bathgate and Linlithgow,Reforms,0.0,7.2046899,8.4,0.0,0.0,0.0,11.6973360706408,0
"Berwickshire, Roxburgh and Selkirk",Muslim,0.0,0.0,0.0,0.0,0.0,0.0,0.327173,0
"Berwickshire, Roxburgh and Selkirk",Left,0.0,0.0,0.0,0.0,0.0,0.0,7.640959736484203,0
"Berwickshire, Roxburgh and Selkirk",Progressives,6.354263613030009,0.0,0.0,0.0,0.0,0.0,0.0,0
"Berwickshire, Roxburgh and Selkirk",Average,7.24573638696999,8.372159807977004,0.0,0.0,3.3,1.099999999999997,18.431867263515798,0
"Berwickshire, Roxburgh and Selkirk",Liberal,0.0,10.448371378618399,0.0,7.9,0.0,0.0,0.0,0
"Berwickshire, Roxburgh and Selkirk",Blues,0.0,0.1533,0.0,0.0,0.0,0.0,0.0,0
"Berwickshire, Roxburgh and Selkirk",Reforms,0.0,21.526168813404595,7.2,0.0,0.0,0.0,0.0,0
"Caithness, Sutherland and Easter Ross",Muslim,0.0,0.0,0.0,0.0,0.0,0.0,0.3615487,0
"Caithness, Sutherland and Easter Ross",Left,0.0,0.0,0.0,0.0,0.0,0.0,6.993024730500936,0
"Caithness, Sutherland and Easter Ross",Progressives,3.945931002986742,0.0,0.0,0.0,0.0,0.0,0.0,0
"Caithness, Sutherland and Easter Ross",Average,3.4540689970132585,0.0,0.0,28.638009727240053,0.0,0.0,5.8201513724530685,0
"Caithness, Sutherland and Easter Ross",Liberal,0.0,0.0,0.0,20.761990272759945,0.0,0.0,0.0,0
"Caithness, Sutherland and Easter Ross",Blues,0.0,0.1375,0.0,0.0,0.0,0.0,0.0,0
"Caithness, Sutherland and Easter Ross",Reforms,0.0,3.8625,7.3,0.0,3.6,1.7,13.425275197045998,0
Central Ayrshire,Muslim,0.0,0.0,0.0,0.0,0.0,0.0,0.4174937,0
Central Ayrshire,Left,0.0,0.0,0.0,0.0,0.0,0.0,7.868091295591848,0
Central Ayrshire,Progressives,4.749910817056319,0.0,0.0,0.0,0.0,0.0,0.0,0
Central Ayrshire,Average,35.7678460150038,0.0,0.0,0.0,0.0,0.0,0.0,0
Central Ayrshire,Liberal,3.1822431679398875,0.0,0.0,2.4,2.5,1.2,12.188310169756189,0
Central Ayrshire,Blues,0.0,0.1904494,0.0,0.0,0.0,0.0,0.0,0
Central Ayrshire,Reforms,0.0,14.6095506,8.3,0.0,0.0,0.0,6.62610483465196,0
Coatbridge and Bellshill,Muslim,0.0,0.0,0.0,0.0,0.0,0.0,1.3543257,0
Coatbridge and Bellshill,Left,0.0,0.0,0.0,0.0,0.0,0.0,10.111362584229193,0
Coatbridge and Bellshill,Progressives,3.999382145652346,0.0,0.0,0.0,0.0,0.0,0.0,0
Coatbridge and Bellshill,Average,32.225117681874764,0.0,0.0,0.0,0.0,0.0,0.0,0
Coatbridge and Bellshill,Liberal,13.575500172472886,0.0,0.0,1.7,3.2,1.6,0.19538219622261366,0
Coatbridge and Bellshill,Blues,0.0,0.1063,0.0,0.0,0.0,0.0,0.0,0
Coatbridge and Bellshill,Reforms,0.0,3.4937,6.7,0.0,0.0,0.0,21.738929519548197,0
Cowdenbeath and Kirkcaldy,Muslim,0.0,0.0,0.0,0.0,0.0,0.0,1.335046,0
Cowdenbeath and Kirkcaldy,Left,0.0,0.0,0.0,0.0,0.0,0.0,8.389136184762263,0
Cowdenbeath and Kirkcaldy,Progressives,5.527318428308279,0.0,0.0,0.0,0.0,0.0,0.0,0
Cowdenbeath and Kirkcaldy,Average,37.70954241317378,0.0,0.0,0.0,0.0,0.0,0.0,0
Cowdenbeath and Kirkcaldy,Liberal,2.463139158517947,0.0,0.0,3.9,3.8,3.1,5.642358467449341,0
Cowdenbeath and Kirkcaldy,Blues,0.0,0.2558395,0.0,0.0,0.0,0.0,0.0,0
Cowdenbeath and Kirkcaldy,Reforms,0.0,7.5441605,7.7,0.0,0.0,0.0,12.633459347788396,0
Cumbernauld and Kirkintilloch,Muslim,0.0,0.0,0.0,0.0,0.0,0.0,1.1996908,0
Cumbernauld and Kirkintilloch,Left,0.0,0.0,0.0,0.0,0.0,0.0,9.537754180464688,0
Cumbernauld and Kirkintilloch,Progressives,4.7510595389613695,0.0,0.0,0.0,0.0,0.0,0.0,0
Cumbernauld and Kirkintilloch,Average,34.91737763311497,0.0,0.0,0.0,0.0,0.0,0.0,0
Cumbernauld and Kirkintilloch,Liberal,5.531562827923665,0.0,0.0,3.2,4.1,0.0,9.767709719796857,0
Cumbernauld and Kirkintilloch,Blues,0.0,0.1839768,0.0,0.0,0.0,0.0,0.0,0
Cumbernauld and Kirkintilloch,Reforms,0.0,4.5160232,7.7,0.0,0.0,0.0,14.594845299738452,0
Dumfries and Galloway,Muslim,0.0,0.0,0.0,0.0,0.0,0.0,0.5056309,0
Dumfries and Galloway,Left,0.0,0.0,0.0,0.0,0.0,0.0,7.285266457680241,0
Dumfries and Galloway,Progressives,5.495138127456012,0.0,0.0,0.0,0.0,0.0,0.0,0
Dumfries and Galloway,Average,20.204861872543987,0.0,0.0,0.0,0.0,0.0,18.865042360858453,0
Dumfries and Galloway,Liberal,0.0,7.892022269319483,0.0,4.6,2.7,0.5,0.8440602814613039,0
Dumfries and Galloway,Blues,0.0,0.1212,0.0,0.0,0.0,0.0,0.0,0
Dumfries and Galloway,Reforms,0.0,21.586777730680517,9.4,0.0,0.0,0.0,0.0,0
"Dumfriesshire, Clydesdale and Tweeddale",Muslim,0.0,0.0,0.0,0.0,0.0,0.0,0.2361046,0
"Dumfriesshire, Clydesdale and Tweeddale",Left,0.0,0.0,0.0,0.0,0.0,0.0,7.252999075083859,0
"Dumfriesshire, Clydesdale and Tweeddale",Progressives,5.191491078702533,0.0,0.0,0.0,0.0,0.0,0.0,0
"Dumfriesshire, Clydesdale and Tweeddale",Average,17.808508921297467,0.0,0.0,0.0,1.9526248511639892,0.0,16.910896324916138,0
"Dumfriesshire, Clydesdale and Tweeddale",Liberal,0.0,12.89019655777599,0.0,6.3,1.14737514883603,0.5,0.0,0
"Dumfriesshire, Clydesdale and Tweeddale",Blues,0.0,0.1118,0.0,0.0,0.0,0.0,0.0,0
"Dumfriesshire, Clydesdale and Tweeddale",Reforms,0.0,20.998003442224007,8.7,0.0,0.0,0.0,0.0,0
Dundee Central,Muslim,0.0,0.0,0.0,0.0,0.0,0.0,5.1271639,0
Dundee Central,Left,0.0,0.0,0.0,0.0,0.0,0.0,17.237201540729842,0
Dundee Central,Progressives,12.034396232681992,0.0,0.0,0.0,0.0,0.0,0.0,0
Dundee Central,Average,26.265603767318005,0.0,0.0,0.0,0.0,0.0,5.605008570391725,0
Dundee Central,Liberal,0.0,0.0,0.0,6.2,0.0,4.6517220612567085,0.0,0
Dundee Central,Blues,0.0,1.0350243,0.0,0.0,0.0,0.0,0.0,0
Dundee Central,Reforms,0.0,2.9649757,6.1,0.0,0.0,0.7482779387432918,12.030625988878434,0
Dunfermline and Dollar,Muslim,0.0,0.0,0.0,0.0,0.0,0.0,1.2295682,0
Dunfermline and Dollar,Left,0.0,0.0,0.0,0.0,0.0,0.0,8.406040268456367,0
Dunfermline and Dollar,Progressives,5.720617277785215,0.0,0.0,0.0,0.0,0.0,0.0,0
Dunfermline and Dollar,Average,33.322187167029114,0.0,0.0,0.0,0.0,0.0,0.0,0
Dunfermline and Dollar,Liberal,6.657195555185673,0.0,0.0,7.1,4.7,1.5,5.808000929030459,0
Dunfermline and Dollar,Blues,0.0,0.4300832,0.0,0.0,0.0,0.0,0.0,0
Dunfermline and Dollar,Reforms,0.0,6.9699168,6.5,0.0,0.0,0.0,11.656390602513174,0
East Kilbride and Strathaven,Muslim,0.0,0.0,0.0,0.0,0.0,0.0,1.0555411,0
East Kilbride and Strathaven,Left,0.0,0.0,0.0,0.0,0.0,0.0,8.922366692450302,0
East Kilbride and Strathaven,Progressives,5.299384255831881,0.0,0.0,0.0,0.0,0.0,0.0,0
East Kilbride and Strathaven,Average,36.48599100529219,0.0,0.0,0.0,0.0,0.0,0.0,0
East Kilbride and Strathaven,Liberal,6.814624738875928,0.0,0.0,2.3,3.9,1.3,8.814088261866795,0
East Kilbride and Strathaven,Blues,0.0,0.3441982,0.0,0.0,0.0,0.0,0.0,0
East Kilbride and Strathaven,Reforms,0.0,7.2558017999999995,7.2,0.0,0.0,0.0,10.308003945682891,0
East Renfrewshire,Muslim,0.0,0.0,0.0,0.0,0.0,0.0,5.4641422,0
East Renfrewshire,Left,0.0,0.0,0.0,0.0,0.0,0.0,9.05837040111008,0
East Renfrewshire,Progressives,4.821733236226264,0.0,0.0,0.0,0.0,0.0,0.0,0
East Renfrewshire,Average,30.03202367454321,0.0,0.0,0.0,0.0,0.0,0.0,0
East Renfrewshire,Liberal,8.746243089230525,3.3764143472098525,0.0,2.3,3.0,2.7,12.277487398889924,0
East Renfrewshire,Blues,0.0,2.8549885,0.0,0.0,0.0,0.0,0.0,0
East Renfrewshire,Reforms,0.0,10.668597152790145,4.7,0.0,0.0,0.0,0.0,0
Edinburgh East and Musselburgh,Muslim,0.0,0.0,0.0,0.0,0.0,0.0,3.7795068,0
Edinburgh East and Musselburgh,Left,0.0,0.0,0.0,0.0,0.0,0.0,18.83866615265996,0
Edinburgh East and Musselburgh,Progressives,14.077362172240644,0.0,0.0,0.0,0.0,0.0,0.0,0
Edinburgh East and Musselburgh,Average,27.12263782775936,0.0,0.0,0.0,0.0,0.0,5.09443516957818,0
Edinburgh East and Musselburgh,Liberal,0.0,0.0,0.0,4.3,9.505623063043583,0.8,0.0,0
Edinburgh East and Musselburgh,Blues,0.0,2.3292892,0.0,0.0,0.0,0.0,0.0,0
Edinburgh East and Musselburgh,Reforms,0.0,3.3707108000000003,4.7,0.0,0.6943769369564166,0.0,5.387391877761861,0
Edinburgh North and Leith,Muslim,0.0,0.0,0.0,0.0,0.0,0.0,3.3076245,0
Edinburgh North and Leith,Left,0.0,0.0,0.0,0.0,0.0,0.0,11.239567365014471,0
Edinburgh North and Leith,Progressives,20.3927616830929,0.0,0.0,0.0,0.0,0.0,0.0,0
Edinburgh North and Leith,Average,21.7072383169071,0.0,0.0,0.0,0.0,0.0,3.0081409238409194,0
Edinburgh North and Leith,Liberal,0.0,0.0,0.0,7.8,10.9,1.5,4.765577695709171,0
Edinburgh North and Leith,Blues,0.0,2.676069,0.0,0.0,0.0,0.0,0.0,0
Edinburgh North and Leith,Reforms,0.0,3.9239309999999996,3.7,0.0,0.0,0.0,5.079089515435431,0
Edinburgh South,Muslim,0.0,0.0,0.0,0.0,0.0,0.0,3.5373155000000005,0
Edinburgh South,Left,0.0,0.0,0.0,0.0,4.269901891464849,0.0,12.9626845,0
Edinburgh South,Progressives,12.721968224060776,0.0,0.0,0.0,0.0,0.0,0.0,0
Edinburgh South,Average,29.673434720740588,0.0,0.0,0.0,0.0,0.0,0.0,0
Edinburgh South,Liberal,10.904597055198636,0.0,0.0,5.9,4.07891302171821,2.7,0.0,0
Edinburgh South,Blues,0.0,2.3296221,0.0,0.0,0.0,0.0,0.0,0
Edinburgh South,Reforms,0.0,6.1703779,3.9,0.0,0.7511850868169399,0.0,0.0,0
Edinburgh South West,Muslim,0.0,0.0,0.0,0.0,0.0,0.0,3.7914249,0
Edinburgh South West,Left,0.0,0.0,0.0,0.0,0.0,0.0,16.85547023492733,0
Edinburgh South West,Progressives,15.715208149714716,0.0,0.0,0.0,0.0,0.0,0.0,0
Edinburgh South West,Average,22.190447314198792,0.0,0.0,0.0,0.0,0.0,0.0,0
Edinburgh South West,Liberal,2.9943445360864906,0.0,0.0,6.6,7.6,1.0,5.3324579636674,0
Edinburgh South West,Blues,0.0,3.7571452,0.0,0.0,0.0,0.0,0.0,0
Edinburgh South West,Reforms,0.0,8.4428548,4.6,0.0,0.0,0.0,1.120646901405273,0
Edinburgh West,Muslim,0.0,0.0,0.0,0.0,0.0,0.0,2.688685,0
Edinburgh West,Left,0.0,0.0,0.0,0.0,0.0,0.0,8.331103272108,0
Edinburgh West,Progressives,8.61754343267078,0.0,0.0,0.0,0.0,0.0,0.0,0
Edinburgh West,Average,6.3824565673292195,0.0,0.0,25.471986227255876,0.0,0.0,4.906872913036516,0
Edinburgh West,Liberal,0.0,0.0,0.0,25.32801377274412,0.0,0.0,0.0,0
Edinburgh West,Blues,0.0,3.1811944,0.0,0.0,0.0,0.0,0.0,0
Edinburgh West,Reforms,0.0,2.3188056,4.2,0.0,4.0,1.1,3.4733388148554827,0
Falkirk,Muslim,0.0,0.0,0.0,0.0,0.0,0.0,1.5015046,0
Falkirk,Left,0.0,0.0,0.0,0.0,0.0,0.0,9.01151401018692,0
Falkirk,Progressives,4.407980581654732,0.0,0.0,0.0,0.0,0.0,0.0,0
Falkirk,Average,37.30637769269087,0.0,0.0,0.0,0.0,0.0,0.0,0
Falkirk,Liberal,1.2856417256543935,0.0,0.0,2.6,4.0,2.8,8.188726065003834,0
Falkirk,Blues,0.0,0.1882209999999999,0.0,0.0,0.0,0.0,0.0,0
Falkirk,Reforms,0.0,8.211779,7.9,0.0,0.0,0.0,12.598255324809244,0
Glasgow East,Muslim,0.0,0.0,0.0,0.0,0.0,0.0,9.1138885,0
Glasgow East,Left,0.0,0.0,0.0,0.0,0.0,0.0,12.14504874841551,0
Glasgow East,Progressives,13.420227045069426,0.0,0.0,0.0,0.0,0.0,0.0,0
Glasgow East,Average,25.02240182608,0.0,0.0,0.0,0.0,0.0,0.0,0
Glasgow East,Liberal,5.457371128850575,0.0,0.0,2.5,7.7,1.3,0.5765374320376386,0
Glasgow East,Blues,0.0,1.8185648,0.0,0.0,0.0,0.0,0.0,0
Glasgow East,Reforms,0.0,2.9814352,6.7,0.0,0.0,0.0,11.264525319546848,0
Glasgow North,Muslim,0.0,0.0,0.0,0.0,0.0,0.0,6.8226192,0
Glasgow North,Left,0.0,0.0,0.0,0.0,1.0421133430727672,0.0,25.1773808,0
Glasgow North,Progressives,17.514687367497437,0.0,0.0,0.0,0.0,0.0,0.0,0
Glasgow North,Average,18.270049512887454,0.0,0.0,0.0,0.0,0.0,0.0,0
Glasgow North,Liberal,6.415263119615112,0.0,0.0,3.3,2.4245974547119657,1.6,0.0,0
Glasgow North,Blues,0.0,3.6912818,0.0,0.0,0.0,0.0,0.0,0
Glasgow North,Reforms,0.0,0.20871819999999985,4.8,0.0,8.733289202215266,0.0,0.0,0
Glasgow North East,Muslim,0.0,0.0,0.0,0.0,0.0,0.0,5.0594627,0
Glasgow North East,Left,0.0,0.0,0.0,0.0,0.0,0.0,14.24844384303108,0
Glasgow North East,Progressives,12.752854934627166,0.0,0.0,0.0,0.0,0.0,0.0,0
Glasgow North East,Average,30.3168825148864,0.0,0.0,0.0,0.0,0.0,0.0,0
Glasgow North East,Liberal,2.830262550486431,0.0,0.0,1.7,2.8360245633521837,2.7,0.0,0
Glasgow North East,Blues,0.0,1.1490657,0.0,0.0,0.0,0.0,0.0,0
Glasgow North East,Reforms,0.0,2.3509343,6.7,0.0,4.3639754366478165,0.0,12.992093456968917,0
Glasgow South,Muslim,0.0,0.0,0.0,0.0,0.0,0.0,7.6656424,0
Glasgow South,Left,0.0,0.0,0.0,0.0,0.0,0.0,8.156646583771295,0
Glasgow South,Progressives,12.219069839523453,0.0,0.0,0.0,0.0,0.0,0.0,0
Glasgow South,Average,28.769224616399924,0.0,0.0,0.0,0.0,0.0,0.0,0
Glasgow South,Liberal,0.8117055440766201,0.0,0.0,3.1,13.1,2.2,4.023273525199842,0
Glasgow South,Blues,0.0,0.7840606999999999,0.0,0.0,0.0,0.0,0.0,0
Glasgow South,Reforms,0.0,3.0159393,4.1,0.0,0.0,0.0,12.05443749102887,0
Glasgow South West,Muslim,0.0,0.0,0.0,0.0,0.0,0.0,14.2618147,0
Glasgow South West,Left,0.0,0.0,0.0,0.0,0.0,0.0,11.42149798618038,0
Glasgow South West,Progressives,10.944484756274186,0.0,0.0,0.0,0.0,0.0,0.0,0
Glasgow South West,Average,27.08925082326691,0.0,0.0,0.0,0.0,0.0,0.0,0
Glasgow South West,Liberal,5.566264420458907,0.0,0.0,2.7,4.7233382854001285,1.5,0.0,0
Glasgow South West,Blues,0.0,1.1939399,0.0,0.0,0.0,0.0,0.0,0
Glasgow South West,Reforms,0.0,2.7060601,6.3,0.0,2.8766617145998676,0.0,8.716687313819616,0
Glasgow West,Muslim,0.0,0.0,0.0,0.0,0.0,0.0,5.1995236,0
Glasgow West,Left,0.0,0.0,0.0,0.0,0.0,0.0,13.63610219599449,0
Glasgow West,Progressives,14.669755650331991,0.0,0.0,0.0,0.0,0.0,0.0,0
Glasgow West,Average,30.448864273331807,0.0,0.0,0.0,0.0,0.0,0.0,0
Glasgow West,Liberal,1.5813800763362025,0.0,0.0,3.3,9.2,0.8,2.406411402941359,0
Glasgow West,Blues,0.0,1.607119,0.0,0.0,0.0,0.0,0.0,0
Glasgow West,Reforms,0.0,2.692881,5.3,0.0,0.0,0.0,9.157962801064151,0
Glenrothes and Mid Fife,Muslim,0.0,0.0,0.0,0.0,0.0,0.0,0.8622271000000001,0
Glenrothes and Mid Fife,Left,0.0,0.0,0.0,0.0,0.0,0.0,9.326851556688972,0
Glenrothes and Mid Fife,Progressives,4.049901590189865,0.0,0.0,0.0,0.0,0.0,0.0,0
Glenrothes and Mid Fife,Average,36.58391129668687,0.0,0.0,0.0,0.0,0.0,0.0,0
Glenrothes and Mid Fife,Liberal,3.6661871131232644,0.0,0.0,4.4,0.0,0.0,5.699106061351424,0
Glenrothes and Mid Fife,Blues,0.0,0.1586499,0.0,0.0,0.0,0.0,0.0,0
Glenrothes and Mid Fife,Reforms,0.0,5.3413501,9.8,0.0,0.0,0.0,20.111815281959604,0
Gordon and Buchan,Muslim,0.0,0.0,0.0,0.0,0.0,0.0,0.4897244,0
Gordon and Buchan,Left,0.0,0.0,0.0,0.0,0.0,0.0,7.611818921116827,0
Gordon and Buchan,Progressives,4.574549942452858,0.0,0.0,0.0,0.0,0.0,0.0,0
Gordon and Buchan,Average,6.125450057547141,5.889036746819613,0.0,0.0,0.0,0.0,22.698456678883176,0
Gordon and Buchan,Liberal,0.0,9.599585206962246,0.0,16.6,0.0,0.0,0.0,0
Gordon and Buchan,Blues,0.0,1.1610851,0.0,0.0,0.0,0.0,0.0,0
Gordon and Buchan,Reforms,0.0,16.150292946218137,9.1,0.0,0.0,0.0,0.0,0
Hamilton and Clyde Valley,Muslim,0.0,0.0,0.0,0.0,0.0,0.0,1.180241,0
Hamilton and Clyde Valley,Left,0.0,0.0,0.0,0.0,0.0,0.0,9.149702085402174,0
Hamilton and Clyde Valley,Progressives,5.139116860793576,0.0,0.0,0.0,0.0,0.0,0.0,0
Hamilton and Clyde Valley,Average,35.92479607265531,0.0,0.0,0.0,0.0,0.0,0.0,0
Hamilton and Clyde Valley,Liberal,8.836087066551109,0.0,0.0,3.6,0.0,0.3,7.042364586569585,0
Hamilton and Clyde Valley,Blues,0.0,0.3132518,0.0,0.0,0.0,0.0,0.0,0
Hamilton and Clyde Valley,Reforms,0.0,10.5867482,7.8,0.0,0.0,0.0,10.027692328028243,0
Inverclyde and Renfrewshire West,Muslim,0.0,0.0,0.0,0.0,0.0,0.0,0.6241116,0
Inverclyde and Renfrewshire West,Left,0.0,0.0,0.0,0.0,0.0,0.0,8.493999539987264,0
Inverclyde and Renfrewshire West,Progressives,5.034127431190226,0.0,0.0,0.0,0.0,0.0,0.0,0
Inverclyde and Renfrewshire West,Average,37.51310951652239,0.0,0.0,0.0,0.0,0.0,0.0,0
Inverclyde and Renfrewshire West,Liberal,4.352763052287379,0.0,0.0,3.1,2.9,2.7,6.3053851458794465,0
Inverclyde and Renfrewshire West,Blues,0.0,0.18882,0.0,0.0,0.0,0.0,0.0,0
Inverclyde and Renfrewshire West,Reforms,0.0,6.91118,6.1,0.0,0.0,0.0,15.676503714133291,0
"Inverness, Skye and West Ross-shire",Muslim,0.0,0.0,0.0,0.0,0.0,0.0,0.6752124,0
"Inverness, Skye and West Ross-shire",Left,0.0,0.0,0.0,0.0,0.0,0.0,8.494797687861261,0
"Inverness, Skye and West Ross-shire",Progressives,5.607122927347028,0.0,0.0,0.0,0.0,0.0,0.0,0
"Inverness, Skye and West Ross-shire",Average,7.592877072652971,0.0,0.0,18.498556403689857,0.0,0.0,11.703003621622884,0
"Inverness, Skye and West Ross-shire",Liberal,0.0,0.0,0.0,20.001443596310143,0.0,0.0,0.0,0
"Inverness, Skye and West Ross-shire",Blues,0.0,0.2666346,0.0,0.0,0.0,0.0,0.0,0
"Inverness, Skye and West Ross-shire",Reforms,0.0,5.0333654,4.3,0.0,4.3,0.4,13.026986290515854,0
Kilmarnock and Loudoun,Muslim,0.0,0.0,0.0,0.0,0.0,0.0,0.6548713,0
Kilmarnock and Loudoun,Left,0.0,0.0,0.0,0.0,0.0,0.0,8.674402071802156,0
Kilmarnock and Loudoun,Progressives,4.478885165231111,0.0,0.0,0.0,0.0,0.0,0.0,0
Kilmarnock and Loudoun,Average,39.87093645845402,0.0,0.0,0.0,0.0,0.0,0.0,0
Kilmarnock and Loudoun,Liberal,0.550178376314868,0.0,0.0,2.0,2.9,0.9,9.844212715089528,0
Kilmarnock and Loudoun,Blues,0.0,0.1044,0.0,0.0,0.0,0.0,0.0,0
Kilmarnock and Loudoun,Reforms,0.0,8.1956,8.2,0.0,0.0,0.0,13.62651391310831,0
Livingston,Muslim,0.0,0.0,0.0,0.0,0.0,0.0,2.1005853,0
Livingston,Left,0.0,0.0,0.0,0.0,0.0,0.0,9.3817774494149,0
Livingston,Progressives,5.423375662230968,0.0,0.0,0.0,0.0,0.0,0.0,0
Livingston,Average,33.35420273780079,0.0,0.0,0.0,0.0,0.0,0.0,0
Livingston,Liberal,2.1224215999682414,0.0,0.0,4.5,3.8,1.2,10.91446540312468,0
Livingston,Blues,0.0,0.6078469,0.0,0.0,0.0,0.0,0.0,0
Livingston,Reforms,0.0,7.0921531,8.9,0.0,0.0,0.0,10.60317184746042,0
Lothian East,Muslim,0.0,0.0,0.0,0.0,0.0,0.0,0.7173675,0
Lothian East,Left,0.0,0.0,0.0,0.0,0.0,0.0,8.662142094475996,0
Lothian East,Progressives,4.461765705287541,0.0,0.0,0.0,0.0,0.0,0.0,0
Lothian East,Average,36.13124677271591,0.0,0.0,0.0,0.0,0.0,0.0,0
Lothian East,Liberal,8.606987521996551,0.0,0.0,5.5,5.2,1.2,5.0331489259849125,0
Lothian East,Blues,0.0,0.2172968,0.0,0.0,0.0,0.0,0.0,0
Lothian East,Reforms,0.0,10.8827032,6.3,0.0,0.0,0.0,7.08734147953909,0
Mid Dunbartonshire,Muslim,0.0,0.0,0.0,0.0,0.0,0.0,1.4333648,0
Mid Dunbartonshire,Left,0.0,0.0,0.0,0.0,0.0,0.0,7.678842338662608,0
Mid Dunbartonshire,Progressives,4.641410506474747,0.0,0.0,0.0,0.0,0.0,0.0,0
Mid Dunbartonshire,Average,16.158589493525255,0.0,0.0,7.518077241050307,0.0,0.0,10.559204803061917,0
Mid Dunbartonshire,Liberal,0.0,0.0,0.0,34.88192275894969,0.0,0.0,0.0,0
Mid Dunbartonshire,Blues,0.0,0.9604822,0.0,0.0,0.0,0.0,0.0,0
Mid Dunbartonshire,Reforms,0.0,3.7395178000000002,4.0,0.0,3.0999999999999908,0.9,4.428588058275476,0
Midlothian,Muslim,0.0,0.0,0.0,0.0,0.0,0.0,1.2048567,0
Midlothian,Left,0.0,0.0,0.0,0.0,0.0,0.0,8.54303797468353,0
Midlothian,Progressives,4.412506392713359,0.0,0.0,0.0,0.0,0.0,0.0,0
Midlothian,Average,35.95947052720366,0.0,0.0,0.0,0.0,0.0,0.0,0
Midlothian,Liberal,8.228023080082977,0.0,0.0,5.9,0.0,0.6,8.981790437527735,0
Midlothian,Blues,0.0,0.3418413,0.0,0.0,0.0,0.0,0.0,0
Midlothian,Reforms,0.0,7.0581587,7.4,0.0,0.0,0.0,11.370314887788737,0
"Moray West, Nairn and Strathspey",Muslim,0.0,0.0,0.0,0.0,0.0,0.0,0.3030641,0
"Moray West, Nairn and Strathspey",Left,0.0,0.0,0.0,0.0,0.0,0.0,8.164005366920899,0
"Moray West, Nairn and Strathspey",Progressives,5.8074818574269775,0.0,0.0,0.0,0.0,0.0,0.0,0
"Moray West, Nairn and Strathspey",Average,11.89251814257302,0.0,0.0,0.0,0.0,0.0,23.489133714376354,0
"Moray West, Nairn and Strathspey",Liberal,0.0,8.065159744078478,0.0,8.1,3.6,0.9,0.14379681870275007,0
"Moray West, Nairn and Strathspey",Blues,0.0,0.1611456,0.0,0.0,0.0,0.0,0.0,0
"Moray West, Nairn and Strathspey",Reforms,0.0,21.77369465592152,7.5,0.0,0.0,0.0,0.0,0
"Motherwell, Wishaw and Carluke",Muslim,0.0,0.0,0.0,0.0,0.0,0.0,1.8872956,0
"Motherwell, Wishaw and Carluke",Left,0.0,0.0,0.0,0.0,0.0,0.0,9.637332932872791,0
"Motherwell, Wishaw and Carluke",Progressives,4.9043101444704345,0.0,0.0,0.0,0.0,0.0,0.0,0
"Motherwell, Wishaw and Carluke",Average,39.05293300323031,0.0,0.0,0.0,0.0,0.0,0.0,0
"Motherwell, Wishaw and Carluke",Liberal,5.142756852299257,0.0,0.0,2.1,3.1,0.9,4.245226095463186,0
"Motherwell, Wishaw and Carluke",Blues,0.0,0.1456588,0.0,0.0,0.0,0.0,0.0,0
"Motherwell, Wishaw and Carluke",Reforms,0.0,6.0543412000000005,7.7,0.0,0.0,0.0,15.130145371664028,0
Na h-Eileanan an Iar,Muslim,0.0,0.0,0.0,0.0,0.0,0.0,0.2218907,0
Na h-Eileanan an Iar,Left,0.0,0.0,0.0,0.0,0.0,0.0,6.421509747759389,0
Na h-Eileanan an Iar,Progressives,2.5709255160253504,0.0,0.0,0.0,0.0,0.0,0.0,0
Na h-Eileanan an Iar,Average,40.17372759552782,0.0,0.0,0.0,0.0,0.0,0.0,0
Na h-Eileanan an Iar,Liberal,6.75534688844683,0.0,0.0,2.8,0.0,9.339659053296948,0.0,0
Na h-Eileanan an Iar,Blues,0.0,0.0612,0.0,0.0,0.0,0.0,0.0,0
Na h-Eileanan an Iar,Reforms,0.0,4.7387999999999995,5.2,0.0,0.0,7.360340946703051,14.356599552240613,0
North Ayrshire and Arran,Muslim,0.0,0.0,0.0,0.0,0.0,0.0,0.3955636,0
North Ayrshire and Arran,Left,0.0,0.0,0.0,0.0,0.0,0.0,8.689872675380862,0
North Ayrshire and Arran,Progressives,4.412102551101041,0.0,0.0,0.0,0.0,0.0,0.0,0
North Ayrshire and Arran,Average,35.387897448898954,0.0,0.0,0.0,0.0,0.0,0.6174127304897254,0
North Ayrshire and Arran,Liberal,0.0,0.0,0.0,2.4,3.1,1.1,13.408071813652187,0
North Ayrshire and Arran,Blues,0.0,0.0886,0.0,0.0,0.0,0.0,0.0,0
North Ayrshire and Arran,Reforms,0.0,14.0114,8.1,0.0,0.0,0.0,8.289079180477225,0
North East Fife,Muslim,0.0,0.0,0.0,0.0,0.0,0.0,0.656633,0
North East Fife,Left,0.0,0.0,0.0,0.0,0.0,0.0,16.329756473687553,0
North East Fife,Progressives,7.026626774761965,0.0,0.0,0.0,0.0,0.0,0.0,0
North East Fife,Average,2.3733732252380353,0.0,0.0,28.333998260676644,0.0,0.0,0.0,0
North East Fife,Liberal,0.0,0.0,0.0,23.41584035395233,0.0,0.0,0.0,0
North East Fife,Blues,0.0,0.9464237,0.0,0.0,0.0,0.0,0.0,0
North East Fife,Reforms,0.0,2.9535763,4.9,2.9501613853710222,3.9,0.0,6.213610526312447,0
Orkney and Shetland,Muslim,0.0,0.0,0.0,0.0,0.0,0.0,0.1735223,0
Orkney and Shetland,Left,0.0,0.0,0.0,0.0,0.0,0.0,7.18450305143853,0
Orkney and Shetland,Progressives,3.672951296771409,0.0,0.0,0.0,0.0,0.0,0.0,0
Orkney and Shetland,Average,3.527048703228591,0.0,0.0,36.434947572857595,0.0,0.0,0.0,0
Orkney and Shetland,Liberal,0.0,0.0,0.0,17.511560866066297,0.0,0.0,0.0,0
Orkney and Shetland,Blues,0.0,0.0867,0.0,0.0,0.0,0.0,0.0,0
Orkney and Shetland,Reforms,0.0,2.7133,7.7,1.1534915610761,9.9,0.0,9.941974648561473,0
Paisley and Renfrewshire North,Muslim,0.0,0.0,0.0,0.0,0.0,0.0,2.4562985,0
Paisley and Renfrewshire North,Left,0.0,0.0,0.0,0.0,0.0,0.0,8.687465010942026,0
Paisley and Renfrewshire North,Progressives,7.184431378110999,0.0,0.0,0.0,0.0,0.0,0.0,0
Paisley and Renfrewshire North,Average,31.175076113532697,0.0,0.0,0.0,0.0,0.0,0.0,0
Paisley and Renfrewshire North,Liberal,8.740492508356304,0.0,0.0,3.3,3.5,0.0,9.301088422468236,0
Paisley and Renfrewshire North,Blues,0.0,0.593425,0.0,0.0,0.0,0.0,0.0,0
Paisley and Renfrewshire North,Reforms,0.0,5.8065750000000005,7.8,0.0,0.0,0.0,11.455148066589738,0
Paisley and Renfrewshire South,Muslim,0.0,0.0,0.0,0.0,0.0,0.0,1.1582806,0
Paisley and Renfrewshire South,Left,0.0,0.0,0.0,0.0,0.0,0.0,9.839474551771348,0
Paisley and Renfrewshire South,Progressives,6.837364745023431,0.0,0.0,0.0,0.0,0.0,0.0,0
Paisley and Renfrewshire South,Average,36.47393940051122,0.0,0.0,0.0,0.0,0.0,0.0,0
Paisley and Renfrewshire South,Liberal,4.0886958544653496,0.0,0.0,3.2,4.2,1.0,5.6100325079684765,0
Paisley and Renfrewshire South,Blues,0.0,0.2964958,0.0,0.0,0.0,0.0,0.0,0
Paisley and Renfrewshire South,Reforms,0.0,5.103504200000001,7.2,0.0,0.0,0.0,14.992212340260174,0
Perth and Kinross-shire,Muslim,0.0,0.0,0.0,0.0,0.0,0.0,0.7679223,0
Perth and Kinross-shire,Left,0.0,0.0,0.0,0.0,0.0,0.0,8.18761843083639,0
Perth and Kinross-shire,Progressives,7.039845963601678,0.0,0.0,0.0,0.0,0.0,0.0,0
Perth and Kinross-shire,Average,10.960154036398322,0.0,0.0,0.0,0.0,0.0,25.14630829779604,0
Perth and Kinross-shire,Liberal,0.0,11.452487995387099,0.0,7.4,0.0,1.4,3.5981509713675757,0
Perth and Kinross-shire,Blues,0.0,0.2772319,0.0,0.0,0.0,0.0,0.0,0
Perth and Kinross-shire,Reforms,0.0,17.870280104612903,5.9,0.0,0.0,0.0,0.0,0
Rutherglen,Muslim,0.0,0.0,0.0,0.0,0.0,0.0,2.5765497,0
Rutherglen,Left,0.0,0.0,0.0,0.0,0.0,0.0,8.776535493929973,0
Rutherglen,Progressives,5.289714460479497,0.0,0.0,0.0,0.0,0.0,0.0,0
Rutherglen,Average,33.94151132122049,0.0,0.0,0.0,0.0,0.0,0.0,0
Rutherglen,Liberal,11.268774218300017,0.0,0.0,4.0,0.0,3.6,4.430189654130761,0
Rutherglen,Blues,0.0,0.427815,0.0,0.0,0.0,0.0,0.0,0
Rutherglen,Reforms,0.0,5.272185,6.3,0.0,0.0,0.0,14.116725151939264,0
Stirling and Strathallan,Muslim,0.0,0.0,0.0,0.0,0.0,0.0,0.9773743,0
Stirling and Strathallan,Left,0.0,0.0,0.0,0.0,0.0,0.0,12.73290104710188,0
Stirling and Strathallan,Progressives,6.89713263180898,0.0,0.0,0.0,0.0,0.0,0.0,0
Stirling and Strathallan,Average,27.00286736819102,0.0,0.0,0.0,0.0,0.0,5.461843432198322,0
Stirling and Strathallan,Liberal,0.0,4.2944077852168405,0.0,5.1,4.7,0.0,11.827881220699798,0
Stirling and Strathallan,Blues,0.0,0.5235269,0.0,0.0,0.0,0.0,0.0,0
Stirling and Strathallan,Reforms,0.0,14.18206531478316,6.3,0.0,0.0,0.0,0.0,0
West Aberdeenshire and Kincardine,Muslim,0.0,0.0,0.0,0.0,0.0,0.0,0.5611868,0
West Aberdeenshire and Kincardine,Left,0.0,0.0,0.0,0.0,0.0,0.0,7.343936534832666,0
West Aberdeenshire and Kincardine,Progressives,5.982452516059817,0.0,0.0,0.0,0.0,0.0,0.0,0
West Aberdeenshire and Kincardine,Average,7.117547483940182,0.5501142059414406,0.0,0.0,2.1,0.5000000000000049,20.694876665167335,0
West Aberdeenshire and Kincardine,Liberal,0.0,19.51659895786736,0.0,13.0,0.0,0.0,0.0,0
West Aberdeenshire and Kincardine,Blues,0.0,1.3242398,0.0,0.0,0.0,0.0,0.0,0
West Aberdeenshire and Kincardine,Reforms,0.0,14.2090470361912,7.1,0.0,0.0,0.0,0.0,0
West Dunbartonshire,Muslim,0.0,0.0,0.0,0.0,0.0,0.0,0.8441218,0
West Dunbartonshire,Left,0.0,0.0,0.0,0.0,0.0,0.0,9.058173961750818,0
West Dunbartonshire,Progressives,4.511532187899675,0.0,0.0,0.0,0.0,0.0,0.0,0
West Dunbartonshire,Average,38.83548907931562,0.0,0.0,0.0,0.0,0.0,0.0,0
West Dunbartonshire,Liberal,5.4529787327847,0.0,0.0,2.1,3.8,1.0,3.0185202829595,0
West Dunbartonshire,Blues,0.0,0.1552896,0.0,0.0,0.0,0.0,0.0,0
West Dunbartonshire,Reforms,0.0,3.5447104,7.0,0.0,0.0,0.0,20.67918395528968,0
