Seat,Labour_Prob,Conservative_Prob,Reform_Prob,Restore_Prob,LibDem_Prob,Green_Prob,Oth_Prob,SNP_Prob,Plaid_Prob,PredictedWinner,WinnerProb
Aberafan Maesteg,0.41,0.0,0.336,0.0,0.0,0.0,0.0,0.0,0.254,Labour,0.41
Aberdeen North,0.0505,0.0,0.0282,0.0,0.0,0.0011,0.0,0.9202,0.0,SNP,0.9202
Aberdeen South,0.0387,0.1428,0.0027,0.0,0.0,0.0064,0.0,0.8094,0.0,SNP,0.8094
Aberdeenshire North and Moray East,0.0,0.1063,0.2153,0.0,0.0,0.0,0.0,0.6784,0.0,SNP,0.6784
Airdrie and Shotts,0.4535,0.0,0.0502,0.0,0.0,0.0,0.0,0.4963,0.0,SNP,0.4963
Aldershot,0.4842,0.3056,0.2102,0.0,0.0,0.0,0.0,0.0,0.0,Labour,0.4842
Aldridge-Brownhills,0.0551,0.5045,0.4404,0.0,0.0,0.0,0.0,0.0,0.0,Conservative,0.5045
Alloa and Grangemouth,0.2284,0.0,0.0719,0.0,0.0,0.0001,0.0,0.6996,0.0,SNP,0.6996
Altrincham and Sale West,0.3726,0.6034,0.0229,0.0,0.0,0.0011,0.0,0.0,0.0,Conservative,0.6034
Alyn and Deeside,0.1258,0.0,0.7622,0.0,0.0,0.0,0.0,0.0,0.112,Reform,0.7622
Amber Valley,0.1977,0.0359,0.7664,0.0,0.0,0.0,0.0,0.0,0.0,Reform,0.7664
Angus and Perthshire Glens,0.0,0.0466,0.0424,0.0,0.0,0.0,0.0,0.911,0.0,SNP,0.911
Arbroath and Broughty Ferry,0.0466,0.0,0.0363,0.0,0.0,0.0,0.0,0.9171,0.0,SNP,0.9171
"Argyll, Bute and South Lochaber",0.0021,0.0012,0.0519,0.0,0.0308,0.0,0.0,0.914,0.0,SNP,0.914
Arundel and South Downs,0.0039,0.8941,0.088,0.0,0.0097,0.0043,0.0,0.0,0.0,Conservative,0.8941
Ashfield,0.0908,0.0,0.9079,0.0,0.0,0.0,0.0013,0.0,0.0,Reform,0.9079
Ashford,0.259,0.3114,0.4269,0.0,0.0,0.0027,0.0,0.0,0.0,Reform,0.4269
Ashton-under-Lyne,0.6391,0.0017,0.3577,0.0,0.0,0.0015,0.0,0.0,0.0,Labour,0.6391
Aylesbury,0.2232,0.5749,0.1532,0.0,0.0486,0.0001,0.0,0.0,0.0,Conservative,0.5749
"Ayr, Carrick and Cumnock",0.1105,0.0011,0.1222,0.0,0.0,0.0,0.0,0.7662,0.0,SNP,0.7662
Banbury,0.3665,0.2544,0.3789,0.0,0.0,0.0002,0.0,0.0,0.0,Reform,0.3789
Bangor Aberconwy,0.0471,0.0001,0.2704,0.0,0.0,0.0,0.0,0.0,0.6824,Plaid,0.6824
Barking,0.8662,0.0008,0.011,0.0,0.0,0.1204,0.0016,0.0,0.0,Labour,0.8662
Barnsley North,0.4132,0.0002,0.5865,0.0,0.0,0.0001,0.0,0.0,0.0,Reform,0.5865
Barnsley South,0.3471,0.0002,0.6525,0.0,0.0,0.0002,0.0,0.0,0.0,Reform,0.6525
Barrow and Furness,0.2722,0.0363,0.6915,0.0,0.0,0.0,0.0,0.0,0.0,Reform,0.6915
Basildon and Billericay,0.1158,0.1877,0.6965,0.0,0.0,0.0,0.0,0.0,0.0,Reform,0.6965
Basingstoke,0.5214,0.1494,0.3287,0.0,0.0,0.0005,0.0,0.0,0.0,Labour,0.5214
Bassetlaw,0.2504,0.0297,0.7197,0.0,0.0,0.0002,0.0,0.0,0.0,Reform,0.7197
Bath,0.0069,0.0161,0.0145,0.0,0.8311,0.1314,0.0,0.0,0.0,LibDem,0.8311
Bathgate and Linlithgow,0.3892,0.0,0.0385,0.0,0.0,0.0004,0.0,0.5719,0.0,SNP,0.5719
Battersea,0.835,0.1232,0.0,0.0,0.0002,0.0416,0.0,0.0,0.0,Labour,0.835
Beaconsfield,0.0006,0.823,0.029,0.0,0.1474,0.0,0.0,0.0,0.0,Conservative,0.823
Beckenham and Penge,0.8226,0.1609,0.0126,0.0,0.0,0.0039,0.0,0.0,0.0,Labour,0.8226
Bedford,0.8121,0.053,0.1331,0.0,0.0001,0.0017,0.0,0.0,0.0,Labour,0.8121
Bermondsey and Old Southwark,0.6469,0.0003,0.0,0.0,0.0308,0.322,0.0,0.0,0.0,Labour,0.6469
"Berwickshire, Roxburgh and Selkirk",0.0002,0.5454,0.0859,0.0,0.0,0.0,0.0,0.3685,0.0,Conservative,0.5454
Bethnal Green and Stepney,0.4705,0.0,0.0,0.0,0.0,0.1026,0.4269,0.0,0.0,Labour,0.4705
Beverley and Holderness,0.1908,0.2819,0.5273,0.0,0.0,0.0,0.0,0.0,0.0,Reform,0.5273
Bexhill and Battle,0.1256,0.4374,0.437,0.0,0.0,0.0,0.0,0.0,0.0,Conservative,0.4374
Bexleyheath and Crayford,0.2855,0.307,0.4075,0.0,0.0,0.0,0.0,0.0,0.0,Reform,0.4075
Bicester and Woodstock,0.0007,0.2021,0.1244,0.0,0.6726,0.0002,0.0,0.0,0.0,LibDem,0.6726
Birkenhead,0.6803,0.0,0.1945,0.0,0.0,0.1252,0.0,0.0,0.0,Labour,0.6803
Birmingham Edgbaston,0.843,0.1391,0.0035,0.0,0.0,0.0144,0.0,0.0,0.0,Labour,0.843
Birmingham Erdington,0.7357,0.015,0.2457,0.0,0.0,0.0036,0.0,0.0,0.0,Labour,0.7357
Birmingham Hall Green and Moseley,0.4912,0.0004,0.0,0.0,0.0,0.0107,0.4977,0.0,0.0,Oth,0.4977
Birmingham Hodge Hill and Solihull North,0.5402,0.0095,0.1002,0.0,0.0,0.0006,0.3495,0.0,0.0,Labour,0.5402
Birmingham Ladywood,0.6053,0.0,0.0,0.0,0.0,0.0735,0.3212,0.0,0.0,Labour,0.6053
Birmingham Northfield,0.4812,0.1358,0.3823,0.0,0.0,0.0007,0.0,0.0,0.0,Labour,0.4812
Birmingham Perry Barr,0.3678,0.0012,0.0,0.0,0.0,0.003,0.628,0.0,0.0,Oth,0.628
Birmingham Selly Oak,0.7849,0.0177,0.0379,0.0,0.0,0.1595,0.0,0.0,0.0,Labour,0.7849
Birmingham Yardley,0.5752,0.0034,0.0035,0.0,0.0,0.0002,0.4177,0.0,0.0,Labour,0.5752
Bishop Auckland,0.2338,0.1188,0.6474,0.0,0.0,0.0,0.0,0.0,0.0,Reform,0.6474
Blackburn,0.0479,0.0,0.0059,0.0,0.0,0.0025,0.9437,0.0,0.0,Oth,0.9437
Blackley and Middleton South,0.9075,0.0004,0.0777,0.0,0.0,0.0144,0.0,0.0,0.0,Labour,0.9075
Blackpool North and Fleetwood,0.286,0.0348,0.6792,0.0,0.0,0.0,0.0,0.0,0.0,Reform,0.6792
Blackpool South,0.5,0.0016,0.4984,0.0,0.0,0.0,0.0,0.0,0.0,Labour,0.5
Blaenau Gwent and Rhymney,0.1401,0.0,0.5551,0.0,0.0,0.0,0.0,0.0,0.3048,Reform,0.5551
Blaydon and Consett,0.4829,0.0114,0.5054,0.0,0.0,0.0003,0.0,0.0,0.0,Reform,0.5054
Blyth and Ashington,0.4094,0.0009,0.5895,0.0,0.0,0.0002,0.0,0.0,0.0,Reform,0.5895
Bognor Regis and Littlehampton,0.1108,0.1111,0.778,0.0,0.0001,0.0,0.0,0.0,0.0,Reform,0.778
Bolsover,0.1888,0.0381,0.7729,0.0,0.0,0.0002,0.0,0.0,0.0,Reform,0.7729
Bolton North East,0.5581,0.1442,0.2888,0.0,0.0,0.0089,0.0,0.0,0.0,Labour,0.5581
Bolton South and Walkden,0.7913,0.0018,0.201,0.0,0.0,0.0012,0.0047,0.0,0.0,Labour,0.7913
Bolton West,0.5235,0.2161,0.2593,0.0,0.0,0.0011,0.0,0.0,0.0,Labour,0.5235
Bootle,0.7409,0.0,0.2579,0.0,0.0,0.0012,0.0,0.0,0.0,Labour,0.7409
Boston and Skegness,0.0046,0.1371,0.8583,0.0,0.0,0.0,0.0,0.0,0.0,Reform,0.8583
Bournemouth East,0.5737,0.0865,0.3395,0.0,0.0,0.0003,0.0,0.0,0.0,Labour,0.5737
Bournemouth West,0.4014,0.3577,0.2403,0.0,0.0,0.0006,0.0,0.0,0.0,Labour,0.4014
Bracknell,0.2608,0.5091,0.2298,0.0,0.0001,0.0002,0.0,0.0,0.0,Conservative,0.5091
Bradford East,0.7459,0.0002,0.0033,0.0,0.0,0.0024,0.2482,0.0,0.0,Labour,0.7459
Bradford South,0.642,0.0099,0.3354,0.0,0.0,0.0081,0.0046,0.0,0.0,Labour,0.642
Bradford West,0.363,0.0,0.0,0.0,0.0,0.0021,0.6349,0.0,0.0,Oth,0.6349
Braintree,0.0611,0.4805,0.4584,0.0,0.0,0.0,0.0,0.0,0.0,Conservative,0.4805
"Brecon, Radnor and Cwm Tawe",0.0043,0.0,0.5295,0.0,0.458,0.0,0.0,0.0,0.0082,Reform,0.5295
Brent East,0.939,0.0266,0.0,0.0,0.0,0.0343,0.0001,0.0,0.0,Labour,0.939
Brent West,0.4504,0.5425,0.0,0.0,0.0,0.0071,0.0,0.0,0.0,Conservative,0.5425
Brentford and Isleworth,0.81,0.1702,0.0001,0.0,0.0,0.0197,0.0,0.0,0.0,Labour,0.81
Brentwood and Ongar,0.0127,0.6519,0.3353,0.0,0.0001,0.0,0.0,0.0,0.0,Conservative,0.6519
Bridgend,0.1369,0.0,0.6265,0.0,0.0,0.0,0.0,0.0,0.2366,Reform,0.6265
Bridgwater,0.0695,0.054,0.8739,0.0,0.0026,0.0,0.0,0.0,0.0,Reform,0.8739
Bridlington and The Wolds,0.0518,0.2005,0.7477,0.0,0.0,0.0,0.0,0.0,0.0,Reform,0.7477
Brigg and Immingham,0.0589,0.3405,0.6006,0.0,0.0,0.0,0.0,0.0,0.0,Reform,0.6006
Brighton Kemptown and Peacehaven,0.6215,0.0001,0.1692,0.0,0.0,0.2092,0.0,0.0,0.0,Labour,0.6215
Brighton Pavilion,0.0177,0.0,0.0005,0.0,0.0,0.9818,0.0,0.0,0.0,Green,0.9818
Bristol Central,0.0273,0.0,0.0,0.0,0.0,0.9727,0.0,0.0,0.0,Green,0.9727
Bristol East,0.3702,0.0,0.0354,0.0,0.0,0.5944,0.0,0.0,0.0,Green,0.5944
Bristol North East,0.6489,0.0003,0.1899,0.0,0.0,0.1609,0.0,0.0,0.0,Labour,0.6489
Bristol North West,0.7569,0.0012,0.1251,0.0,0.0,0.1168,0.0,0.0,0.0,Labour,0.7569
Bristol South,0.3865,0.0,0.2752,0.0,0.0,0.3383,0.0,0.0,0.0,Labour,0.3865
Broadland and Fakenham,0.0737,0.5643,0.3619,0.0,0.0,0.0001,0.0,0.0,0.0,Conservative,0.5643
Bromley and Biggin Hill,0.2088,0.5401,0.251,0.0,0.0,0.0001,0.0,0.0,0.0,Conservative,0.5401
Bromsgrove,0.0822,0.5756,0.3404,0.0,0.0018,0.0,0.0,0.0,0.0,Conservative,0.5756
Broxbourne,0.1126,0.5588,0.3285,0.0,0.0,0.0001,0.0,0.0,0.0,Conservative,0.5588
Broxtowe,0.4994,0.0489,0.448,0.0,0.0,0.0037,0.0,0.0,0.0,Labour,0.4994
Buckingham and Bletchley,0.3841,0.5199,0.0958,0.0,0.0,0.0002,0.0,0.0,0.0,Conservative,0.5199
Burnley,0.3344,0.0829,0.5647,0.0,0.0106,0.0074,0.0,0.0,0.0,Reform,0.5647
Burton and Uttoxeter,0.2933,0.2087,0.4979,0.0,0.0,0.0001,0.0,0.0,0.0,Reform,0.4979
Bury North,0.6374,0.1016,0.2609,0.0,0.0,0.0001,0.0,0.0,0.0,Labour,0.6374
Bury South,0.4799,0.4664,0.0512,0.0,0.0,0.0025,0.0,0.0,0.0,Labour,0.4799
Bury St Edmunds and Stowmarket,0.2514,0.1698,0.5707,0.0,0.0,0.0081,0.0,0.0,0.0,Reform,0.5707
Caerfyrddin,0.0031,0.0,0.1613,0.0,0.0,0.0,0.0,0.0,0.8356,Plaid,0.8356
Caerphilly,0.0481,0.0,0.3113,0.0,0.0,0.0,0.0,0.0,0.6406,Plaid,0.6406
"Caithness, Sutherland and Easter Ross",0.0,0.0,0.0569,0.0,0.9156,0.0,0.0,0.0275,0.0,LibDem,0.9156
Calder Valley,0.4569,0.1985,0.3445,0.0,0.0,0.0001,0.0,0.0,0.0,Labour,0.4569
Camborne and Redruth,0.3422,0.038,0.6195,0.0,0.0,0.0003,0.0,0.0,0.0,Reform,0.6195
Cambridge,0.5479,0.0004,0.0005,0.0,0.0234,0.4278,0.0,0.0,0.0,Labour,0.5479
Cannock Chase,0.188,0.0778,0.7342,0.0,0.0,0.0,0.0,0.0,0.0,Reform,0.7342
Canterbury,0.6641,0.2135,0.0903,0.0,0.0,0.0321,0.0,0.0,0.0,Labour,0.6641
Cardiff East,0.3515,0.0,0.0729,0.0,0.0262,0.1485,0.0,0.0,0.4009,Plaid,0.4009
Cardiff North,0.3866,0.0082,0.1304,0.0,0.0,0.0009,0.0,0.0,0.4739,Plaid,0.4739
Cardiff South and Penarth,0.1492,0.0,0.0085,0.0,0.0,0.6444,0.0,0.0,0.1979,Green,0.6444
Cardiff West,0.1451,0.0,0.1196,0.0,0.0,0.0,0.0,0.0,0.7353,Plaid,0.7353
Carlisle,0.2687,0.0163,0.715,0.0,0.0,0.0,0.0,0.0,0.0,Reform,0.715
Carshalton and Wallington,0.0001,0.2734,0.0083,0.0,0.718,0.0002,0.0,0.0,0.0,LibDem,0.718
Castle Point,0.013,0.2425,0.7445,0.0,0.0,0.0,0.0,0.0,0.0,Reform,0.7445
Central Ayrshire,0.226,0.0,0.0638,0.0,0.0,0.0001,0.0,0.7101,0.0,SNP,0.7101
Central Devon,0.1043,0.6446,0.2489,0.0,0.002,0.0002,0.0,0.0,0.0,Conservative,0.6446
Central Suffolk and North Ipswich,0.0397,0.507,0.4379,0.0,0.0,0.0154,0.0,0.0,0.0,Conservative,0.507
Ceredigion Preseli,0.0001,0.0,0.0297,0.0,0.002,0.0,0.0,0.0,0.9682,Plaid,0.9682
Chatham and Aylesford,0.2358,0.2127,0.5514,0.0,0.0,0.0001,0.0,0.0,0.0,Reform,0.5514
Cheadle,0.0008,0.1494,0.0157,0.0,0.8339,0.0002,0.0,0.0,0.0,LibDem,0.8339
Chelmsford,0.0,0.2004,0.0978,0.0,0.7018,0.0,0.0,0.0,0.0,LibDem,0.7018
Chelsea and Fulham,0.2609,0.7367,0.0,0.0,0.0,0.0024,0.0,0.0,0.0,Conservative,0.7367
Cheltenham,0.0,0.0222,0.0972,0.0,0.8795,0.0011,0.0,0.0,0.0,LibDem,0.8795
Chesham and Amersham,0.0,0.44,0.0046,0.0,0.5553,0.0001,0.0,0.0,0.0,LibDem,0.5553
Chester North and Neston,0.6863,0.0262,0.2811,0.0,0.0,0.0064,0.0,0.0,0.0,Labour,0.6863
Chester South and Eddisbury,0.1076,0.7676,0.1248,0.0,0.0,0.0,0.0,0.0,0.0,Conservative,0.7676
Chesterfield,0.4042,0.0001,0.5955,0.0,0.0,0.0002,0.0,0.0,0.0,Reform,0.5955
Chichester,0.0,0.0569,0.0902,0.0,0.8528,0.0001,0.0,0.0,0.0,LibDem,0.8528
Chingford and Woodford Green,0.1786,0.6452,0.0169,0.0,0.0,0.0001,0.1592,0.0,0.0,Conservative,0.6452
Chippenham,0.0,0.0511,0.1693,0.0,0.7796,0.0,0.0,0.0,0.0,LibDem,0.7796
Chipping Barnet,0.4029,0.5946,0.0005,0.0,0.0,0.002,0.0,0.0,0.0,Conservative,0.5946
Chorley,0.0003,0.0,0.1566,0.0,0.0,0.0336,0.8095,0.0,0.0,Oth,0.8095
Christchurch,0.0031,0.3455,0.6141,0.0,0.0373,0.0,0.0,0.0,0.0,Reform,0.6141
Cities of London and Westminster,0.3057,0.6788,0.0,0.0,0.0,0.0155,0.0,0.0,0.0,Conservative,0.6788
City of Durham,0.5999,0.0049,0.2281,0.0,0.0013,0.1658,0.0,0.0,0.0,Labour,0.5999
Clacton,0.0014,0.0454,0.9532,0.0,0.0,0.0,0.0,0.0,0.0,Reform,0.9532
Clapham and Brixton Hill,0.8681,0.0002,0.0,0.0,0.0025,0.1292,0.0,0.0,0.0,Labour,0.8681
Clwyd East,0.1357,0.0035,0.7114,0.0,0.0,0.0,0.0,0.0,0.1494,Reform,0.7114
Clwyd North,0.1333,0.0,0.7511,0.0,0.0,0.0,0.0,0.0,0.1156,Reform,0.7511
Coatbridge and Bellshill,0.4267,0.0,0.0414,0.0,0.0,0.0003,0.0,0.5316,0.0,SNP,0.5316
Colchester,0.6565,0.1014,0.2396,0.0,0.002,0.0005,0.0,0.0,0.0,Labour,0.6565
Colne Valley,0.4786,0.1672,0.3541,0.0,0.0,0.0001,0.0,0.0,0.0,Labour,0.4786
Congleton,0.3266,0.2951,0.3783,0.0,0.0,0.0,0.0,0.0,0.0,Reform,0.3783
Corby and East Northamptonshire,0.3425,0.0771,0.5802,0.0,0.0,0.0002,0.0,0.0,0.0,Reform,0.5802
Coventry East,0.9088,0.0238,0.0624,0.0,0.0,0.005,0.0,0.0,0.0,Labour,0.9088
Coventry North West,0.8154,0.0528,0.1285,0.0,0.0,0.0033,0.0,0.0,0.0,Labour,0.8154
Coventry South,0.7492,0.2078,0.0059,0.0,0.0,0.0371,0.0,0.0,0.0,Labour,0.7492
Cowdenbeath and Kirkcaldy,0.2865,0.0,0.0364,0.0,0.0,0.0004,0.0,0.6767,0.0,SNP,0.6767
Cramlington and Killingworth,0.5062,0.0225,0.4713,0.0,0.0,0.0,0.0,0.0,0.0,Labour,0.5062
Crawley,0.488,0.3584,0.1534,0.0,0.0,0.0002,0.0,0.0,0.0,Labour,0.488
Crewe and Nantwich,0.4187,0.0107,0.5704,0.0,0.0,0.0002,0.0,0.0,0.0,Reform,0.5704
Croydon East,0.6144,0.3392,0.0151,0.0,0.0,0.0313,0.0,0.0,0.0,Labour,0.6144
Croydon South,0.1691,0.8268,0.0031,0.0,0.0001,0.0009,0.0,0.0,0.0,Conservative,0.8268
Croydon West,0.9016,0.0303,0.0,0.0,0.0004,0.0677,0.0,0.0,0.0,Labour,0.9016
Cumbernauld and Kirkintilloch,0.2224,0.0,0.0173,0.0,0.0,0.001,0.0,0.7593,0.0,SNP,0.7593
Dagenham and Rainham,0.5999,0.0184,0.3552,0.0,0.0,0.0265,0.0,0.0,0.0,Labour,0.5999
Darlington,0.2817,0.0278,0.6904,0.0,0.0,0.0001,0.0,0.0,0.0,Reform,0.6904
Dartford,0.2746,0.3767,0.3467,0.0,0.0,0.002,0.0,0.0,0.0,Conservative,0.3767
Daventry,0.0721,0.7085,0.2191,0.0,0.0003,0.0,0.0,0.0,0.0,Conservative,0.7085
Derby North,0.6832,0.0899,0.2247,0.0,0.0,0.0022,0.0,0.0,0.0,Labour,0.6832
Derby South,0.6965,0.0103,0.2866,0.0,0.0,0.0005,0.0061,0.0,0.0,Labour,0.6965
Derbyshire Dales,0.1368,0.5831,0.28,0.0,0.0001,0.0,0.0,0.0,0.0,Conservative,0.5831
Dewsbury and Batley,0.0538,0.0007,0.0233,0.0,0.0,0.0035,0.9187,0.0,0.0,Oth,0.9187
Didcot and Wantage,0.0001,0.1928,0.1071,0.0,0.7,0.0,0.0,0.0,0.0,LibDem,0.7
Doncaster Central,0.5243,0.0044,0.4711,0.0,0.0,0.0002,0.0,0.0,0.0,Labour,0.5243
Doncaster East and the Isle of Axholme,0.1919,0.1517,0.6564,0.0,0.0,0.0,0.0,0.0,0.0,Reform,0.6564
Doncaster North,0.3449,0.0003,0.6545,0.0,0.0,0.0003,0.0,0.0,0.0,Reform,0.6545
Dorking and Horley,0.0,0.3155,0.0384,0.0,0.6461,0.0,0.0,0.0,0.0,LibDem,0.6461
Dover and Deal,0.4056,0.0359,0.5583,0.0,0.0,0.0002,0.0,0.0,0.0,Reform,0.5583
Droitwich and Evesham,0.0154,0.4902,0.494,0.0,0.0002,0.0002,0.0,0.0,0.0,Reform,0.494
Dudley,0.2326,0.1782,0.5892,0.0,0.0,0.0,0.0,0.0,0.0,Reform,0.5892
Dulwich and West Norwood,0.7998,0.0004,0.0,0.0,0.0001,0.1997,0.0,0.0,0.0,Labour,0.7998
Dumfries and Galloway,0.015,0.0787,0.1712,0.0,0.0,0.0,0.0,0.7351,0.0,SNP,0.7351
"Dumfriesshire, Clydesdale and Tweeddale",0.0065,0.3105,0.1425,0.0,0.0,0.0,0.0,0.5405,0.0,SNP,0.5405
Dundee Central,0.1315,0.0,0.0073,0.0,0.0,0.001,0.0,0.8602,0.0,SNP,0.8602
Dunfermline and Dollar,0.3705,0.0,0.0227,0.0,0.0,0.0022,0.0,0.6046,0.0,SNP,0.6046
Dunstable and Leighton Buzzard,0.227,0.35,0.4216,0.0,0.0014,0.0,0.0,0.0,0.0,Reform,0.4216
Dwyfor Meirionnydd,0.0001,0.0,0.0286,0.0,0.0,0.0,0.0,0.0,0.9713,Plaid,0.9713
Ealing Central and Acton,0.8659,0.0535,0.0,0.0,0.0015,0.0791,0.0,0.0,0.0,Labour,0.8659
Ealing North,0.9093,0.065,0.0002,0.0,0.0,0.0254,0.0001,0.0,0.0,Labour,0.9093
Ealing Southall,0.8753,0.0223,0.0,0.0,0.0,0.0981,0.0043,0.0,0.0,Labour,0.8753
Earley and Woodley,0.5341,0.4286,0.0185,0.0,0.0005,0.0183,0.0,0.0,0.0,Labour,0.5341
Easington,0.3402,0.0032,0.6566,0.0,0.0,0.0,0.0,0.0,0.0,Reform,0.6566
East Grinstead and Uckfield,0.0585,0.4425,0.4081,0.0,0.0707,0.0202,0.0,0.0,0.0,Conservative,0.4425
East Ham,0.9483,0.0004,0.0,0.0,0.0,0.0315,0.0198,0.0,0.0,Labour,0.9483
East Hampshire,0.0,0.4175,0.1633,0.0,0.4192,0.0,0.0,0.0,0.0,LibDem,0.4192
East Kilbride and Strathaven,0.3424,0.0,0.0162,0.0,0.0,0.0006,0.0,0.6408,0.0,SNP,0.6408
East Renfrewshire,0.2502,0.0067,0.0005,0.0,0.0,0.0006,0.0,0.742,0.0,SNP,0.742
East Surrey,0.0163,0.7737,0.193,0.0,0.0167,0.0003,0.0,0.0,0.0,Conservative,0.7737
East Thanet,0.397,0.0054,0.5915,0.0,0.0,0.0061,0.0,0.0,0.0,Reform,0.5915
East Wiltshire,0.0629,0.7249,0.203,0.0,0.0092,0.0,0.0,0.0,0.0,Conservative,0.7249
East Worthing and Shoreham,0.5487,0.0251,0.4257,0.0,0.0,0.0005,0.0,0.0,0.0,Labour,0.5487
Eastbourne,0.0,0.0068,0.1348,0.0,0.8584,0.0,0.0,0.0,0.0,LibDem,0.8584
Eastleigh,0.0009,0.1037,0.38,0.0,0.5154,0.0,0.0,0.0,0.0,LibDem,0.5154
Edinburgh East and Musselburgh,0.2261,0.0,0.0003,0.0,0.0,0.1304,0.0,0.6432,0.0,SNP,0.6432
Edinburgh North and Leith,0.3374,0.0,0.0,0.0,0.0001,0.0764,0.0,0.5861,0.0,SNP,0.5861
Edinburgh South,0.7497,0.0002,0.0001,0.0,0.0,0.0568,0.0,0.1932,0.0,Labour,0.7497
Edinburgh South West,0.3594,0.0001,0.0006,0.0,0.0,0.0911,0.0,0.5488,0.0,SNP,0.5488
Edinburgh West,0.0005,0.0,0.0069,0.0,0.9693,0.0,0.0,0.0233,0.0,LibDem,0.9693
Edmonton and Winchmore Hill,0.9101,0.0557,0.0,0.0,0.0,0.0342,0.0,0.0,0.0,Labour,0.9101
Ellesmere Port and Bromborough,0.5511,0.0,0.4484,0.0,0.0,0.0005,0.0,0.0,0.0,Labour,0.5511
Eltham and Chislehurst,0.6709,0.2136,0.113,0.0,0.0,0.0025,0.0,0.0,0.0,Labour,0.6709
Ely and East Cambridgeshire,0.0028,0.4134,0.1917,0.0,0.392,0.0001,0.0,0.0,0.0,Conservative,0.4134
Enfield North,0.909,0.0658,0.0017,0.0,0.0,0.0235,0.0,0.0,0.0,Labour,0.909
Epping Forest,0.222,0.5722,0.2045,0.0,0.0008,0.0005,0.0,0.0,0.0,Conservative,0.5722
Epsom and Ewell,0.0006,0.4077,0.0208,0.0,0.5709,0.0,0.0,0.0,0.0,LibDem,0.5709
Erewash,0.2727,0.0105,0.7168,0.0,0.0,0.0,0.0,0.0,0.0,Reform,0.7168
Erith and Thamesmead,0.9374,0.0048,0.0131,0.0,0.0,0.0447,0.0,0.0,0.0,Labour,0.9374
Esher and Walton,0.0,0.2117,0.0027,0.0,0.7856,0.0,0.0,0.0,0.0,LibDem,0.7856
Exeter,0.6118,0.001,0.1353,0.0,0.0001,0.2518,0.0,0.0,0.0,Labour,0.6118
Exmouth and Exeter East,0.1641,0.1335,0.6273,0.0,0.075,0.0001,0.0,0.0,0.0,Reform,0.6273
Falkirk,0.1891,0.0,0.0409,0.0,0.0,0.0007,0.0,0.7693,0.0,SNP,0.7693
Fareham and Waterlooville,0.0289,0.32,0.6335,0.0,0.0176,0.0,0.0,0.0,0.0,Reform,0.6335
Farnham and Bordon,0.0001,0.4904,0.1204,0.0,0.3891,0.0,0.0,0.0,0.0,Conservative,0.4904
Faversham and Mid Kent,0.1042,0.4337,0.4611,0.0,0.0,0.001,0.0,0.0,0.0,Reform,0.4611
Feltham and Heston,0.8194,0.1534,0.0123,0.0,0.0,0.0133,0.0016,0.0,0.0,Labour,0.8194
Filton and Bradley Stoke,0.7066,0.14,0.1432,0.0,0.0,0.0102,0.0,0.0,0.0,Labour,0.7066
Finchley and Golders Green,0.2246,0.7744,0.0,0.0,0.0,0.001,0.0,0.0,0.0,Conservative,0.7744
Folkestone and Hythe,0.2732,0.1704,0.5545,0.0,0.0,0.0019,0.0,0.0,0.0,Reform,0.5545
Forest of Dean,0.1451,0.3392,0.5149,0.0,0.0,0.0008,0.0,0.0,0.0,Reform,0.5149
Frome and East Somerset,0.0002,0.023,0.441,0.0,0.523,0.0128,0.0,0.0,0.0,LibDem,0.523
Fylde,0.2259,0.3511,0.423,0.0,0.0,0.0,0.0,0.0,0.0,Reform,0.423
Gainsborough,0.0603,0.5187,0.421,0.0,0.0,0.0,0.0,0.0,0.0,Conservative,0.5187
Gateshead Central and Whickham,0.5833,0.0005,0.4102,0.0,0.0002,0.0058,0.0,0.0,0.0,Labour,0.5833
Gedling,0.6188,0.023,0.3576,0.0,0.0,0.0006,0.0,0.0,0.0,Labour,0.6188
Gillingham and Rainham,0.4031,0.1717,0.425,0.0,0.0,0.0002,0.0,0.0,0.0,Reform,0.425
Glasgow East,0.3219,0.0,0.0034,0.0,0.0,0.0399,0.0,0.6348,0.0,SNP,0.6348
Glasgow North,0.3959,0.0,0.0059,0.0,0.0,0.1008,0.0,0.4974,0.0,SNP,0.4974
Glasgow North East,0.3419,0.0,0.0437,0.0,0.0,0.0032,0.0,0.6112,0.0,SNP,0.6112
Glasgow South,0.2128,0.0,0.0009,0.0,0.0,0.089,0.0,0.6973,0.0,SNP,0.6973
Glasgow South West,0.2678,0.0,0.0075,0.0,0.0,0.0117,0.0,0.713,0.0,SNP,0.713
Glasgow West,0.371,0.0,0.0006,0.0,0.0,0.0597,0.0,0.5687,0.0,SNP,0.5687
Glastonbury and Somerton,0.0,0.2064,0.1207,0.0,0.6727,0.0002,0.0,0.0,0.0,LibDem,0.6727
Glenrothes and Mid Fife,0.2003,0.0,0.0895,0.0,0.0,0.0,0.0,0.7102,0.0,SNP,0.7102
Gloucester,0.3628,0.0624,0.5747,0.0,0.0,0.0001,0.0,0.0,0.0,Reform,0.5747
Godalming and Ash,0.0,0.4497,0.0525,0.0,0.4978,0.0,0.0,0.0,0.0,LibDem,0.4978
Goole and Pocklington,0.0896,0.4643,0.446,0.0,0.0,0.0001,0.0,0.0,0.0,Conservative,0.4643
Gordon and Buchan,0.0,0.3125,0.0539,0.0,0.0241,0.0,0.0,0.6095,0.0,SNP,0.6095
Gorton and Denton,0.9462,0.0001,0.0207,0.0,0.0,0.0326,0.0004,0.0,0.0,Labour,0.9462
Gosport,0.0504,0.1958,0.7538,0.0,0.0,0.0,0.0,0.0,0.0,Reform,0.7538
Gower,0.3195,0.0007,0.4152,0.0,0.0,0.0,0.0,0.0,0.2646,Reform,0.4152
Grantham and Bourne,0.0617,0.3214,0.6169,0.0,0.0,0.0,0.0,0.0,0.0,Reform,0.6169
Gravesham,0.3862,0.4056,0.2081,0.0,0.0,0.0001,0.0,0.0,0.0,Conservative,0.4056
Great Grimsby and Cleethorpes,0.2435,0.001,0.7555,0.0,0.0,0.0,0.0,0.0,0.0,Reform,0.7555
Great Yarmouth,0.1044,0.0679,0.8277,0.0,0.0,0.0,0.0,0.0,0.0,Reform,0.8277
Greenwich and Woolwich,0.8943,0.0045,0.0002,0.0,0.0002,0.1008,0.0,0.0,0.0,Labour,0.8943
Guildford,0.0,0.3207,0.0014,0.0,0.6778,0.0001,0.0,0.0,0.0,LibDem,0.6778
Hackney North and Stoke Newington,0.642,0.0218,0.0,0.0,0.0,0.3362,0.0,0.0,0.0,Labour,0.642
Hackney South and Shoreditch,0.6673,0.0001,0.0,0.0,0.0001,0.3325,0.0,0.0,0.0,Labour,0.6673
Halesowen,0.3983,0.1778,0.4238,0.0,0.0,0.0001,0.0,0.0,0.0,Reform,0.4238
Halifax,0.5042,0.0393,0.4472,0.0,0.0,0.009,0.0003,0.0,0.0,Labour,0.5042
Hamble Valley,0.0013,0.4538,0.3494,0.0,0.1955,0.0,0.0,0.0,0.0,Conservative,0.4538
Hamilton and Clyde Valley,0.411,0.0,0.0406,0.0,0.0,0.0,0.0,0.5484,0.0,SNP,0.5484
Hammersmith and Chiswick,0.8829,0.0616,0.0,0.0,0.0002,0.0553,0.0,0.0,0.0,Labour,0.8829
Hampstead and Highgate,0.4949,0.4437,0.0,0.0,0.0001,0.0613,0.0,0.0,0.0,Labour,0.4949
"Harborough, Oadby and Wigston",0.2115,0.6948,0.0914,0.0,0.0,0.0023,0.0,0.0,0.0,Conservative,0.6948
Harlow,0.3021,0.3613,0.3366,0.0,0.0,0.0,0.0,0.0,0.0,Conservative,0.3613
Harpenden and Berkhamsted,0.0,0.2283,0.0038,0.0,0.7679,0.0,0.0,0.0,0.0,LibDem,0.7679
Harrogate and Knaresborough,0.0,0.0519,0.1448,0.0,0.8033,0.0,0.0,0.0,0.0,LibDem,0.8033
Harrow East,0.0509,0.9491,0.0,0.0,0.0,0.0,0.0,0.0,0.0,Conservative,0.9491
Harrow West,0.3841,0.6133,0.0,0.0,0.0,0.0026,0.0,0.0,0.0,Conservative,0.6133
Hartlepool,0.3383,0.0017,0.66,0.0,0.0,0.0,0.0,0.0,0.0,Reform,0.66
Harwich and North Essex,0.1307,0.5619,0.3071,0.0,0.0,0.0003,0.0,0.0,0.0,Conservative,0.5619
Hastings and Rye,0.508,0.0062,0.467,0.0,0.0,0.0188,0.0,0.0,0.0,Labour,0.508
Havant,0.1234,0.1186,0.7578,0.0,0.0001,0.0001,0.0,0.0,0.0,Reform,0.7578
Hayes and Harlington,0.9234,0.0671,0.0004,0.0,0.0,0.0091,0.0,0.0,0.0,Labour,0.9234
Hazel Grove,0.0289,0.0152,0.35,0.0,0.6058,0.0001,0.0,0.0,0.0,LibDem,0.6058
Hemel Hempstead,0.4784,0.1686,0.3528,0.0,0.0002,0.0,0.0,0.0,0.0,Labour,0.4784
Hendon,0.3078,0.6901,0.0,0.0,0.0,0.0021,0.0,0.0,0.0,Conservative,0.6901
Henley and Thame,0.0,0.3628,0.0112,0.0,0.626,0.0,0.0,0.0,0.0,LibDem,0.626
Hereford and South Herefordshire,0.1356,0.1155,0.748,0.0,0.0005,0.0004,0.0,0.0,0.0,Reform,0.748
Herne Bay and Sandwich,0.0977,0.2847,0.6175,0.0,0.0,0.0001,0.0,0.0,0.0,Reform,0.6175
Hertford and Stortford,0.4474,0.3579,0.1938,0.0,0.0,0.0009,0.0,0.0,0.0,Labour,0.4474
Hertsmere,0.0255,0.9669,0.007,0.0,0.0,0.0006,0.0,0.0,0.0,Conservative,0.9669
Hexham,0.4336,0.2363,0.3301,0.0,0.0,0.0,0.0,0.0,0.0,Labour,0.4336
Heywood and Middleton North,0.5355,0.0377,0.4264,0.0,0.0,0.0,0.0004,0.0,0.0,Labour,0.5355
High Peak,0.4177,0.0914,0.4908,0.0,0.0,0.0001,0.0,0.0,0.0,Reform,0.4908
Hinckley and Bosworth,0.0023,0.302,0.6106,0.0,0.0851,0.0,0.0,0.0,0.0,Reform,0.6106
Hitchin,0.5397,0.347,0.1127,0.0,0.0001,0.0005,0.0,0.0,0.0,Labour,0.5397
Holborn and St Pancras,0.6026,0.0,0.0,0.0,0.0,0.3438,0.0536,0.0,0.0,Labour,0.6026
Honiton and Sidmouth,0.0,0.1283,0.1374,0.0,0.7343,0.0,0.0,0.0,0.0,LibDem,0.7343
Hornchurch and Upminster,0.0508,0.2508,0.6981,0.0,0.0,0.0003,0.0,0.0,0.0,Reform,0.6981
Hornsey and Friern Barnet,0.8605,0.0352,0.0,0.0,0.0025,0.1018,0.0,0.0,0.0,Labour,0.8605
Horsham,0.0,0.3103,0.089,0.0,0.6007,0.0,0.0,0.0,0.0,LibDem,0.6007
Houghton and Sunderland South,0.3661,0.001,0.6326,0.0,0.0,0.0003,0.0,0.0,0.0,Reform,0.6326
Hove and Portslade,0.8749,0.0006,0.0439,0.0,0.0,0.0806,0.0,0.0,0.0,Labour,0.8749
Huddersfield,0.4532,0.0065,0.0386,0.0,0.0,0.5017,0.0,0.0,0.0,Green,0.5017
Huntingdon,0.1928,0.5265,0.2807,0.0,0.0,0.0,0.0,0.0,0.0,Conservative,0.5265
Hyndburn,0.2644,0.185,0.5345,0.0,0.0,0.0161,0.0,0.0,0.0,Reform,0.5345
Ilford North,0.1733,0.2987,0.0,0.0,0.0,0.0008,0.5272,0.0,0.0,Oth,0.5272
Ilford South,0.7738,0.009,0.0,0.0,0.0,0.008,0.2092,0.0,0.0,Labour,0.7738
Inverclyde and Renfrewshire West,0.2878,0.0,0.0288,0.0,0.0,0.0001,0.0,0.6833,0.0,SNP,0.6833
"Inverness, Skye and West Ross-shire",0.0,0.0,0.035,0.0,0.7033,0.0,0.0,0.2617,0.0,LibDem,0.7033
Ipswich,0.5519,0.0268,0.419,0.0,0.0,0.0023,0.0,0.0,0.0,Labour,0.5519
Isle of Wight East,0.005,0.1428,0.7058,0.0,0.0,0.1464,0.0,0.0,0.0,Reform,0.7058
Isle of Wight West,0.3342,0.05,0.6158,0.0,0.0,0.0,0.0,0.0,0.0,Reform,0.6158
Islington North,0.42,0.0,0.0,0.0,0.0,0.0166,0.5634,0.0,0.0,Oth,0.5634
Islington South and Finsbury,0.8061,0.0006,0.0,0.0,0.0003,0.193,0.0,0.0,0.0,Labour,0.8061
Jarrow and Gateshead East,0.4387,0.0,0.5607,0.0,0.0,0.0006,0.0,0.0,0.0,Reform,0.5607
Keighley and Ilkley,0.364,0.3564,0.2795,0.0,0.0,0.0001,0.0,0.0,0.0,Labour,0.364
Kenilworth and Southam,0.0329,0.8914,0.0605,0.0,0.0151,0.0001,0.0,0.0,0.0,Conservative,0.8914
Kensington and Bayswater,0.379,0.6122,0.0,0.0,0.0,0.0088,0.0,0.0,0.0,Conservative,0.6122
Kettering,0.3364,0.0577,0.5724,0.0,0.0,0.0335,0.0,0.0,0.0,Reform,0.5724
Kilmarnock and Loudoun,0.1967,0.0,0.0443,0.0,0.0,0.0001,0.0,0.7589,0.0,SNP,0.7589
Kingston and Surbiton,0.0,0.0898,0.0002,0.0,0.9046,0.0054,0.0,0.0,0.0,LibDem,0.9046
Kingston upon Hull East,0.2757,0.0,0.724,0.0,0.0,0.0003,0.0,0.0,0.0,Reform,0.724
Kingston upon Hull North and Cottingham,0.5957,0.0001,0.4019,0.0,0.0001,0.0022,0.0,0.0,0.0,Labour,0.5957
Kingston upon Hull West and Haltemprice,0.5132,0.0004,0.4864,0.0,0.0,0.0,0.0,0.0,0.0,Labour,0.5132
Kingswinford and South Staffordshire,0.0339,0.5094,0.4567,0.0,0.0,0.0,0.0,0.0,0.0,Conservative,0.5094
Knowsley,0.653,0.0,0.3465,0.0,0.0,0.0005,0.0,0.0,0.0,Labour,0.653
Lancaster and Wyre,0.5419,0.1399,0.2036,0.0,0.0,0.1146,0.0,0.0,0.0,Labour,0.5419
Leeds Central and Headingley,0.2368,0.0,0.0001,0.0,0.0,0.7631,0.0,0.0,0.0,Green,0.7631
Leeds East,0.8046,0.0065,0.1798,0.0,0.0,0.0091,0.0,0.0,0.0,Labour,0.8046
Leeds North East,0.8531,0.09,0.0024,0.0,0.0,0.0545,0.0,0.0,0.0,Labour,0.8531
Leeds North West,0.647,0.1559,0.1961,0.0,0.0002,0.0008,0.0,0.0,0.0,Labour,0.647
Leeds South,0.8171,0.0,0.0517,0.0,0.0,0.1312,0.0,0.0,0.0,Labour,0.8171
Leeds South West and Morley,0.4783,0.0447,0.4765,0.0,0.0,0.0005,0.0,0.0,0.0,Labour,0.4783
Leeds West and Pudsey,0.7079,0.0027,0.2835,0.0,0.0,0.0059,0.0,0.0,0.0,Labour,0.7079
Leicester East,0.0063,0.89,0.0,0.0,0.0,0.0119,0.0918,0.0,0.0,Conservative,0.89
Leicester South,0.1067,0.0,0.0,0.0,0.0,0.1527,0.7406,0.0,0.0,Oth,0.7406
Leicester West,0.8303,0.069,0.0603,0.0,0.0,0.0404,0.0,0.0,0.0,Labour,0.8303
Leigh and Atherton,0.4919,0.0046,0.503,0.0,0.0,0.0005,0.0,0.0,0.0,Reform,0.503
Lewes,0.0,0.0299,0.0997,0.0,0.8703,0.0001,0.0,0.0,0.0,LibDem,0.8703
Lewisham East,0.8905,0.0031,0.0,0.0,0.0,0.1064,0.0,0.0,0.0,Labour,0.8905
Lewisham North,0.7002,0.0,0.0,0.0,0.0001,0.2997,0.0,0.0,0.0,Labour,0.7002
Lewisham West and East Dulwich,0.7773,0.0005,0.0001,0.0,0.0002,0.2219,0.0,0.0,0.0,Labour,0.7773
Leyton and Wanstead,0.8339,0.0041,0.0,0.0,0.0,0.1572,0.0048,0.0,0.0,Labour,0.8339
Lichfield,0.1896,0.4122,0.3982,0.0,0.0,0.0,0.0,0.0,0.0,Conservative,0.4122
Lincoln,0.5405,0.0314,0.4261,0.0,0.0,0.002,0.0,0.0,0.0,Labour,0.5405
Liverpool Garston,0.7218,0.0004,0.2761,0.0,0.0,0.0017,0.0,0.0,0.0,Labour,0.7218
Liverpool Riverside,0.6694,0.0,0.0052,0.0,0.0,0.3254,0.0,0.0,0.0,Labour,0.6694
Liverpool Walton,0.7356,0.0,0.2629,0.0,0.0,0.0015,0.0,0.0,0.0,Labour,0.7356
Liverpool Wavertree,0.7645,0.0,0.0115,0.0,0.0,0.224,0.0,0.0,0.0,Labour,0.7645
Liverpool West Derby,0.7644,0.0,0.234,0.0,0.0,0.0016,0.0,0.0,0.0,Labour,0.7644
Livingston,0.1588,0.0,0.0315,0.0,0.0,0.0008,0.0,0.8089,0.0,SNP,0.8089
Llanelli,0.0149,0.0,0.3457,0.0,0.0,0.0,0.0,0.0,0.6394,Plaid,0.6394
Lothian East,0.5469,0.0001,0.0232,0.0,0.0,0.0027,0.0,0.4271,0.0,Labour,0.5469
Loughborough,0.4325,0.4592,0.0957,0.0,0.0,0.0126,0.0,0.0,0.0,Conservative,0.4592
Louth and Horncastle,0.0126,0.4023,0.5851,0.0,0.0,0.0,0.0,0.0,0.0,Reform,0.5851
Lowestoft,0.1458,0.018,0.8361,0.0,0.0,0.0001,0.0,0.0,0.0,Reform,0.8361
Luton North,0.8039,0.0826,0.0062,0.0,0.0,0.0001,0.1072,0.0,0.0,Labour,0.8039
Luton South and South Bedfordshire,0.762,0.083,0.0045,0.0,0.0,0.0021,0.1484,0.0,0.0,Labour,0.762
Macclesfield,0.5647,0.1454,0.2899,0.0,0.0,0.0,0.0,0.0,0.0,Labour,0.5647
Maidenhead,0.0,0.2881,0.0128,0.0,0.6991,0.0,0.0,0.0,0.0,LibDem,0.6991
Maidstone and Malling,0.1272,0.3851,0.4833,0.0,0.0033,0.0011,0.0,0.0,0.0,Reform,0.4833
Makerfield,0.3692,0.0008,0.6298,0.0,0.0,0.0002,0.0,0.0,0.0,Reform,0.6298
Maldon,0.0034,0.6139,0.3823,0.0,0.0004,0.0,0.0,0.0,0.0,Conservative,0.6139
Manchester Central,0.7632,0.0,0.0012,0.0,0.0,0.2356,0.0,0.0,0.0,Labour,0.7632
Manchester Rusholme,0.5573,0.0,0.0,0.0,0.0,0.4417,0.001,0.0,0.0,Labour,0.5573
Manchester Withington,0.7865,0.0002,0.0001,0.0,0.0013,0.2119,0.0,0.0,0.0,Labour,0.7865
Mansfield,0.2315,0.0222,0.7463,0.0,0.0,0.0,0.0,0.0,0.0,Reform,0.7463
Melksham and Devizes,0.0,0.1994,0.2349,0.0,0.5657,0.0,0.0,0.0,0.0,LibDem,0.5657
Melton and Syston,0.045,0.5942,0.3606,0.0,0.0,0.0002,0.0,0.0,0.0,Conservative,0.5942
Meriden and Solihull East,0.0603,0.7525,0.187,0.0,0.0,0.0002,0.0,0.0,0.0,Conservative,0.7525
Merthyr Tydfil and Aberdare,0.185,0.0,0.4473,0.0,0.0,0.0,0.0,0.0,0.3677,Reform,0.4473
Mid Bedfordshire,0.069,0.863,0.068,0.0,0.0,0.0,0.0,0.0,0.0,Conservative,0.863
Mid Buckinghamshire,0.0026,0.8987,0.0151,0.0,0.0836,0.0,0.0,0.0,0.0,Conservative,0.8987
Mid Cheshire,0.4163,0.0097,0.574,0.0,0.0,0.0,0.0,0.0,0.0,Reform,0.574
Mid Derbyshire,0.2553,0.3011,0.4435,0.0,0.0,0.0001,0.0,0.0,0.0,Reform,0.4435
Mid Dorset and North Poole,0.0,0.0268,0.3124,0.0,0.6608,0.0,0.0,0.0,0.0,LibDem,0.6608
Mid Dunbartonshire,0.0012,0.0,0.0036,0.0,0.8849,0.0,0.0,0.1103,0.0,LibDem,0.8849
Mid Leicestershire,0.1386,0.7192,0.1421,0.0,0.0,0.0001,0.0,0.0,0.0,Conservative,0.7192
Mid Norfolk,0.0827,0.3197,0.5976,0.0,0.0,0.0,0.0,0.0,0.0,Reform,0.5976
Mid Sussex,0.003,0.1639,0.1107,0.0,0.7223,0.0001,0.0,0.0,0.0,LibDem,0.7223
Mid and South Pembrokeshire,0.0902,0.0001,0.8153,0.0,0.0,0.0,0.0,0.0,0.0944,Reform,0.8153
Middlesbrough South and East Cleveland,0.241,0.0074,0.7516,0.0,0.0,0.0,0.0,0.0,0.0,Reform,0.7516
Middlesbrough and Thornaby East,0.7033,0.0029,0.2937,0.0,0.0,0.0001,0.0,0.0,0.0,Labour,0.7033
Midlothian,0.335,0.0,0.0169,0.0,0.0,0.0,0.0,0.6481,0.0,SNP,0.6481
Milton Keynes Central,0.5902,0.3952,0.0108,0.0,0.0,0.0038,0.0,0.0,0.0,Labour,0.5902
Milton Keynes North,0.5755,0.3218,0.1015,0.0,0.0,0.0012,0.0,0.0,0.0,Labour,0.5755
Mitcham and Morden,0.9519,0.0164,0.0015,0.0,0.0001,0.0301,0.0,0.0,0.0,Labour,0.9519
Monmouthshire,0.1775,0.0276,0.7338,0.0,0.0,0.0,0.0,0.0,0.0611,Reform,0.7338
Montgomeryshire and Glyndwr,0.0495,0.0,0.6496,0.0,0.0031,0.0,0.0,0.0,0.2978,Reform,0.6496
"Moray West, Nairn and Strathspey",0.0003,0.0815,0.1,0.0,0.0,0.0004,0.0,0.8178,0.0,SNP,0.8178
Morecambe and Lunesdale,0.3143,0.1222,0.5632,0.0,0.0,0.0003,0.0,0.0,0.0,Reform,0.5632
"Motherwell, Wishaw and Carluke",0.3502,0.0,0.0305,0.0,0.0,0.0004,0.0,0.6189,0.0,SNP,0.6189
Na h-Eileanan an Iar,0.3947,0.0,0.1468,0.0,0.0,0.0,0.0,0.4585,0.0,SNP,0.4585
Neath and Swansea East,0.2141,0.0,0.4403,0.0,0.0,0.0,0.0,0.0,0.3456,Reform,0.4403
New Forest East,0.0099,0.3411,0.6436,0.0,0.0051,0.0003,0.0,0.0,0.0,Reform,0.6436
New Forest West,0.0374,0.3949,0.5562,0.0,0.0114,0.0001,0.0,0.0,0.0,Reform,0.5562
Newark,0.1432,0.4184,0.4384,0.0,0.0,0.0,0.0,0.0,0.0,Reform,0.4384
Newbury,0.0,0.2148,0.1619,0.0,0.6233,0.0,0.0,0.0,0.0,LibDem,0.6233
Newcastle upon Tyne Central and West,0.7561,0.0004,0.1429,0.0,0.0,0.0979,0.0027,0.0,0.0,Labour,0.7561
Newcastle upon Tyne East and Wallsend,0.639,0.0,0.2875,0.0,0.0,0.0735,0.0,0.0,0.0,Labour,0.639
Newcastle upon Tyne North,0.8505,0.0058,0.0703,0.0,0.0002,0.0732,0.0,0.0,0.0,Labour,0.8505
Newcastle-under-Lyme,0.3473,0.1387,0.5134,0.0,0.0,0.0006,0.0,0.0,0.0,Reform,0.5134
Newport East,0.2256,0.0001,0.6294,0.0,0.0,0.0,0.0,0.0,0.1449,Reform,0.6294
Newport West and Islwyn,0.1852,0.0,0.5812,0.0,0.0,0.0,0.0,0.0,0.2336,Reform,0.5812
Newton Abbot,0.0009,0.0238,0.64,0.0,0.3353,0.0,0.0,0.0,0.0,Reform,0.64
Newton Aycliffe and Spennymoor,0.3087,0.036,0.6552,0.0,0.0,0.0001,0.0,0.0,0.0,Reform,0.6552
Normanton and Hemsworth,0.3226,0.033,0.6442,0.0,0.0,0.0002,0.0,0.0,0.0,Reform,0.6442
North Ayrshire and Arran,0.1247,0.0001,0.0621,0.0,0.0,0.0,0.0,0.8131,0.0,SNP,0.8131
North Bedfordshire,0.0671,0.8187,0.114,0.0,0.0001,0.0001,0.0,0.0,0.0,Conservative,0.8187
North Cornwall,0.0,0.0392,0.2267,0.0,0.7341,0.0,0.0,0.0,0.0,LibDem,0.7341
North Cotswolds,0.0023,0.5546,0.2291,0.0,0.214,0.0,0.0,0.0,0.0,Conservative,0.5546
North Devon,0.0,0.0355,0.3206,0.0,0.6439,0.0,0.0,0.0,0.0,LibDem,0.6439
North Dorset,0.0,0.3678,0.2898,0.0,0.3424,0.0,0.0,0.0,0.0,Conservative,0.3678
North Durham,0.3276,0.0059,0.6664,0.0,0.0,0.0001,0.0,0.0,0.0,Reform,0.6664
North East Cambridgeshire,0.0081,0.1673,0.8246,0.0,0.0,0.0,0.0,0.0,0.0,Reform,0.8246
North East Derbyshire,0.2168,0.0917,0.6914,0.0,0.0,0.0001,0.0,0.0,0.0,Reform,0.6914
North East Fife,0.0,0.0,0.0165,0.0,0.973,0.0002,0.0,0.0103,0.0,LibDem,0.973
North East Hampshire,0.0,0.5594,0.0271,0.0,0.4135,0.0,0.0,0.0,0.0,Conservative,0.5594
North East Hertfordshire,0.2692,0.5218,0.2087,0.0,0.0,0.0003,0.0,0.0,0.0,Conservative,0.5218
North East Somerset and Hanham,0.3259,0.2673,0.4067,0.0,0.0,0.0001,0.0,0.0,0.0,Reform,0.4067
North Herefordshire,0.0,0.0642,0.039,0.0,0.0,0.8968,0.0,0.0,0.0,Green,0.8968
North Norfolk,0.0,0.1521,0.2992,0.0,0.5487,0.0,0.0,0.0,0.0,LibDem,0.5487
North Northumberland,0.3336,0.0724,0.594,0.0,0.0,0.0,0.0,0.0,0.0,Reform,0.594
North Shropshire,0.0,0.0267,0.1918,0.0,0.7812,0.0003,0.0,0.0,0.0,LibDem,0.7812
North Somerset,0.3071,0.3624,0.3305,0.0,0.0,0.0,0.0,0.0,0.0,Conservative,0.3624
North Warwickshire and Bedworth,0.1856,0.2208,0.5936,0.0,0.0,0.0,0.0,0.0,0.0,Reform,0.5936
North West Cambridgeshire,0.1926,0.5797,0.2269,0.0,0.0,0.0008,0.0,0.0,0.0,Conservative,0.5797
North West Essex,0.122,0.7494,0.1285,0.0,0.0001,0.0,0.0,0.0,0.0,Conservative,0.7494
North West Hampshire,0.1215,0.4426,0.4339,0.0,0.002,0.0,0.0,0.0,0.0,Conservative,0.4426
North West Leicestershire,0.1305,0.3146,0.5548,0.0,0.0,0.0001,0.0,0.0,0.0,Reform,0.5548
North West Norfolk,0.0372,0.1988,0.7624,0.0,0.0016,0.0,0.0,0.0,0.0,Reform,0.7624
Northampton North,0.7095,0.0498,0.2397,0.0,0.0,0.001,0.0,0.0,0.0,Labour,0.7095
Northampton South,0.431,0.3546,0.2143,0.0,0.0,0.0001,0.0,0.0,0.0,Labour,0.431
Norwich North,0.461,0.0025,0.5346,0.0,0.0,0.0019,0.0,0.0,0.0,Reform,0.5346
Norwich South,0.6587,0.0,0.1184,0.0,0.0,0.2229,0.0,0.0,0.0,Labour,0.6587
Nottingham East,0.7239,0.0001,0.0012,0.0,0.0,0.2747,0.0001,0.0,0.0,Labour,0.7239
Nottingham North and Kimberley,0.736,0.01,0.2472,0.0,0.0,0.0068,0.0,0.0,0.0,Labour,0.736
Nottingham South,0.6797,0.0432,0.0141,0.0,0.0,0.263,0.0,0.0,0.0,Labour,0.6797
Nuneaton,0.2911,0.0673,0.6416,0.0,0.0,0.0,0.0,0.0,0.0,Reform,0.6416
Old Bexley and Sidcup,0.0936,0.503,0.4033,0.0,0.0,0.0001,0.0,0.0,0.0,Conservative,0.503
Oldham East and Saddleworth,0.664,0.0494,0.2708,0.0,0.0,0.0,0.0158,0.0,0.0,Labour,0.664
"Oldham West, Chadderton and Royton",0.4149,0.0004,0.096,0.0,0.0,0.0033,0.4854,0.0,0.0,Oth,0.4854
Orkney and Shetland,0.0,0.0,0.093,0.0,0.9058,0.0,0.0,0.0012,0.0,LibDem,0.9058
Orpington,0.0582,0.6026,0.3392,0.0,0.0,0.0,0.0,0.0,0.0,Conservative,0.6026
Ossett and Denby Dale,0.3022,0.2855,0.4122,0.0,0.0,0.0001,0.0,0.0,0.0,Reform,0.4122
Oxford East,0.8256,0.0,0.0165,0.0,0.0002,0.1557,0.002,0.0,0.0,Labour,0.8256
Oxford West and Abingdon,0.0,0.1263,0.0,0.0,0.8482,0.0255,0.0,0.0,0.0,LibDem,0.8482
Paisley and Renfrewshire North,0.3166,0.0,0.013,0.0,0.0,0.0001,0.0,0.6703,0.0,SNP,0.6703
Paisley and Renfrewshire South,0.3137,0.0,0.0202,0.0,0.0,0.0009,0.0,0.6652,0.0,SNP,0.6652
Peckham,0.7727,0.0,0.0,0.0,0.0,0.2273,0.0,0.0,0.0,Labour,0.7727
Pendle and Clitheroe,0.3662,0.2976,0.3362,0.0,0.0,0.0,0.0,0.0,0.0,Labour,0.3662
Penistone and Stocksbridge,0.3776,0.0885,0.5339,0.0,0.0,0.0,0.0,0.0,0.0,Reform,0.5339
Penrith and Solway,0.2094,0.23,0.5606,0.0,0.0,0.0,0.0,0.0,0.0,Reform,0.5606
Perth and Kinross-shire,0.0011,0.0825,0.0192,0.0,0.0,0.0,0.0,0.8972,0.0,SNP,0.8972
Peterborough,0.3763,0.322,0.3002,0.0,0.0,0.0001,0.0014,0.0,0.0,Labour,0.3763
Plymouth Moor View,0.2788,0.0098,0.7114,0.0,0.0,0.0,0.0,0.0,0.0,Reform,0.7114
Plymouth Sutton and Devonport,0.6823,0.0021,0.2919,0.0,0.0,0.0237,0.0,0.0,0.0,Labour,0.6823
"Pontefract, Castleford and Knottingley",0.3099,0.0007,0.6893,0.0,0.0,0.0001,0.0,0.0,0.0,Reform,0.6893
Pontypridd,0.1187,0.0,0.4504,0.0,0.0,0.0,0.0,0.0,0.4309,Reform,0.4504
Poole,0.223,0.1402,0.6364,0.0,0.0003,0.0001,0.0,0.0,0.0,Reform,0.6364
Poplar and Limehouse,0.8972,0.0046,0.0,0.0,0.0001,0.0938,0.0043,0.0,0.0,Labour,0.8972
Portsmouth North,0.2303,0.2072,0.5625,0.0,0.0,0.0,0.0,0.0,0.0,Reform,0.5625
Portsmouth South,0.8981,0.0153,0.0696,0.0,0.0002,0.0168,0.0,0.0,0.0,Labour,0.8981
Preston,0.5025,0.0002,0.2049,0.0,0.0,0.0017,0.2907,0.0,0.0,Labour,0.5025
Putney,0.8453,0.1435,0.0,0.0,0.0013,0.0099,0.0,0.0,0.0,Labour,0.8453
Queen's Park and Maida Vale,0.9067,0.0068,0.0,0.0,0.0001,0.0864,0.0,0.0,0.0,Labour,0.9067
Rawmarsh and Conisbrough,0.3558,0.0001,0.6437,0.0,0.0,0.0004,0.0,0.0,0.0,Reform,0.6437
Rayleigh and Wickford,0.0218,0.3877,0.5905,0.0,0.0,0.0,0.0,0.0,0.0,Reform,0.5905
Reading Central,0.862,0.0379,0.0042,0.0,0.0,0.0959,0.0,0.0,0.0,Labour,0.862
Reading West and Mid Berkshire,0.3108,0.5248,0.1641,0.0,0.0,0.0003,0.0,0.0,0.0,Conservative,0.5248
Redcar,0.2385,0.0164,0.745,0.0,0.0,0.0001,0.0,0.0,0.0,Reform,0.745
Redditch,0.2149,0.2253,0.5597,0.0,0.0,0.0001,0.0,0.0,0.0,Reform,0.5597
Reigate,0.1575,0.684,0.1541,0.0,0.0006,0.0038,0.0,0.0,0.0,Conservative,0.684
Rhondda and Ogmore,0.3129,0.0,0.3636,0.0,0.0,0.0,0.0,0.0,0.3235,Reform,0.3636
Ribble Valley,0.2366,0.5611,0.2023,0.0,0.0,0.0,0.0,0.0,0.0,Conservative,0.5611
Richmond Park,0.0,0.1469,0.0,0.0,0.8524,0.0007,0.0,0.0,0.0,LibDem,0.8524
Richmond and Northallerton,0.0127,0.6824,0.3049,0.0,0.0,0.0,0.0,0.0,0.0,Conservative,0.6824
Rochdale,0.3732,0.0003,0.1072,0.0,0.0,0.0004,0.5189,0.0,0.0,Oth,0.5189
Rochester and Strood,0.2952,0.3392,0.3656,0.0,0.0,0.0,0.0,0.0,0.0,Reform,0.3656
Romford,0.1696,0.3571,0.4732,0.0,0.0,0.0001,0.0,0.0,0.0,Reform,0.4732
Romsey and Southampton North,0.0,0.6643,0.0301,0.0,0.3056,0.0,0.0,0.0,0.0,Conservative,0.6643
Rossendale and Darwen,0.4163,0.0971,0.4866,0.0,0.0,0.0,0.0,0.0,0.0,Reform,0.4866
Rother Valley,0.2464,0.1308,0.6228,0.0,0.0,0.0,0.0,0.0,0.0,Reform,0.6228
Rotherham,0.5055,0.0001,0.4925,0.0,0.0,0.0019,0.0,0.0,0.0,Labour,0.5055
Rugby,0.426,0.238,0.3358,0.0,0.0,0.0002,0.0,0.0,0.0,Labour,0.426
"Ruislip, Northwood and Pinner",0.0735,0.9242,0.0017,0.0,0.0001,0.0005,0.0,0.0,0.0,Conservative,0.9242
Runcorn and Helsby,0.5328,0.0077,0.4593,0.0,0.0,0.0002,0.0,0.0,0.0,Labour,0.5328
Runnymede and Weybridge,0.0159,0.843,0.0749,0.0,0.0662,0.0,0.0,0.0,0.0,Conservative,0.843
Rushcliffe,0.3285,0.6333,0.0376,0.0,0.0,0.0006,0.0,0.0,0.0,Conservative,0.6333
Rutherglen,0.3951,0.0,0.0128,0.0,0.0,0.0,0.0,0.5921,0.0,SNP,0.5921
Rutland and Stamford,0.0159,0.7904,0.1931,0.0,0.0006,0.0,0.0,0.0,0.0,Conservative,0.7904
Salford,0.8237,0.0,0.0302,0.0,0.0,0.1461,0.0,0.0,0.0,Labour,0.8237
Salisbury,0.1,0.3318,0.4672,0.0,0.101,0.0,0.0,0.0,0.0,Reform,0.4672
Scarborough and Whitby,0.3081,0.0251,0.6668,0.0,0.0,0.0,0.0,0.0,0.0,Reform,0.6668
Scunthorpe,0.2442,0.0215,0.7343,0.0,0.0,0.0,0.0,0.0,0.0,Reform,0.7343
Sefton Central,0.7293,0.0095,0.2609,0.0,0.0,0.0003,0.0,0.0,0.0,Labour,0.7293
Selby,0.2934,0.3157,0.3909,0.0,0.0,0.0,0.0,0.0,0.0,Reform,0.3909
Sevenoaks,0.0001,0.7293,0.1615,0.0,0.1091,0.0,0.0,0.0,0.0,Conservative,0.7293
Sheffield Brightside and Hillsborough,0.7426,0.0,0.1993,0.0,0.0,0.0548,0.0033,0.0,0.0,Labour,0.7426
Sheffield Central,0.4798,0.0001,0.0,0.0,0.0,0.5201,0.0,0.0,0.0,Green,0.5201
Sheffield Hallam,0.6407,0.0006,0.0199,0.0,0.2893,0.0495,0.0,0.0,0.0,Labour,0.6407
Sheffield Heeley,0.7026,0.0,0.2574,0.0,0.0001,0.0399,0.0,0.0,0.0,Labour,0.7026
Sheffield South East,0.6818,0.0,0.3154,0.0,0.0,0.0028,0.0,0.0,0.0,Labour,0.6818
Sherwood Forest,0.2397,0.1217,0.6386,0.0,0.0,0.0,0.0,0.0,0.0,Reform,0.6386
Shipley,0.5875,0.1749,0.2372,0.0,0.0,0.0004,0.0,0.0,0.0,Labour,0.5875
Shrewsbury,0.5306,0.0089,0.4605,0.0,0.0,0.0,0.0,0.0,0.0,Labour,0.5306
Sittingbourne and Sheppey,0.1324,0.1086,0.759,0.0,0.0,0.0,0.0,0.0,0.0,Reform,0.759
Skipton and Ripon,0.1657,0.5062,0.3281,0.0,0.0,0.0,0.0,0.0,0.0,Conservative,0.5062
Sleaford and North Hykeham,0.0533,0.532,0.4147,0.0,0.0,0.0,0.0,0.0,0.0,Conservative,0.532
Slough,0.3761,0.0374,0.0,0.0,0.0,0.005,0.5815,0.0,0.0,Oth,0.5815
Smethwick,0.9398,0.0041,0.0249,0.0,0.0,0.0298,0.0014,0.0,0.0,Labour,0.9398
Solihull West and Shirley,0.0571,0.8416,0.091,0.0,0.0094,0.0009,0.0,0.0,0.0,Conservative,0.8416
South Basildon and East Thurrock,0.1221,0.0913,0.7864,0.0,0.0,0.0002,0.0,0.0,0.0,Reform,0.7864
South Cambridgeshire,0.0,0.2476,0.0033,0.0,0.7489,0.0002,0.0,0.0,0.0,LibDem,0.7489
South Cotswolds,0.0,0.3381,0.0337,0.0,0.6282,0.0,0.0,0.0,0.0,LibDem,0.6282
South Derbyshire,0.2752,0.2273,0.4975,0.0,0.0,0.0,0.0,0.0,0.0,Reform,0.4975
South Devon,0.0,0.12,0.1256,0.0,0.7544,0.0,0.0,0.0,0.0,LibDem,0.7544
South Dorset,0.1884,0.0959,0.7124,0.0,0.0031,0.0002,0.0,0.0,0.0,Reform,0.7124
South East Cornwall,0.1691,0.2576,0.5695,0.0,0.0038,0.0,0.0,0.0,0.0,Reform,0.5695
South Holland and The Deepings,0.0101,0.3206,0.6693,0.0,0.0,0.0,0.0,0.0,0.0,Reform,0.6693
South Leicestershire,0.0291,0.6934,0.2768,0.0,0.0007,0.0,0.0,0.0,0.0,Conservative,0.6934
South Norfolk,0.3203,0.3435,0.3345,0.0,0.0001,0.0016,0.0,0.0,0.0,Conservative,0.3435
South Northamptonshire,0.073,0.7622,0.1647,0.0,0.0,0.0001,0.0,0.0,0.0,Conservative,0.7622
South Ribble,0.4036,0.1332,0.4632,0.0,0.0,0.0,0.0,0.0,0.0,Reform,0.4632
South Shields,0.4112,0.0,0.5634,0.0,0.0,0.0254,0.0,0.0,0.0,Reform,0.5634
South Shropshire,0.0,0.4323,0.3049,0.0,0.2628,0.0,0.0,0.0,0.0,Conservative,0.4323
South Suffolk,0.0603,0.5382,0.4009,0.0,0.0001,0.0005,0.0,0.0,0.0,Conservative,0.5382
South West Devon,0.1221,0.3358,0.5421,0.0,0.0,0.0,0.0,0.0,0.0,Reform,0.5421
South West Hertfordshire,0.0098,0.8495,0.0441,0.0,0.0965,0.0001,0.0,0.0,0.0,Conservative,0.8495
South West Norfolk,0.164,0.0778,0.7573,0.0,0.0,0.0,0.0009,0.0,0.0,Reform,0.7573
South West Wiltshire,0.0813,0.1385,0.7759,0.0,0.0043,0.0,0.0,0.0,0.0,Reform,0.7759
Southampton Itchen,0.5702,0.1398,0.289,0.0,0.0,0.001,0.0,0.0,0.0,Labour,0.5702
Southampton Test,0.8016,0.0445,0.1313,0.0,0.0,0.0226,0.0,0.0,0.0,Labour,0.8016
Southend East and Rochford,0.4411,0.102,0.4562,0.0,0.0,0.0007,0.0,0.0,0.0,Reform,0.4562
Southend West and Leigh,0.3386,0.1952,0.4656,0.0,0.0,0.0006,0.0,0.0,0.0,Reform,0.4656
Southgate and Wood Green,0.9057,0.0361,0.0002,0.0,0.0,0.058,0.0,0.0,0.0,Labour,0.9057
Southport,0.3887,0.0308,0.5796,0.0,0.0009,0.0,0.0,0.0,0.0,Reform,0.5796
Spelthorne,0.116,0.6072,0.2461,0.0,0.0305,0.0002,0.0,0.0,0.0,Conservative,0.6072
Spen Valley,0.4473,0.0875,0.4652,0.0,0.0,0.0,0.0,0.0,0.0,Reform,0.4652
St Albans,0.0,0.0739,0.0006,0.0,0.9237,0.0018,0.0,0.0,0.0,LibDem,0.9237
St Austell and Newquay,0.2062,0.0637,0.7301,0.0,0.0,0.0,0.0,0.0,0.0,Reform,0.7301
St Helens North,0.4867,0.0005,0.5117,0.0,0.0,0.0011,0.0,0.0,0.0,Reform,0.5117
St Helens South and Whiston,0.5274,0.0,0.4717,0.0,0.0,0.0009,0.0,0.0,0.0,Labour,0.5274
St Ives,0.0,0.0123,0.1531,0.0,0.834,0.0006,0.0,0.0,0.0,LibDem,0.834
St Neots and Mid Cambridgeshire,0.0006,0.2296,0.1074,0.0,0.6624,0.0,0.0,0.0,0.0,LibDem,0.6624
Stafford,0.4148,0.1728,0.4124,0.0,0.0,0.0,0.0,0.0,0.0,Labour,0.4148
Staffordshire Moorlands,0.105,0.2583,0.6367,0.0,0.0,0.0,0.0,0.0,0.0,Reform,0.6367
Stalybridge and Hyde,0.4895,0.0065,0.5036,0.0,0.0,0.0004,0.0,0.0,0.0,Reform,0.5036
Stevenage,0.5451,0.1561,0.2988,0.0,0.0,0.0,0.0,0.0,0.0,Labour,0.5451
Stirling and Strathallan,0.1008,0.0032,0.0172,0.0,0.0,0.0069,0.0,0.8719,0.0,SNP,0.8719
Stockport,0.7376,0.0003,0.2496,0.0,0.0,0.0125,0.0,0.0,0.0,Labour,0.7376
Stockton North,0.4744,0.0056,0.5198,0.0,0.0,0.0002,0.0,0.0,0.0,Reform,0.5198
Stockton West,0.2219,0.4873,0.2908,0.0,0.0,0.0,0.0,0.0,0.0,Conservative,0.4873
Stoke-on-Trent Central,0.5027,0.0039,0.4933,0.0,0.0,0.0001,0.0,0.0,0.0,Labour,0.5027
Stoke-on-Trent North,0.3611,0.02,0.6189,0.0,0.0,0.0,0.0,0.0,0.0,Reform,0.6189
Stoke-on-Trent South,0.2067,0.1725,0.6208,0.0,0.0,0.0,0.0,0.0,0.0,Reform,0.6208
"Stone, Great Wyrley and Penkridge",0.2008,0.1439,0.6553,0.0,0.0,0.0,0.0,0.0,0.0,Reform,0.6553
Stourbridge,0.3419,0.157,0.5011,0.0,0.0,0.0,0.0,0.0,0.0,Reform,0.5011
Stratford and Bow,0.7677,0.0,0.0,0.0,0.0,0.1784,0.0539,0.0,0.0,Labour,0.7677
Stratford-on-Avon,0.0,0.304,0.0443,0.0,0.6517,0.0,0.0,0.0,0.0,LibDem,0.6517
Streatham and Croydon North,0.7856,0.0045,0.0,0.0,0.0017,0.2082,0.0,0.0,0.0,Labour,0.7856
Stretford and Urmston,0.8554,0.0196,0.1114,0.0,0.0,0.0135,0.0001,0.0,0.0,Labour,0.8554
Stroud,0.5129,0.0567,0.4274,0.0,0.0,0.003,0.0,0.0,0.0,Labour,0.5129
Suffolk Coastal,0.2152,0.2142,0.5683,0.0,0.0007,0.0016,0.0,0.0,0.0,Reform,0.5683
Sunderland Central,0.4846,0.0095,0.5045,0.0,0.0002,0.0012,0.0,0.0,0.0,Reform,0.5045
Surrey Heath,0.0,0.3094,0.0188,0.0,0.6718,0.0,0.0,0.0,0.0,LibDem,0.6718
Sussex Weald,0.0028,0.5698,0.3872,0.0,0.0397,0.0005,0.0,0.0,0.0,Conservative,0.5698
Sutton Coldfield,0.1609,0.6852,0.1538,0.0,0.0,0.0001,0.0,0.0,0.0,Conservative,0.6852
Sutton and Cheam,0.0028,0.4644,0.0077,0.0,0.5251,0.0,0.0,0.0,0.0,LibDem,0.5251
Swansea West,0.1896,0.0,0.2829,0.0,0.0006,0.0028,0.0,0.0,0.5241,Plaid,0.5241
Swindon North,0.4158,0.15,0.4342,0.0,0.0,0.0,0.0,0.0,0.0,Reform,0.4342
Swindon South,0.6966,0.0367,0.2661,0.0,0.0,0.0006,0.0,0.0,0.0,Labour,0.6966
Tamworth,0.1718,0.1856,0.6426,0.0,0.0,0.0,0.0,0.0,0.0,Reform,0.6426
Tatton,0.2106,0.6782,0.1111,0.0,0.0,0.0001,0.0,0.0,0.0,Conservative,0.6782
Taunton and Wellington,0.0,0.0129,0.1752,0.0,0.8119,0.0,0.0,0.0,0.0,LibDem,0.8119
Telford,0.4888,0.0115,0.4995,0.0,0.0,0.0002,0.0,0.0,0.0,Reform,0.4995
Tewkesbury,0.0,0.0636,0.2049,0.0,0.7314,0.0001,0.0,0.0,0.0,LibDem,0.7314
The Wrekin,0.1496,0.4838,0.3665,0.0,0.0,0.0001,0.0,0.0,0.0,Conservative,0.4838
Thirsk and Malton,0.0238,0.4776,0.4982,0.0,0.0001,0.0003,0.0,0.0,0.0,Reform,0.4982
Thornbury and Yate,0.0,0.2047,0.2358,0.0,0.5595,0.0,0.0,0.0,0.0,LibDem,0.5595
Thurrock,0.5309,0.0402,0.4287,0.0,0.0,0.0002,0.0,0.0,0.0,Labour,0.5309
Tipton and Wednesbury,0.3877,0.1782,0.434,0.0,0.0,0.0001,0.0,0.0,0.0,Reform,0.434
Tiverton and Minehead,0.0,0.1349,0.3122,0.0,0.5529,0.0,0.0,0.0,0.0,LibDem,0.5529
Tonbridge,0.0053,0.8005,0.159,0.0,0.0,0.0352,0.0,0.0,0.0,Conservative,0.8005
Tooting,0.9321,0.0191,0.0005,0.0,0.0001,0.0482,0.0,0.0,0.0,Labour,0.9321
Torbay,0.0,0.0045,0.4575,0.0,0.538,0.0,0.0,0.0,0.0,LibDem,0.538
Torfaen,0.1231,0.0,0.7255,0.0,0.0,0.0,0.0,0.0,0.1514,Reform,0.7255
Torridge and Tavistock,0.0188,0.1955,0.6968,0.0,0.0889,0.0,0.0,0.0,0.0,Reform,0.6968
Tottenham,0.7774,0.0001,0.0,0.0,0.0,0.2225,0.0,0.0,0.0,Labour,0.7774
Truro and Falmouth,0.5543,0.069,0.3731,0.0,0.0009,0.0027,0.0,0.0,0.0,Labour,0.5543
Tunbridge Wells,0.0002,0.1856,0.043,0.0,0.7711,0.0001,0.0,0.0,0.0,LibDem,0.7711
Twickenham,0.0002,0.0498,0.0003,0.0,0.9458,0.0039,0.0,0.0,0.0,LibDem,0.9458
Tynemouth,0.6571,0.0064,0.3362,0.0,0.0,0.0003,0.0,0.0,0.0,Labour,0.6571
Uxbridge and South Ruislip,0.2824,0.6878,0.0234,0.0,0.0,0.0064,0.0,0.0,0.0,Conservative,0.6878
Vale of Glamorgan,0.1784,0.0059,0.6622,0.0,0.0,0.0,0.0,0.0,0.1535,Reform,0.6622
Vauxhall and Camberwell Green,0.8211,0.0,0.0,0.0,0.0007,0.1782,0.0,0.0,0.0,Labour,0.8211
Wakefield and Rothwell,0.5689,0.0053,0.4257,0.0,0.0,0.0001,0.0,0.0,0.0,Labour,0.5689
Wallasey,0.6244,0.0,0.3747,0.0,0.0,0.0009,0.0,0.0,0.0,Labour,0.6244
Walsall and Bloxwich,0.6114,0.071,0.2018,0.0,0.0,0.0016,0.1142,0.0,0.0,Labour,0.6114
Walthamstow,0.8414,0.0004,0.0,0.0,0.0,0.1582,0.0,0.0,0.0,Labour,0.8414
Warrington North,0.4916,0.0164,0.4918,0.0,0.0,0.0002,0.0,0.0,0.0,Reform,0.4918
Warrington South,0.5811,0.0482,0.3705,0.0,0.0,0.0002,0.0,0.0,0.0,Labour,0.5811
Warwick and Leamington,0.7698,0.1155,0.0806,0.0,0.0,0.0341,0.0,0.0,0.0,Labour,0.7698
Washington and Gateshead South,0.3692,0.0004,0.6302,0.0,0.0,0.0002,0.0,0.0,0.0,Reform,0.6302
Watford,0.4321,0.5473,0.0061,0.0,0.0127,0.0018,0.0,0.0,0.0,Conservative,0.5473
Waveney Valley,0.0,0.0272,0.0866,0.0,0.0,0.8862,0.0,0.0,0.0,Green,0.8862
Weald of Kent,0.0161,0.86,0.1231,0.0,0.0,0.0008,0.0,0.0,0.0,Conservative,0.86
Wellingborough and Rushden,0.4106,0.0973,0.492,0.0,0.0,0.0001,0.0,0.0,0.0,Reform,0.492
Wells and Mendip Hills,0.0,0.0844,0.0855,0.0,0.8301,0.0,0.0,0.0,0.0,LibDem,0.8301
Welwyn Hatfield,0.4155,0.5405,0.0435,0.0,0.0,0.0005,0.0,0.0,0.0,Conservative,0.5405
West Aberdeenshire and Kincardine,0.0,0.5241,0.0125,0.0,0.0021,0.0,0.0,0.4613,0.0,Conservative,0.5241
West Bromwich,0.8306,0.0767,0.0897,0.0,0.0,0.003,0.0,0.0,0.0,Labour,0.8306
West Dorset,0.0,0.0155,0.1399,0.0,0.8445,0.0001,0.0,0.0,0.0,LibDem,0.8445
West Dunbartonshire,0.3132,0.0,0.0353,0.0,0.0,0.0006,0.0,0.6509,0.0,SNP,0.6509
West Ham and Beckton,0.8591,0.0003,0.0001,0.0,0.0,0.0786,0.0619,0.0,0.0,Labour,0.8591
West Lancashire,0.5443,0.0348,0.4119,0.0,0.0,0.009,0.0,0.0,0.0,Labour,0.5443
West Suffolk,0.077,0.485,0.438,0.0,0.0,0.0,0.0,0.0,0.0,Conservative,0.485
West Worcestershire,0.0008,0.5978,0.3074,0.0,0.0927,0.0013,0.0,0.0,0.0,Conservative,0.5978
Westmorland and Lonsdale,0.0,0.0211,0.0879,0.0,0.8906,0.0004,0.0,0.0,0.0,LibDem,0.8906
Weston-super-Mare,0.3203,0.0202,0.6594,0.0,0.0,0.0001,0.0,0.0,0.0,Reform,0.6594
Wetherby and Easingwold,0.0502,0.8623,0.087,0.0,0.0,0.0005,0.0,0.0,0.0,Conservative,0.8623
Whitehaven and Workington,0.3552,0.0049,0.6399,0.0,0.0,0.0,0.0,0.0,0.0,Reform,0.6399
Widnes and Halewood,0.5784,0.0,0.4214,0.0,0.0,0.0002,0.0,0.0,0.0,Labour,0.5784
Wigan,0.4907,0.0001,0.509,0.0001,0.0,0.0,0.0001,0.0,0.0,Reform,0.509
Wimbledon,0.0082,0.307,0.0,0.0,0.6838,0.001,0.0,0.0,0.0,LibDem,0.6838
Winchester,0.0,0.1378,0.0085,0.0,0.8535,0.0002,0.0,0.0,0.0,LibDem,0.8535
Windsor,0.0402,0.8931,0.0089,0.0,0.0568,0.001,0.0,0.0,0.0,Conservative,0.8931
Wirral West,0.611,0.0267,0.3612,0.0,0.0,0.0011,0.0,0.0,0.0,Labour,0.611
Witham,0.0522,0.632,0.3158,0.0,0.0,0.0,0.0,0.0,0.0,Conservative,0.632
Witney,0.0,0.2608,0.0951,0.0,0.6441,0.0,0.0,0.0,0.0,LibDem,0.6441
Woking,0.0,0.2197,0.0027,0.0,0.7776,0.0,0.0,0.0,0.0,LibDem,0.7776
Wokingham,0.0,0.3554,0.0033,0.0,0.6413,0.0,0.0,0.0,0.0,LibDem,0.6413
Wolverhampton North East,0.5255,0.0908,0.3837,0.0,0.0,0.0,0.0,0.0,0.0,Labour,0.5255
Wolverhampton South East,0.8105,0.0174,0.1698,0.0,0.0,0.0023,0.0,0.0,0.0,Labour,0.8105
Wolverhampton West,0.7438,0.2255,0.0257,0.0,0.0,0.005,0.0,0.0,0.0,Labour,0.7438
Worcester,0.4946,0.0184,0.4805,0.0,0.0,0.0065,0.0,0.0,0.0,Labour,0.4946
Worsley and Eccles,0.6547,0.0153,0.3283,0.0,0.0,0.0017,0.0,0.0,0.0,Labour,0.6547
Worthing West,0.414,0.1001,0.4855,0.0,0.0,0.0004,0.0,0.0,0.0,Reform,0.4855
Wrexham,0.133,0.0001,0.6527,0.0,0.0,0.0,0.0,0.0,0.2142,Reform,0.6527
Wycombe,0.6243,0.3419,0.0276,0.0,0.0,0.0021,0.0041,0.0,0.0,Labour,0.6243
Wyre Forest,0.119,0.1048,0.7762,0.0,0.0,0.0,0.0,0.0,0.0,Reform,0.7762
Wythenshawe and Sale East,0.7863,0.0032,0.2007,0.0,0.0,0.0098,0.0,0.0,0.0,Labour,0.7863
Yeovil,0.0,0.005,0.2278,0.0,0.7672,0.0,0.0,0.0,0.0,LibDem,0.7672
Ynys Môn,0.0014,0.0,0.2832,0.0,0.0,0.0,0.0,0.0,0.7154,Plaid,0.7154
York Central,0.6496,0.0,0.1028,0.0,0.0,0.2476,0.0,0.0,0.0,Labour,0.6496
York Outer,0.4636,0.1853,0.351,0.0,0.0,0.0001,0.0,0.0,0.0,Labour,0.4636
