Seat,Tribe,Labour,Conservative,Reform,LibDem,Green,Oth,Plaid
Aberafan Maesteg,Muslim,0.0,0.0,0.0,0.0,0.8112341000000001,0.0,0.0
Aberafan Maesteg,Left,0.0,0.0,0.0,0.0,0.0,0.0,8.971083262359567
Aberafan Maesteg,Progressives,4.838531922838293,0.0,0.0,0.0,0.0,0.0,0.0
Aberafan Maesteg,Average,35.01611766689004,0.0,0.0,0.0,0.0,0.0,0.0
Aberafan Maesteg,Liberal,8.684432127099662,0.0,0.0,2.6,0.0,2.2,0.0
Aberafan Maesteg,Blues,0.0,0.312196,0.0,0.0,0.0,0.0,0.0
Aberafan Maesteg,Reforms,1.3609182831720048,7.7878039999999995,20.9,0.0,2.2887659,0.0,4.228916737640432
Alyn and Deeside,Muslim,0.0,0.0,0.0,0.0,0.5525457,0.0,0.0
Alyn and Deeside,Left,3.5011195482865904,0.0,0.0,0.0,0.0,0.0,4.5
Alyn and Deeside,Progressives,5.178733031088497,0.0,0.0,0.0,0.0,0.0,0.0
Alyn and Deeside,Average,33.72014742062491,0.0,0.0,0.0,0.44332028931705736,0.0,0.0
Alyn and Deeside,Liberal,0.0,9.824345631148294,0.0,4.8,3.404134010682943,3.6,0.0
Alyn and Deeside,Blues,0.0,0.292879,0.0,0.0,0.0,0.0,0.0
Alyn and Deeside,Reforms,0.0,8.082775368851706,22.1,0.0,0.0,0.0,0.0
Bangor Aberconwy,Muslim,0.0,0.0,0.0,0.0,1.3168733,0.0,0.0
Bangor Aberconwy,Left,0.0,0.0,0.0,0.0,0.0,0.0,12.33249473738251
Bangor Aberconwy,Progressives,7.875407651078995,0.0,0.0,0.0,0.0,0.0,0.0
Bangor Aberconwy,Average,25.724592348921007,0.0,0.0,0.0,1.9831267,0.0,9.56750526261749
Bangor Aberconwy,Liberal,0.0,11.069829450255494,0.0,3.7,0.0,1.3,0.0
Bangor Aberconwy,Blues,0.0,0.3533608,0.0,0.0,0.0,0.0,0.0
Bangor Aberconwy,Reforms,0.0,8.949377892710304,14.6,0.0,0.0,0.0,0.0
Blaenau Gwent and Rhymney,Muslim,0.0,0.0,0.0,0.0,0.403606,0.0,0.0
Blaenau Gwent and Rhymney,Left,0.0,0.0,0.0,0.0,0.0,0.0,8.610354936655826
Blaenau Gwent and Rhymney,Progressives,4.625082539238744,0.0,0.0,0.0,0.0,0.0,0.0
Blaenau Gwent and Rhymney,Average,34.737813220904,0.0,0.0,0.0,0.0,0.0,0.0
Blaenau Gwent and Rhymney,Liberal,0.0,0.0,0.0,4.2,0.0,8.04236165939378,0.0
Blaenau Gwent and Rhymney,Blues,0.0,0.1302553,0.0,0.0,0.0,0.0,0.0
Blaenau Gwent and Rhymney,Reforms,14.237104239857253,12.4697447,0.0,0.0,5.296394,2.95763834060622,4.189645063344175
"Brecon, Radnor and Cwm Tawe",Muslim,0.0,0.0,0.0,0.0,0.3193708,0.0,0.0
"Brecon, Radnor and Cwm Tawe",Left,1.799832863261246,0.0,0.0,0.0,0.0,0.0,4.9
"Brecon, Radnor and Cwm Tawe",Progressives,6.260187223343498,0.0,0.0,0.0,0.0,0.0,0.0
"Brecon, Radnor and Cwm Tawe",Average,13.239979913395258,0.0,0.0,11.036481905007626,2.2806292,1.3,0.0
"Brecon, Radnor and Cwm Tawe",Liberal,0.0,0.0,0.0,18.463518094992374,0.0,0.0,0.0
"Brecon, Radnor and Cwm Tawe",Blues,0.0,0.3660942,0.0,0.0,0.0,0.0,0.0
"Brecon, Radnor and Cwm Tawe",Reforms,0.0,12.12721982769744,14.1,0.0,0.0,0.0,0.0
Bridgend,Muslim,0.0,0.0,0.0,0.0,0.6690934,0.0,0.0
Bridgend,Left,0.0,0.0,0.0,0.0,0.0,0.0,7.702869347436401
Bridgend,Progressives,6.211243978633397,0.0,0.0,0.0,0.0,0.0,0.0
Bridgend,Average,33.6887560213666,0.0,0.0,0.0,2.771558303810693,0.0,1.0971306525635995
Bridgend,Liberal,0.0,8.322427645408318,0.0,3.5,0.8593482961893049,8.1,0.0
Bridgend,Blues,0.0,0.2745759,0.0,0.0,0.0,0.0,0.0
Bridgend,Reforms,0.0,7.702996454591684,19.1,0.0,0.0,0.0,0.0
Caerfyrddin,Muslim,0.0,0.0,0.0,0.0,0.6041491,0.0,0.0
Caerfyrddin,Left,0.0,0.0,0.0,0.0,0.0,0.0,7.598378738905128
Caerfyrddin,Progressives,5.757496641653428,0.0,0.0,0.0,0.0,0.0,0.0
Caerfyrddin,Average,18.342503358346573,0.0,0.0,0.0,0.0,0.0,25.86661123438275
Caerfyrddin,Liberal,0.0,8.255052056046225,0.0,3.2,2.3958509,1.1,0.5350100267121158
Caerfyrddin,Blues,0.0,0.3196555,0.0,0.0,0.0,0.0,0.0
Caerfyrddin,Reforms,0.0,10.825292443953774,15.2,0.0,0.0,0.0,0.0
Caerphilly,Muslim,0.0,0.0,0.0,0.0,0.3444948,0.0,0.0
Caerphilly,Left,0.0,0.0,0.0,0.0,0.0,0.0,8.757278279926833
Caerphilly,Progressives,4.845953972027991,0.0,0.0,0.0,0.0,0.0,0.0
Caerphilly,Average,33.15404602797201,0.0,0.0,0.0,0.0,0.0,3.2942755203354253
Caerphilly,Liberal,0.0,1.208808535360145,0.0,4.7,3.9555051999999997,0.0,9.14844619973774
Caerphilly,Blues,0.0,0.2220227,0.0,0.0,0.0,0.0,0.0
Caerphilly,Reforms,0.0,10.069168764639855,20.3,0.0,0.0,0.0,0.0
Cardiff East,Muslim,0.0,0.0,0.0,0.0,9.7844604,0.0,0.0
Cardiff East,Left,9.45746070851146,0.0,0.0,0.0,0.0,0.0,9.1
Cardiff East,Progressives,15.841478889760022,0.0,0.0,0.0,0.0,0.0,0.0
Cardiff East,Average,15.201060401728517,0.0,0.0,0.0,0.2155395999999996,0.1586125087960255,0.0
Cardiff East,Liberal,0.0,0.0,0.0,17.2,0.0,0.3413874912039745,0.0
Cardiff East,Blues,0.0,1.6619139,0.0,0.0,0.0,0.0,0.0
Cardiff East,Reforms,0.0,4.300882770745236,12.7,0.0,0.0,0.0,0.0
Cardiff North,Muslim,0.0,0.0,0.0,0.0,4.1398628,0.0,0.0
Cardiff North,Left,3.429023907415779,0.0,0.0,0.0,0.0,0.0,9.8
Cardiff North,Progressives,9.974027519346556,0.0,0.0,0.0,0.0,0.0,0.0
Cardiff North,Average,30.496948573237663,0.0,0.0,0.0,2.5601372,0.0,0.0
Cardiff North,Liberal,0.0,15.062585047698601,0.0,6.7,0.0,0.0,0.0
Cardiff North,Blues,0.0,1.3206663,0.0,0.0,0.0,0.0,0.0
Cardiff North,Reforms,0.0,2.275097285505616,12.6,0.0,0.0,0.0,0.0
Cardiff South and Penarth,Muslim,0.0,0.0,0.0,0.0,12.0686092,0.0,0.0
Cardiff South and Penarth,Left,17.91222487630085,0.0,0.0,0.0,0.0,0.0,8.2
Cardiff South and Penarth,Progressives,20.01225946949759,0.0,0.0,0.0,0.0,0.0,0.0
Cardiff South and Penarth,Average,6.57551565420156,0.0,0.0,0.0,2.431390800000001,0.0,0.0
Cardiff South and Penarth,Liberal,0.0,7.387516690486855,0.0,7.4,0.0,0.0,0.0
Cardiff South and Penarth,Blues,0.0,2.1219636,0.0,0.0,0.0,0.0,0.0
Cardiff South and Penarth,Reforms,0.0,1.3217388265795638,11.5,0.0,0.0,0.0,0.0
Cardiff West,Muslim,0.0,0.0,0.0,0.0,6.6649757,0.0,0.0
Cardiff West,Left,0.0,0.0,0.0,0.0,0.0,0.0,10.388945142652933
Cardiff West,Progressives,12.529949161260348,0.0,0.0,0.0,0.0,0.0,0.0
Cardiff West,Average,24.170050838739655,0.0,0.0,0.0,0.0,0.0,3.3978162288786677
Cardiff West,Liberal,0.0,7.786331585135921,0.0,4.3,0.43502429999999936,3.0,7.213238628468408
Cardiff West,Blues,0.0,1.1238366000000002,0.0,0.0,0.0,0.0,0.0
Cardiff West,Reforms,0.0,6.389831814864079,12.6,0.0,0.0,0.0,0.0
Ceredigion Preseli,Muslim,0.0,0.0,0.0,0.0,0.5947496,0.0,0.0
Ceredigion Preseli,Left,0.0,0.0,0.0,0.0,0.0,0.0,13.40909090909082
Ceredigion Preseli,Progressives,7.0623577327473805,0.0,0.0,0.0,0.0,0.0,0.0
Ceredigion Preseli,Average,4.537642267252619,0.0,0.0,0.0,1.5121199092634825,0.0,33.49090909090918
Ceredigion Preseli,Liberal,0.0,0.0068809683754711415,0.0,15.0,1.8931304907365174,0.5,0.0
Ceredigion Preseli,Blues,0.0,0.2760887999999999,0.0,0.0,0.0,0.0,0.0
Ceredigion Preseli,Reforms,0.0,10.01703023162453,11.6,0.0,0.0,0.0,0.0
Clwyd East,Muslim,0.0,0.0,0.0,0.0,0.4504973,0.0,0.0
Clwyd East,Left,0.0,0.0,0.0,0.0,0.0,0.0,7.36088446991258
Clwyd East,Progressives,5.923260189078185,0.0,0.0,0.0,0.0,0.0,0.0
Clwyd East,Average,32.77673981092182,0.0,0.0,0.0,3.0495027,0.0,0.43911553008741944
Clwyd East,Liberal,0.0,17.43037485095589,0.0,3.9,0.0,1.3,0.0
Clwyd East,Blues,0.0,0.2070827,0.0,0.0,0.0,0.0,0.0
Clwyd East,Reforms,0.0,10.566949457448045,15.9,0.0,0.0,0.0,0.0
Clwyd North,Muslim,0.0,0.0,0.0,0.0,0.9541908,0.0,0.0
Clwyd North,Left,0.2642017798318381,0.0,0.0,0.0,0.0,0.0,7.6
Clwyd North,Progressives,7.4607637168189695,0.0,0.0,0.0,0.0,0.0,0.0
Clwyd North,Average,27.77503450334919,0.0,0.0,0.0,2.3458091999999997,0.0,0.0
Clwyd North,Liberal,0.0,9.384935259404047,0.0,4.0,0.0,0.0,0.0
Clwyd North,Blues,0.0,0.3410573999999999,0.0,0.0,0.0,0.0,0.0
Clwyd North,Reforms,0.0,12.38180424317137,16.8,0.0,0.0,0.0,0.0
Dwyfor Meirionnydd,Muslim,0.0,0.0,0.0,0.0,0.3143522,0.0,0.0
Dwyfor Meirionnydd,Left,0.0,0.0,0.0,0.0,0.0,0.0,7.912492073557378
Dwyfor Meirionnydd,Progressives,5.908556669086515,0.0,0.0,0.0,0.0,0.0,0.0
Dwyfor Meirionnydd,Average,8.691443330913485,0.0,0.0,0.0,0.0,0.0,31.046336527035834
Dwyfor Meirionnydd,Liberal,0.0,0.0,0.0,3.4,3.2856478,0.7,10.960544935494251
Dwyfor Meirionnydd,Blues,0.0,0.128,0.0,0.0,0.0,0.0,0.0
Dwyfor Meirionnydd,Reforms,0.0,11.572,12.0,0.0,0.0,0.0,3.9806264639125324
Gower,Muslim,0.0,0.0,0.0,0.0,1.246559,0.0,0.0
Gower,Left,0.3122677273009522,0.0,0.0,0.0,0.0,0.0,8.3
Gower,Progressives,5.978873967334747,0.0,0.0,0.0,0.0,0.0,0.0
Gower,Average,35.52194092093072,0.0,0.0,0.0,0.0,0.0,0.0
Gower,Liberal,1.5869173844335762,14.240037981351936,0.0,5.5,3.9534410000000015,0.6,0.0
Gower,Blues,0.0,0.3075222,0.0,0.0,0.0,0.0,0.0
Gower,Reforms,0.0,4.352439818648062,18.1,0.0,0.0,0.0,0.0
Llanelli,Muslim,0.0,0.0,0.0,0.0,0.4869854,0.0,0.0
Llanelli,Left,0.0,0.0,0.0,0.0,0.0,0.0,8.167646173379218
Llanelli,Progressives,5.299816709316447,0.0,0.0,0.0,0.0,0.0,0.0
Llanelli,Average,26.00018329068355,0.0,0.0,0.0,0.0,0.0,11.721930958364815
Llanelli,Liberal,0.0,7.296714674070376,0.0,3.1,2.2130146,1.5,3.410422868255959
Llanelli,Blues,0.0,0.2371384999999999,0.0,0.0,0.0,0.0,0.0
Llanelli,Reforms,0.0,2.9661468259296235,27.6,0.0,0.0,0.0,0.0
Merthyr Tydfil and Aberdare,Muslim,0.0,0.0,0.0,0.0,0.4686308,0.0,0.0
Merthyr Tydfil and Aberdare,Left,0.0,0.0,0.0,0.0,0.0,0.0,8.769835785453113
Merthyr Tydfil and Aberdare,Progressives,5.334046659100056,0.0,0.0,0.0,0.0,0.0,0.0
Merthyr Tydfil and Aberdare,Average,37.41207338941177,0.0,0.0,0.0,0.0,0.0,0.0
Merthyr Tydfil and Aberdare,Liberal,2.0538799514881703,0.0,0.0,3.6,3.0313692,3.2,2.151904941959791
Merthyr Tydfil and Aberdare,Blues,0.0,0.1947251,0.0,0.0,0.0,0.0,0.0
Merthyr Tydfil and Aberdare,Reforms,0.0,7.405274899999999,23.7,0.0,0.0,0.0,2.578259272587096
Mid and South Pembrokeshire,Muslim,0.0,0.0,0.0,0.0,0.535564,0.0,0.0
Mid and South Pembrokeshire,Left,1.282364909341152,0.0,0.0,0.0,0.0,0.0,6.4
Mid and South Pembrokeshire,Progressives,5.997361658001462,0.0,0.0,0.0,0.0,0.0,0.0
Mid and South Pembrokeshire,Average,28.120273432657385,0.0,0.0,0.0,2.964436,0.0,0.0
Mid and South Pembrokeshire,Liberal,0.0,9.852553643998904,0.0,5.1,0.0,1.5,0.0
Mid and South Pembrokeshire,Blues,0.0,0.1920933,0.0,0.0,0.0,0.0,0.0
Mid and South Pembrokeshire,Reforms,0.0,12.89910474574577,16.8,0.0,0.0,0.0,0.0
Monmouthshire,Muslim,0.0,0.0,0.0,0.0,0.4679482,0.0,0.0
Monmouthshire,Left,3.9639613601037826,0.0,0.0,0.0,0.0,0.0,2.5
Monmouthshire,Progressives,6.795617705570046,0.0,0.0,0.0,0.0,0.0,0.0
Monmouthshire,Average,30.54042093432617,0.0,0.0,0.0,4.132051799999999,0.0,0.0
Monmouthshire,Liberal,0.0,20.650809705488268,0.0,4.5,0.0,1.6,0.0
Monmouthshire,Blues,0.0,0.3044516,0.0,0.0,0.0,0.0,0.0
Monmouthshire,Reforms,0.0,11.99001974461379,10.7,0.0,0.0,0.0,0.0
Montgomeryshire and Glyndwr,Muslim,0.0,0.0,0.0,0.0,0.4376726,0.0,0.0
Montgomeryshire and Glyndwr,Left,0.0,0.0,0.0,0.0,0.0,0.0,7.77933185627111
Montgomeryshire and Glyndwr,Progressives,6.045846006806569,0.0,0.0,0.0,0.0,0.0,0.0
Montgomeryshire and Glyndwr,Average,23.354153993193428,0.0,0.0,0.0,3.5623274,0.0,5.32066814372889
Montgomeryshire and Glyndwr,Liberal,0.0,3.4013810542144185,0.0,15.0,0.0,0.0,0.0
Montgomeryshire and Glyndwr,Blues,0.0,0.1247,0.0,0.0,0.0,0.0,0.0
Montgomeryshire and Glyndwr,Reforms,0.0,8.955542742610177,20.6,0.0,0.0,0.0,0.0
Neath and Swansea East,Muslim,0.0,0.0,0.0,0.0,1.0158048,0.0,0.0
Neath and Swansea East,Left,0.0,0.0,0.0,0.0,0.0,0.0,12.02768789080556
Neath and Swansea East,Progressives,6.029665856652963,0.0,0.0,0.0,0.0,0.0,0.0
Neath and Swansea East,Average,32.84146871513937,0.0,0.0,0.0,0.0,0.0,0.0
Neath and Swansea East,Liberal,2.928865428207665,4.243050750575923,0.0,5.8,3.2841952,0.0,1.2723121091944414
Neath and Swansea East,Blues,0.0,0.3365637999999999,0.0,0.0,0.0,0.0,0.0
Neath and Swansea East,Reforms,0.0,4.8203854494240765,25.3,0.0,0.0,0.0,0.0
Newport East,Muslim,0.0,3.3514193999999993,0.0,0.0,5.4,0.0,0.0
Newport East,Left,3.6328735810743327,0.0,0.0,0.0,0.0,0.0,5.8
Newport East,Progressives,10.208259829680449,0.0,0.0,0.0,0.0,0.0,0.0
Newport East,Average,28.658866589245218,0.0,0.0,0.0,0.0,0.0,0.0
Newport East,Liberal,0.0,5.828597376255626,0.0,5.3,0.0,5.0,0.0
Newport East,Blues,0.0,0.4432995,0.0,0.0,0.0,0.0,0.0
Newport East,Reforms,0.0,6.7709015494428115,19.1,0.0,0.0,0.0,0.0
Newport West and Islwyn,Muslim,0.0,0.0,0.0,0.0,1.7856264,0.0,0.0
Newport West and Islwyn,Left,0.0,0.0,0.0,0.0,0.0,0.0,8.353552434869972
Newport West and Islwyn,Progressives,6.354426205045829,0.0,0.0,0.0,0.0,0.0,0.0
Newport West and Islwyn,Average,35.145573794954174,0.0,0.0,0.0,0.2724885174978571,0.0,0.04644756513002868
Newport West and Islwyn,Liberal,0.0,8.76819140676394,0.0,5.0,2.8418850825021487,3.8,0.0
Newport West and Islwyn,Blues,0.0,0.4351032,0.0,0.0,0.0,0.0,0.0
Newport West and Islwyn,Reforms,0.0,6.79670539323606,20.4,0.0,0.0,0.0,0.0
Pontypridd,Muslim,0.0,0.0,0.0,0.0,0.7926179999999999,0.0,0.0
Pontypridd,Left,0.0,0.0,0.0,0.0,0.0,0.0,10.535626770580569
Pontypridd,Progressives,6.562186082936121,0.0,0.0,0.0,0.0,0.0,0.0
Pontypridd,Average,34.63781391706388,0.0,0.0,0.0,1.0164688325574183,0.0,2.8643732294194315
Pontypridd,Liberal,0.0,0.8064400286489306,0.0,4.1,2.890913167442582,7.1,0.0
Pontypridd,Blues,0.0,0.3105653,0.0,0.0,0.0,0.0,0.0
Pontypridd,Reforms,0.0,8.482994671351069,19.9,0.0,0.0,0.0,0.0
Rhondda and Ogmore,Muslim,0.0,0.0,0.0,0.0,0.3837429,0.0,0.0
Rhondda and Ogmore,Left,0.0,0.0,0.0,0.0,0.0,0.0,9.466121640034675
Rhondda and Ogmore,Progressives,5.216110600383967,0.0,0.0,0.0,0.0,0.0,0.0
Rhondda and Ogmore,Average,36.76754291459913,0.0,0.0,0.0,0.0,0.0,0.0
Rhondda and Ogmore,Liberal,5.8163464850168936,0.0,0.0,2.6,2.447533401725843,0.0,0.0
Rhondda and Ogmore,Blues,0.0,0.1739049,0.0,0.0,0.0,0.0,0.0
Rhondda and Ogmore,Reforms,0.0,5.5260951,26.1,0.0,0.4687236982741565,0.0,5.033878359965325
Swansea West,Muslim,0.0,0.0,0.0,0.0,5.6024794,0.0,0.0
Swansea West,Left,7.216700148484541,0.0,0.0,0.0,0.0,0.0,11.5
Swansea West,Progressives,10.77866459236215,0.0,0.0,0.0,0.0,0.0,0.0
Swansea West,Average,23.40463525915331,0.0,0.0,3.2260175332991867,0.8975206,0.9,0.0
Swansea West,Liberal,0.0,0.0,0.0,8.973982466700813,0.0,0.0,0.0
Swansea West,Blues,0.0,0.6829746999999999,0.0,0.0,0.0,0.0,0.0
Swansea West,Reforms,0.0,5.903627345734289,17.5,0.0,0.0,0.0,0.0
Torfaen,Muslim,0.0,0.0,0.0,0.0,0.3934021,0.0,0.0
Torfaen,Left,1.3758265292463987,0.0,0.0,0.0,0.0,0.0,7.2
Torfaen,Progressives,4.529361374284807,0.0,0.0,0.0,0.0,0.0,0.0
Torfaen,Average,36.5948120964688,0.0,0.0,0.0,1.0127143226512558,0.0,0.0
Torfaen,Liberal,0.0,5.210388700137591,0.0,4.6,3.2938835773487387,2.9,0.0
Torfaen,Blues,0.0,0.2893893999999999,0.0,0.0,0.0,0.0,0.0
Torfaen,Reforms,0.0,10.600221899862412,22.0,0.0,0.0,0.0,0.0
Vale of Glamorgan,Muslim,0.0,0.0,0.0,0.0,0.8284864,0.0,0.0
Vale of Glamorgan,Left,0.9616164620976022,0.0,0.0,0.0,0.0,0.0,7.1
Vale of Glamorgan,Progressives,7.231861497250132,0.0,0.0,0.0,0.0,0.0,0.0
Vale of Glamorgan,Average,30.506522040652268,0.0,0.0,0.0,3.2715135999999996,0.0,0.0
Vale of Glamorgan,Liberal,0.0,17.4687419621999,0.0,3.5,0.0,1.9,0.0
Vale of Glamorgan,Blues,0.0,0.3231309,0.0,0.0,0.0,0.0,0.0
Vale of Glamorgan,Reforms,0.0,8.781817490965441,15.2,0.0,0.0,0.0,0.0
Wrexham,Muslim,0.0,0.0,0.0,0.0,1.3352846,0.0,0.0
Wrexham,Left,0.0,0.0,0.0,0.0,0.0,0.0,8.856942410181285
Wrexham,Progressives,6.984040319215481,0.0,0.0,0.0,0.0,0.0,0.0
Wrexham,Average,32.21595968078452,0.0,0.0,0.0,1.9647153999999998,0.0,1.3430575898187147
Wrexham,Liberal,0.0,10.536947282164851,0.0,4.4,0.0,1.2,0.0
Wrexham,Blues,0.0,0.3371392,0.0,0.0,0.0,0.0,0.0
Wrexham,Reforms,0.0,11.71150430053045,17.1,0.0,0.0,0.0,0.0
Ynys Môn,Muslim,0.0,0.0,0.0,0.0,0.4761974,0.0,0.0
Ynys Môn,Left,0.0,0.0,0.0,0.0,0.0,0.0,7.092754139220203
Ynys Môn,Progressives,5.944303107841508,0.0,0.0,0.0,0.0,0.0,0.0
Ynys Môn,Average,17.455696892158493,0.0,0.0,0.0,0.0,0.0,22.139749114445415
Ynys Môn,Liberal,0.0,12.508789293627657,0.0,1.3,1.4238026,0.6,3.167496746334381
Ynys Môn,Blues,0.0,0.1336,0.0,0.0,0.0,0.0,0.0
Ynys Môn,Reforms,0.0,17.85761070637234,9.9,0.0,0.0,0.0,0.0
